Date,Low,Open,Volume,High,Close,Adjusted Close
27-10-1981,3.8079309463500977,0.0,3155664,3.885014057159424,3.8541810512542725,1.5025783777236938
28-10-1981,3.838763952255249,0.0,1704318,3.885014057159424,3.8541810512542725,1.5025783777236938
29-10-1981,3.8233470916748047,0.0,1115672,3.8541810512542725,3.8233470916748047,1.4905568361282349
30-10-1981,3.8079309463500977,0.0,903240,3.8773059844970703,3.8773059844970703,1.511592984199524
02-11-1981,3.9929308891296387,0.0,2832963,4.039181232452393,4.0237650871276855,1.5686917304992676
03-11-1981,4.008347988128662,0.0,2124317,4.062306880950928,4.046889781951904,1.5777071714401245
04-11-1981,3.9929308891296387,0.0,762159,4.062306880950928,4.000639915466309,1.5596768856048584
05-11-1981,3.946681022644043,0.0,1289184,4.008347988128662,3.946681022644043,1.5386390686035156
06-11-1981,3.8541810512542725,0.0,5863762,3.9158480167388916,3.869597911834717,1.5085878372192383
09-11-1981,3.869597911834717,0.0,1382427,3.9620978832244873,3.9312639236450195,1.5326296091079712
10-11-1981,3.9312639236450195,0.0,1997831,3.9929308891296387,3.9620978832244873,1.5446507930755615
11-11-1981,3.9312639236450195,0.0,476755,3.9775149822235107,3.9775149822235107,1.550660252571106
12-11-1981,3.946681022644043,0.0,844862,3.9929308891296387,3.9620978832244873,1.5446507930755615
13-11-1981,3.9158480167388916,0.0,869997,3.9620978832244873,3.9158480167388916,1.5266191959381104
16-11-1981,3.8233470916748047,0.0,1513778,3.9158480167388916,3.9158480167388916,1.5266191959381104
17-11-1981,3.946681022644043,0.0,895132,4.054597854614258,4.039181232452393,1.574702262878418
18-11-1981,4.070014953613281,0.0,1568913,4.162515163421631,4.070014953613281,1.5867223739624023
19-11-1981,4.070014953613281,0.0,848105,4.116264820098877,4.100848197937012,1.5987424850463867
20-11-1981,4.070014953613281,0.0,717565,4.1316819190979,4.085432052612305,1.5927324295043945
23-11-1981,3.885014057159424,0.0,3297555,4.100848197937012,3.946681022644043,1.5386390686035156
24-11-1981,3.869597911834717,0.0,5314845,3.9312639236450195,3.900430917739868,1.5206083059310913
25-11-1981,3.946681022644043,0.0,1529994,4.054597854614258,4.008347988128662,1.5626814365386963
27-11-1981,4.008347988128662,0.0,346215,4.085432052612305,4.085432052612305,1.5927324295043945
30-11-1981,4.054597854614258,0.0,1332968,4.085432052612305,4.070014953613281,1.5867223739624023
01-12-1981,4.039181232452393,0.0,317026,4.070014953613281,4.070014953613281,1.5867223739624023
02-12-1981,4.0237650871276855,0.0,531890,4.085432052612305,4.054597854614258,1.5807123184204102
03-12-1981,4.0237650871276855,0.0,778376,4.070014953613281,4.070014953613281,1.5867223739624023
04-12-1981,4.070014953613281,0.0,449998,4.1316819190979,4.100848197937012,1.5987424850463867
07-12-1981,4.008347988128662,0.0,1395400,4.085432052612305,4.0237650871276855,1.5686917304992676
08-12-1981,3.9158480167388916,0.0,846483,4.008347988128662,3.9775149822235107,1.550660252571106
09-12-1981,3.946681022644043,0.0,442701,4.070014953613281,4.070014953613281,1.5867223739624023
10-12-1981,4.0237650871276855,0.0,587025,4.070014953613281,4.039181232452393,1.574702262878418
11-12-1981,3.9929308891296387,0.0,388377,4.054597854614258,4.0237650871276855,1.5686917304992676
14-12-1981,3.9158480167388916,0.0,421620,3.9620978832244873,3.9158480167388916,1.5266191959381104
15-12-1981,3.885014057159424,0.0,968105,3.946681022644043,3.9158480167388916,1.5266191959381104
16-12-1981,3.9158480167388916,0.0,247296,3.9620978832244873,3.9158480167388916,1.5266191959381104
17-12-1981,3.900430917739868,0.0,814051,3.946681022644043,3.946681022644043,1.5386390686035156
18-12-1981,3.946681022644043,0.0,834321,4.116264820098877,4.054597854614258,1.5807123184204102
21-12-1981,3.9312639236450195,0.0,530268,4.070014953613281,3.946681022644043,1.5386390686035156
22-12-1981,3.9620978832244873,0.0,912159,4.039181232452393,3.9929308891296387,1.5566701889038086
23-12-1981,4.008347988128662,0.0,1238914,4.039181232452393,4.0237650871276855,1.5686917304992676
24-12-1981,3.946681022644043,0.0,121621,4.039181232452393,3.9775149822235107,1.550660252571106
28-12-1981,4.008347988128662,0.0,501079,4.039181232452393,4.008347988128662,1.5626814365386963
29-12-1981,4.008347988128662,0.0,247296,4.054597854614258,4.039181232452393,1.574702262878418
30-12-1981,4.008347988128662,0.0,261080,4.085432052612305,4.054597854614258,1.5807123184204102
31-12-1981,4.085432052612305,4.108557224273682,193783,4.1316819190979,4.1316819190979,1.6107631921768188
04-01-1982,4.147099018096924,4.208765029907227,901618,4.255015850067139,4.22418212890625,1.6468250751495361
05-01-1982,4.070014953613281,4.1316819190979,993240,4.1933488845825195,4.070014953613281,1.5867223739624023
06-01-1982,3.9312639236450195,3.9929308891296387,871618,4.039181232452393,3.9775149822235107,1.550660252571106
07-01-1982,3.9620978832244873,4.039181232452393,746754,4.116264820098877,4.116264820098877,1.604752779006958
08-01-1982,4.085432052612305,4.162515163421631,1457832,4.22418212890625,4.100848197937012,1.5987424850463867
11-01-1982,3.9158480167388916,4.0237650871276855,527836,4.1316819190979,3.9312639236450195,1.5326296091079712
12-01-1982,3.9312639236450195,3.9929308891296387,564322,4.039181232452393,4.039181232452393,1.574702262878418
13-01-1982,3.9620978832244873,4.039181232452393,811619,4.100848197937012,3.9620978832244873,1.5446507930755615
14-01-1982,3.9312639236450195,4.0237650871276855,1208104,4.116264820098877,4.054597854614258,1.5807123184204102
15-01-1982,4.054597854614258,4.116264820098877,680268,4.162515163421631,4.116264820098877,1.604752779006958
18-01-1982,4.054597854614258,4.1316819190979,398107,4.208765029907227,4.208765029907227,1.6408159732818604
19-01-1982,4.100848197937012,4.177931785583496,780808,4.239599227905273,4.100848197937012,1.5987424850463867
20-01-1982,4.0237650871276855,4.085432052612305,1374319,4.1316819190979,4.116264820098877,1.604752779006958
21-01-1982,4.085432052612305,4.1316819190979,504322,4.177931785583496,4.116264820098877,1.604752779006958
22-01-1982,4.100848197937012,4.1316819190979,632430,4.162515163421631,4.147099018096924,1.6167737245559692
25-01-1982,4.054597854614258,4.100848197937012,1151347,4.147099018096924,4.147099018096924,1.6167737245559692
26-01-1982,4.116264820098877,4.162515163421631,1926479,4.208765029907227,4.1316819190979,1.6107631921768188
27-01-1982,4.147099018096924,4.1933488845825195,1277833,4.239599227905273,4.162515163421631,1.6227848529815674
28-01-1982,4.162515163421631,4.270431995391846,3531068,4.3783488273620605,4.316682815551758,1.682887315750122
29-01-1982,4.332098960876465,4.393765926361084,3258637,4.455432891845703,4.44001579284668,1.7309693098068237
01-02-1982,4.301266193389893,4.347516059875488,899186,4.393765926361084,4.316682815551758,1.682887315750122
02-02-1982,4.239599227905273,4.270431995391846,1403508,4.301266193389893,4.270431995391846,1.66485595703125
03-02-1982,4.100848197937012,4.1933488845825195,1330536,4.270431995391846,4.100848197937012,1.5987424850463867
04-02-1982,4.1316819190979,4.162515163421631,1216212,4.1933488845825195,4.1933488845825195,1.6348048448562622
05-02-1982,4.1933488845825195,4.301266193389893,1748102,4.409183025360107,4.362933158874512,1.700918197631836
08-02-1982,4.22418212890625,4.285849094390869,1346752,4.347516059875488,4.255015850067139,1.6588475704193115
09-02-1982,4.116264820098877,4.177931785583496,1760264,4.22418212890625,4.1316819190979,1.6107631921768188
10-02-1982,4.116264820098877,4.177931785583496,1189455,4.239599227905273,4.239599227905273,1.6528362035751343
11-02-1982,4.177931785583496,4.22418212890625,1119726,4.270431995391846,4.22418212890625,1.6468250751495361
12-02-1982,4.255015850067139,4.285849094390869,3008097,4.301266193389893,4.301266193389893,1.676877737045288
16-02-1982,4.22418212890625,4.301266193389893,2336748,4.362933158874512,4.347516059875488,1.6949068307876587
17-02-1982,4.347516059875488,4.424600124359131,2313235,4.501683235168457,4.44001579284668,1.7309693098068237
18-02-1982,4.44001579284668,4.486266136169434,1360536,4.532516956329346,4.470849990844727,1.7429901361465454
19-02-1982,4.332098960876465,4.393765926361084,2477829,4.455432891845703,4.3783488273620605,1.7069283723831177
22-02-1982,4.270431995391846,4.362933158874512,1450535,4.455432891845703,4.285849094390869,1.67086660861969
23-02-1982,4.22418212890625,4.255015850067139,2889719,4.285849094390869,4.255015850067139,1.6588475704193115
24-02-1982,4.177931785583496,4.239599227905273,882159,4.285849094390869,4.285849094390869,1.67086660861969
25-02-1982,4.285849094390869,4.332098960876465,3099718,4.3783488273620605,4.316682815551758,1.682887315750122
26-02-1982,4.301266193389893,4.332098960876465,347837,4.362933158874512,4.316682815551758,1.682887315750122
01-03-1982,4.255015850067139,4.301266193389893,372972,4.332098960876465,4.285849094390869,1.67086660861969
02-03-1982,4.270431995391846,4.301266193389893,822159,4.332098960876465,4.270431995391846,1.66485595703125
03-03-1982,4.239599227905273,4.301266193389893,1019185,4.347516059875488,4.285849094390869,1.67086660861969
04-03-1982,4.162515163421631,4.22418212890625,2960259,4.285849094390869,4.239599227905273,1.6528362035751343
05-03-1982,4.116264820098877,4.162515163421631,1885128,4.1933488845825195,4.1316819190979,1.6107631921768188
08-03-1982,4.162515163421631,4.208765029907227,837564,4.239599227905273,4.162515163421631,1.6227848529815674
09-03-1982,3.9929308891296387,4.070014953613281,3139448,4.1316819190979,4.085432052612305,1.5927324295043945
10-03-1982,3.9929308891296387,4.054597854614258,2419451,4.116264820098877,4.008347988128662,1.5681248903274536
11-03-1982,3.900430917739868,3.9775149822235107,1116482,4.054597854614258,3.9312639236450195,1.5379682779312134
12-03-1982,3.7462639808654785,3.8233470916748047,2061074,3.900430917739868,3.8541810512542725,1.5078134536743164
15-03-1982,3.9158480167388916,3.9620978832244873,989186,3.9929308891296387,3.9929308891296387,1.5620940923690796
16-03-1982,3.9775149822235107,4.0237650871276855,1265671,4.070014953613281,3.9929308891296387,1.5620940923690796
17-03-1982,3.9620978832244873,3.9929308891296387,755673,4.0237650871276855,4.008347988128662,1.5681248903274536
18-03-1982,3.9929308891296387,4.054597854614258,921078,4.100848197937012,4.070014953613281,1.5922499895095825
19-03-1982,4.070014953613281,4.100848197937012,853781,4.147099018096924,4.116264820098877,1.6103438138961792
22-03-1982,4.116264820098877,4.1933488845825195,1603778,4.255015850067139,4.22418212890625,1.6525624990463257
23-03-1982,4.22418212890625,4.270431995391846,1178104,4.301266193389893,4.22418212890625,1.6525624990463257
24-03-1982,4.1316819190979,4.162515163421631,1131888,4.1933488845825195,4.147099018096924,1.6224058866500854
25-03-1982,4.1316819190979,4.177931785583496,1449724,4.208765029907227,4.1316819190979,1.6163748502731323
26-03-1982,4.054597854614258,4.100848197937012,1286752,4.1316819190979,4.085432052612305,1.5982816219329834
29-03-1982,4.0237650871276855,4.054597854614258,990807,4.085432052612305,4.070014953613281,1.5922499895095825
30-03-1982,3.900430917739868,3.9929308891296387,3052691,4.070014953613281,4.008347988128662,1.5681248903274536
31-03-1982,3.946681022644043,3.9929308891296387,675403,4.0237650871276855,3.946681022644043,1.5439999103546143
01-04-1982,3.946681022644043,4.039181232452393,1067023,4.116264820098877,4.085432052612305,1.5982816219329834
02-04-1982,4.116264820098877,4.147099018096924,1151347,4.177931785583496,4.162515163421631,1.6284370422363281
05-04-1982,4.162515163421631,4.239599227905273,1085672,4.316682815551758,4.1933488845825195,1.6405003070831299
06-04-1982,4.177931785583496,4.208765029907227,1096212,4.239599227905273,4.22418212890625,1.6525624990463257
07-04-1982,4.208765029907227,4.255015850067139,866754,4.285849094390869,4.285849094390869,1.6766878366470337
08-04-1982,4.270431995391846,4.301266193389893,1112428,4.316682815551758,4.270431995391846,1.670655608177185
12-04-1982,4.1933488845825195,4.22418212890625,784862,4.239599227905273,4.1933488845825195,1.6405003070831299
13-04-1982,4.1933488845825195,4.239599227905273,1731075,4.285849094390869,4.270431995391846,1.670655608177185
14-04-1982,4.177931785583496,4.22418212890625,215675,4.270431995391846,4.1933488845825195,1.6405003070831299
15-04-1982,4.162515163421631,4.208765029907227,280540,4.239599227905273,4.239599227905273,1.6585946083068848
16-04-1982,4.177931785583496,4.22418212890625,877294,4.270431995391846,4.208765029907227,1.646531581878662
19-04-1982,4.208765029907227,4.255015850067139,1337022,4.301266193389893,4.239599227905273,1.6585946083068848
20-04-1982,4.22418212890625,4.270431995391846,998104,4.301266193389893,4.239599227905273,1.6585946083068848
21-04-1982,4.085432052612305,4.162515163421631,1836480,4.22418212890625,4.085432052612305,1.5982816219329834
22-04-1982,4.085432052612305,4.1316819190979,1525940,4.162515163421631,4.116264820098877,1.6103438138961792
23-04-1982,4.116264820098877,4.162515163421631,1197563,4.1933488845825195,4.162515163421631,1.6284370422363281
26-04-1982,4.147099018096924,4.208765029907227,2306748,4.270431995391846,4.255015850067139,1.6646251678466797
27-04-1982,4.255015850067139,4.285849094390869,789727,4.301266193389893,4.285849094390869,1.6766878366470337
28-04-1982,4.270431995391846,4.316682815551758,1409995,4.362933158874512,4.316682815551758,1.688750982284546
29-04-1982,4.270431995391846,4.316682815551758,1456211,4.347516059875488,4.332098960876465,1.6947818994522095
30-04-1982,4.332098960876465,4.3783488273620605,822970,4.424600124359131,4.424600124359131,1.7309690713882446
03-05-1982,4.409183025360107,4.455432891845703,994861,4.486266136169434,4.424600124359131,1.7309690713882446
04-05-1982,4.470849990844727,4.501683235168457,568376,4.532516956329346,4.470849990844727,1.7490627765655518
05-05-1982,4.393765926361084,4.455432891845703,1100266,4.501683235168457,4.409183025360107,1.7249377965927124
06-05-1982,4.424600124359131,4.455432891845703,715943,4.486266136169434,4.486266136169434,1.7550932168960571
07-05-1982,4.44001579284668,4.470849990844727,513241,4.486266136169434,4.470849990844727,1.7490627765655518
10-05-1982,4.3783488273620605,4.424600124359131,774321,4.470849990844727,4.409183025360107,1.7249377965927124
11-05-1982,4.409183025360107,4.455432891845703,701349,4.501683235168457,4.486266136169434,1.7550932168960571
12-05-1982,4.44001579284668,4.486266136169434,892699,4.517099857330322,4.470849990844727,1.7490627765655518
13-05-1982,4.455432891845703,4.470849990844727,929997,4.486266136169434,4.470849990844727,1.7490627765655518
14-05-1982,4.44001579284668,4.470849990844727,1009456,4.486266136169434,4.44001579284668,1.7369999885559082
17-05-1982,4.424600124359131,4.44001579284668,809997,4.44001579284668,4.44001579284668,1.7369999885559082
18-05-1982,4.362933158874512,4.409183025360107,1024050,4.44001579284668,4.393765926361084,1.7189054489135742
19-05-1982,4.332098960876465,4.3783488273620605,1544589,4.409183025360107,4.332098960876465,1.6947818994522095
20-05-1982,4.332098960876465,4.362933158874512,779997,4.393765926361084,4.393765926361084,1.7189054489135742
21-05-1982,4.362933158874512,4.393765926361084,486485,4.409183025360107,4.3783488273620605,1.712874412536621
24-05-1982,4.347516059875488,4.362933158874512,540809,4.3783488273620605,4.362933158874512,1.7068442106246948
25-05-1982,4.3783488273620605,4.393765926361084,514052,4.393765926361084,4.3783488273620605,1.712874412536621
26-05-1982,4.239599227905273,4.285849094390869,936483,4.316682815551758,4.255015850067139,1.6646251678466797
27-05-1982,4.255015850067139,4.285849094390869,372161,4.301266193389893,4.285849094390869,1.6766878366470337
28-05-1982,4.162515163421631,4.22418212890625,1122969,4.270431995391846,4.1933488845825195,1.6405003070831299
01-06-1982,4.147099018096924,4.177931785583496,511620,4.1933488845825195,4.177931785583496,1.63446843624115
02-06-1982,4.162515163421631,4.208765029907227,663241,4.255015850067139,4.255015850067139,1.6646251678466797
03-06-1982,4.1933488845825195,4.239599227905273,531079,4.285849094390869,4.22418212890625,1.6525624990463257
04-06-1982,4.1933488845825195,4.208765029907227,462160,4.22418212890625,4.1933488845825195,1.6405003070831299
07-06-1982,4.162515163421631,4.1933488845825195,348647,4.22418212890625,4.177931785583496,1.6400154829025269
08-06-1982,4.1316819190979,4.162515163421631,349458,4.177931785583496,4.1316819190979,1.621860384941101
09-06-1982,4.039181232452393,4.100848197937012,1173239,4.147099018096924,4.039181232452393,1.5855510234832764
10-06-1982,4.070014953613281,4.1316819190979,860267,4.1933488845825195,4.162515163421631,1.6339635848999023
11-06-1982,4.22418212890625,4.285849094390869,1114861,4.347516059875488,4.270431995391846,1.6763252019882202
14-06-1982,4.1933488845825195,4.239599227905273,658376,4.270431995391846,4.239599227905273,1.6642231941223145
15-06-1982,4.208765029907227,4.22418212890625,1529184,4.239599227905273,4.239599227905273,1.6642231941223145
16-06-1982,4.22418212890625,4.239599227905273,968105,4.255015850067139,4.22418212890625,1.6581710577011108
17-06-1982,4.1316819190979,4.162515163421631,260269,4.1933488845825195,4.177931785583496,1.6400154829025269
18-06-1982,4.162515163421631,4.177931785583496,276485,4.1933488845825195,4.177931785583496,1.6400154829025269
21-06-1982,4.147099018096924,4.1933488845825195,842429,4.22418212890625,4.162515163421631,1.6339635848999023
22-06-1982,4.1316819190979,4.177931785583496,1097023,4.208765029907227,4.208765029907227,1.6521193981170654
23-06-1982,4.239599227905273,4.285849094390869,760538,4.332098960876465,4.332098960876465,1.700533390045166
24-06-1982,4.285849094390869,4.332098960876465,784862,4.362933158874512,4.285849094390869,1.6823782920837402
25-06-1982,4.301266193389893,4.316682815551758,317837,4.332098960876465,4.316682815551758,1.6944822072982788
28-06-1982,4.285849094390869,4.362933158874512,512431,4.424600124359131,4.409183025360107,1.730791687965393
29-06-1982,4.3783488273620605,4.409183025360107,706214,4.44001579284668,4.44001579284668,1.7428948879241943
30-06-1982,4.424600124359131,4.455432891845703,1461076,4.486266136169434,4.486266136169434,1.7610496282577515
01-07-1982,4.3783488273620605,4.44001579284668,986753,4.486266136169434,4.393765926361084,1.7247390747070312
02-07-1982,4.285849094390869,4.362933158874512,1093780,4.424600124359131,4.285849094390869,1.6823782920837402
06-07-1982,4.208765029907227,4.285849094390869,1444860,4.347516059875488,4.347516059875488,1.7065839767456055
07-07-1982,4.255015850067139,4.301266193389893,1925669,4.332098960876465,4.301266193389893,1.6884299516677856
08-07-1982,4.255015850067139,4.316682815551758,1984858,4.362933158874512,4.332098960876465,1.700533390045166
09-07-1982,4.3783488273620605,4.486266136169434,1551075,4.578766822814941,4.532516956329346,1.7792059183120728
12-07-1982,4.6404337882995605,4.6866841316223145,800267,4.717516899108887,4.702101230621338,1.845773458480835
13-07-1982,4.6404337882995605,4.702101230621338,1876209,4.748351097106934,4.73293399810791,1.857877492904663
14-07-1982,4.6404337882995605,4.717516899108887,800267,4.717516899108887,4.702101230621338,1.845773458480835
15-07-1982,4.655849933624268,4.702101230621338,1019185,4.748351097106934,4.717516899108887,1.8518255949020386
16-07-1982,4.6866841316223145,4.73293399810791,1135942,4.763766765594482,4.763766765594482,1.8699796199798584
19-07-1982,4.655849933624268,4.73293399810791,592701,4.794600963592529,4.6866841316223145,1.839722752571106
20-07-1982,4.655849933624268,4.6866841316223145,874862,4.702101230621338,4.702101230621338,1.845773458480835
21-07-1982,4.702101230621338,4.763766765594482,2117019,4.810018062591553,4.717516899108887,1.8518255949020386
22-07-1982,4.594183921813965,4.671267032623291,1374319,4.73293399810791,4.671267032623291,1.8336716890335083
23-07-1982,4.470849990844727,4.578766822814941,2832963,4.671267032623291,4.470849990844727,1.7549985647201538
26-07-1982,4.362933158874512,4.409183025360107,2015668,4.455432891845703,4.424600124359131,1.7368435859680176
27-07-1982,4.3783488273620605,4.455432891845703,1613508,4.532516956329346,4.486266136169434,1.7610496282577515
28-07-1982,4.424600124359131,4.455432891845703,1196752,4.486266136169434,4.470849990844727,1.7549985647201538
29-07-1982,4.347516059875488,4.409183025360107,1589183,4.470849990844727,4.409183025360107,1.730791687965393
30-07-1982,4.316682815551758,4.362933158874512,1146482,4.409183025360107,4.332098960876465,1.700533390045166
02-08-1982,4.316682815551758,4.362933158874512,1650805,4.409183025360107,4.409183025360107,1.730791687965393
03-08-1982,4.486266136169434,4.532516956329346,2472964,4.563350200653076,4.501683235168457,1.7671018838882446
04-08-1982,4.44001579284668,4.486266136169434,1564048,4.517099857330322,4.44001579284668,1.7428948879241943
05-08-1982,4.3783488273620605,4.424600124359131,2147830,4.470849990844727,4.424600124359131,1.7368435859680176
06-08-1982,4.332098960876465,4.3783488273620605,815673,4.409183025360107,4.332098960876465,1.700533390045166
09-08-1982,4.22418212890625,4.270431995391846,561079,4.301266193389893,4.285849094390869,1.6823782920837402
10-08-1982,4.255015850067139,4.301266193389893,1337833,4.347516059875488,4.301266193389893,1.6884299516677856
11-08-1982,4.270431995391846,4.285849094390869,740268,4.301266193389893,4.285849094390869,1.6823782920837402
12-08-1982,4.208765029907227,4.255015850067139,708646,4.301266193389893,4.208765029907227,1.6521193981170654
13-08-1982,4.162515163421631,4.208765029907227,1242968,4.255015850067139,4.255015850067139,1.6702746152877808
16-08-1982,4.301266193389893,4.347516059875488,1446481,4.393765926361084,4.332098960876465,1.700533390045166
17-08-1982,4.316682815551758,4.470849990844727,1924858,4.609600067138672,4.609600067138672,1.8094638586044312
18-08-1982,4.609600067138672,4.671267032623291,3112691,4.717516899108887,4.609600067138672,1.8094638586044312
19-08-1982,4.563350200653076,4.625017166137695,1615129,4.6866841316223145,4.6404337882995605,1.821567177772522
20-08-1982,4.671267032623291,4.779183864593506,1673507,4.871685028076172,4.810018062591553,1.888136625289917
23-08-1982,4.563350200653076,4.717516899108887,2000263,4.871685028076172,4.810018062591553,1.888136625289917
24-08-1982,4.763766765594482,4.82543420791626,1709183,4.871685028076172,4.779183864593506,1.876031756401062
25-08-1982,4.748351097106934,4.82543420791626,947024,4.887101173400879,4.810018062591553,1.888136625289917
26-08-1982,4.856267929077148,4.917934894561768,2840260,4.9641852378845215,4.871685028076172,1.9123438596725464
27-08-1982,4.840850830078125,4.887101173400879,748376,4.917934894561768,4.902517795562744,1.9244457483291626
30-08-1982,4.840850830078125,4.887101173400879,1621616,4.933351039886475,4.933351039886475,1.9365487098693848
31-08-1982,4.917934894561768,4.995018005371094,1134320,5.072102069854736,5.072102069854736,1.9910144805908203
01-09-1982,5.025852203369141,5.118351936340332,2872692,5.210852146148682,5.025852203369141,1.9728604555130005
02-09-1982,4.995018005371094,5.072102069854736,735403,5.149186134338379,5.1337690353393555,2.0152225494384766
03-09-1982,5.226268768310547,5.318769931793213,2536207,5.4112701416015625,5.3033528327941895,2.0875587463378906
07-09-1982,5.08751916885376,5.195436000823975,1148915,5.287936210632324,5.118351936340332,2.0147361755371094
08-09-1982,5.08751916885376,5.1337690353393555,716754,5.164601802825928,5.118351936340332,2.0147361755371094
09-09-1982,5.025852203369141,5.08751916885376,758916,5.149186134338379,5.025852203369141,1.9783260822296143
10-09-1982,4.871685028076172,4.933351039886475,762970,4.995018005371094,4.9641852378845215,1.9540519714355469
13-09-1982,4.933351039886475,5.025852203369141,1747291,5.118351936340332,5.08751916885376,2.0025997161865234
14-09-1982,5.08751916885376,5.180018901824951,1740804,5.272519111633301,5.210852146148682,2.051147937774658
15-09-1982,5.195436000823975,5.226268768310547,1161077,5.257102966308594,5.257102966308594,2.069352149963379
16-09-1982,5.210852146148682,5.257102966308594,1391346,5.287936210632324,5.210852146148682,2.051147937774658
17-09-1982,5.195436000823975,5.24168586730957,844051,5.287936210632324,5.226268768310547,2.057215690612793
20-09-1982,5.210852146148682,5.257102966308594,1125401,5.3033528327941895,5.24168586730957,2.0632853507995605
21-09-1982,5.257102966308594,5.33418607711792,1169185,5.4112701416015625,5.4112701416015625,2.130037784576416
22-09-1982,5.380435943603516,5.442102909088135,1714859,5.503769874572754,5.395853042602539,2.123969078063965
23-09-1982,5.272519111633301,5.33418607711792,632430,5.380435943603516,5.349603176116943,2.1057631969451904
24-09-1982,5.24168586730957,5.287936210632324,966483,5.33418607711792,5.287936210632324,2.0814902782440186
27-09-1982,5.210852146148682,5.272519111633301,643781,5.33418607711792,5.33418607711792,2.099696159362793
28-09-1982,5.318769931793213,5.349603176116943,508377,5.380435943603516,5.318769931793213,2.0936269760131836
29-09-1982,5.257102966308594,5.287936210632324,672160,5.318769931793213,5.318769931793213,2.0936269760131836
30-09-1982,5.226268768310547,5.257102966308594,1532427,5.287936210632324,5.226268768310547,2.057215690612793
01-10-1982,5.210852146148682,5.272519111633301,677025,5.33418607711792,5.33418607711792,2.099696159362793
04-10-1982,5.257102966308594,5.3033528327941895,1158644,5.349603176116943,5.3033528327941895,2.0875587463378906
05-10-1982,5.318769931793213,5.349603176116943,734592,5.365019798278809,5.349603176116943,2.1057631969451904
06-10-1982,5.380435943603516,5.519186973571777,1770804,5.642520904541016,5.59627103805542,2.2028591632843018
07-10-1982,5.735021114349365,5.781270980834961,1425400,5.812105178833008,5.7658538818359375,2.2696118354797363
08-10-1982,5.735021114349365,5.7658538818359375,685943,5.796688079833984,5.796688079833984,2.281750202178955
11-10-1982,5.673354148864746,5.8583550453186035,1206482,6.043355941772461,5.873772144317627,2.3120930194854736
12-10-1982,5.84293794631958,5.873772144317627,1328914,5.950854778289795,5.873772144317627,2.3120930194854736
13-10-1982,5.889187812805176,5.920022010803223,1356482,5.966271877288818,5.889187812805176,2.318159580230713
14-10-1982,5.7658538818359375,5.827520847320557,1330536,5.889187812805176,5.781270980834961,2.275681734085083
15-10-1982,5.719604015350342,5.7658538818359375,1635399,5.796688079833984,5.750438213348389,2.263545274734497
18-10-1982,5.750438213348389,5.8583550453186035,411080,5.950854778289795,5.904604911804199,2.3242290019989014
19-10-1982,5.904604911804199,5.950854778289795,1015942,5.981688976287842,5.920022010803223,2.3302972316741943
20-10-1982,5.904604911804199,5.950854778289795,1092158,5.981688976287842,5.950854778289795,2.3424346446990967
21-10-1982,5.8583550453186035,5.93543815612793,1422968,5.997105121612549,5.920022010803223,2.3302972316741943
22-10-1982,5.8583550453186035,5.904604911804199,1148915,5.93543815612793,5.873772144317627,2.3120930194854736
25-10-1982,5.7658538818359375,5.812105178833008,616214,5.84293794631958,5.7658538818359375,2.2696118354797363
26-10-1982,5.550020217895508,5.611687183380127,2567828,5.673354148864746,5.642520904541016,2.2210655212402344
27-10-1982,5.704187870025635,5.7658538818359375,1594859,5.827520847320557,5.7658538818359375,2.2696118354797363
28-10-1982,5.735021114349365,5.781270980834961,807565,5.812105178833008,5.7658538818359375,2.2696118354797363
29-10-1982,5.7658538818359375,5.812105178833008,819727,5.84293794631958,5.827520847320557,2.293886661529541
01-11-1982,5.812105178833008,5.8583550453186035,406215,5.904604911804199,5.904604911804199,2.3242290019989014
02-11-1982,5.93543815612793,6.043355941772461,943780,6.1358561515808105,6.074189186096191,2.3909831047058105
03-11-1982,6.058772087097168,6.151272773742676,1019996,6.228355884552002,6.2129387855529785,2.4455995559692383
04-11-1982,6.0279388427734375,6.1358561515808105,2274316,6.243772983551025,6.043355941772461,2.3788459300994873
05-11-1982,5.966271877288818,6.012522220611572,921889,6.043355941772461,5.997105121612549,2.360640048980713
08-11-1982,5.950854778289795,6.043355941772461,633241,6.120439052581787,6.074189186096191,2.3909831047058105
09-11-1982,6.089605808258057,6.166688919067383,1242968,6.228355884552002,6.228355884552002,2.451666831970215
10-11-1982,6.074189186096191,6.182106018066406,907294,6.290022850036621,6.074189186096191,2.3909831047058105
11-11-1982,5.981688976287842,6.043355941772461,375404,6.105021953582764,6.105021953582764,2.4031195640563965
12-11-1982,6.089605808258057,6.1358561515808105,505944,6.182106018066406,6.120439052581787,2.409189224243164
15-11-1982,5.920022010803223,5.981688976287842,634052,6.0279388427734375,5.981688976287842,2.3545713424682617
16-11-1982,5.920022010803223,5.966271877288818,754862,6.012522220611572,5.950854778289795,2.3424346446990967
17-11-1982,5.8583550453186035,5.93543815612793,1548643,5.997105121612549,5.889187812805176,2.318159580230713
18-11-1982,5.796688079833984,5.84293794631958,1021618,5.889187812805176,5.827520847320557,2.293886661529541
19-11-1982,5.812105178833008,5.8583550453186035,977834,5.889187812805176,5.84293794631958,2.299955129623413
22-11-1982,5.426686763763428,5.642520904541016,2193235,5.84293794631958,5.519186973571777,2.1725168228149414
23-11-1982,5.4883527755737305,5.550020217895508,1381617,5.59627103805542,5.534604072570801,2.1785850524902344
24-11-1982,5.4883527755737305,5.550020217895508,1236482,5.59627103805542,5.59627103805542,2.2028591632843018
26-11-1982,5.59627103805542,5.704187870025635,807565,5.796688079833984,5.781270980834961,2.275681734085083
29-11-1982,5.750438213348389,5.796688079833984,604863,5.84293794631958,5.781270980834961,2.275681734085083
30-11-1982,5.7658538818359375,5.966271877288818,1722156,6.151272773742676,6.151272773742676,2.42132568359375
01-12-1982,6.012522220611572,6.089605808258057,1067023,6.166688919067383,6.089605808258057,2.397050619125366
02-12-1982,5.920022010803223,6.012522220611572,770267,6.089605808258057,5.920022010803223,2.3302972316741943
03-12-1982,5.981688976287842,6.012522220611572,1159455,6.043355941772461,5.981688976287842,2.3545713424682617
06-12-1982,5.889187812805176,5.966271877288818,1991344,6.0279388427734375,5.981688976287842,2.360168218612671
07-12-1982,6.012522220611572,6.058772087097168,1834858,6.105021953582764,6.058772087097168,2.390582323074341
08-12-1982,6.105021953582764,6.1358561515808105,1360536,6.166688919067383,6.1358561515808105,2.420996904373169
09-12-1982,5.981688976287842,6.043355941772461,600809,6.105021953582764,5.997105121612549,2.366251230239868
10-12-1982,5.966271877288818,6.012522220611572,790538,6.043355941772461,6.012522220611572,2.372333526611328
13-12-1982,5.981688976287842,6.012522220611572,463782,6.043355941772461,6.0279388427734375,2.378415822982788
14-12-1982,5.920022010803223,6.0279388427734375,1483778,6.120439052581787,5.920022010803223,2.3358359336853027
15-12-1982,5.781270980834961,5.827520847320557,1244590,5.8583550453186035,5.827520847320557,2.2993381023406982
16-12-1982,5.781270980834961,5.8583550453186035,1037834,5.920022010803223,5.889187812805176,2.323668956756592
17-12-1982,5.889187812805176,5.93543815612793,1459454,5.981688976287842,5.93543815612793,2.341918468475342
20-12-1982,5.904604911804199,5.93543815612793,818105,5.966271877288818,5.920022010803223,2.3358359336853027
21-12-1982,5.873772144317627,5.904604911804199,1271347,5.93543815612793,5.920022010803223,2.3358359336853027
22-12-1982,5.920022010803223,5.966271877288818,1528373,6.012522220611572,5.93543815612793,2.341918468475342
23-12-1982,5.827520847320557,5.889187812805176,476755,5.93543815612793,5.827520847320557,2.2993381023406982
27-12-1982,5.827520847320557,5.950854778289795,550539,6.074189186096191,6.058772087097168,2.390582323074341
28-12-1982,6.043355941772461,6.074189186096191,427296,6.105021953582764,6.089605808258057,2.4027483463287354
29-12-1982,6.012522220611572,6.043355941772461,640538,6.074189186096191,6.012522220611572,2.372333526611328
30-12-1982,5.950854778289795,6.012522220611572,391620,6.058772087097168,5.966271877288818,2.3540854454040527
31-12-1982,5.920022010803223,5.950854778289795,219729,5.981688976287842,5.966271877288818,2.3540854454040527
03-01-1983,5.704187870025635,5.84293794631958,806754,5.981688976287842,5.719604015350342,2.2567594051361084
04-01-1983,5.627103805541992,5.704187870025635,1089726,5.781270980834961,5.750438213348389,2.2689249515533447
05-01-1983,5.796688079833984,5.84293794631958,1039456,5.873772144317627,5.873772144317627,2.317587375640869
06-01-1983,5.84293794631958,5.950854778289795,972969,6.043355941772461,6.0279388427734375,2.378415822982788
07-01-1983,5.981688976287842,6.0279388427734375,536755,6.074189186096191,6.074189186096191,2.3966660499572754
10-01-1983,5.950854778289795,6.0279388427734375,1379995,6.089605808258057,5.981688976287842,2.360168218612671
11-01-1983,5.8583550453186035,5.966271877288818,567565,6.058772087097168,5.873772144317627,2.317587375640869
12-01-1983,5.84293794631958,5.904604911804199,860267,5.966271877288818,5.8583550453186035,2.3115029335021973
13-01-1983,5.8583550453186035,5.93543815612793,486485,6.012522220611572,5.8583550453186035,2.3115029335021973
14-01-1983,5.827520847320557,5.889187812805176,449998,5.950854778289795,5.889187812805176,2.323668956756592
17-01-1983,5.873772144317627,5.920022010803223,1034591,5.966271877288818,5.904604911804199,2.3297533988952637
18-01-1983,5.889187812805176,5.920022010803223,723241,5.950854778289795,5.920022010803223,2.3358359336853027
19-01-1983,5.735021114349365,5.827520847320557,734592,5.920022010803223,5.781270980834961,2.2810897827148438
20-01-1983,5.735021114349365,5.7658538818359375,1251076,5.796688079833984,5.750438213348389,2.2689249515533447
21-01-1983,5.550020217895508,5.688770771026611,1195942,5.827520847320557,5.565436840057373,2.1959290504455566
24-01-1983,5.365019798278809,5.503769874572754,972969,5.627103805541992,5.5808539390563965,2.202012300491333
25-01-1983,5.611687183380127,5.657937049865723,878916,5.704187870025635,5.673354148864746,2.2385106086730957
26-01-1983,5.704187870025635,5.781270980834961,672160,5.84293794631958,5.796688079833984,2.2871737480163574
27-01-1983,5.719604015350342,5.781270980834961,1673507,5.827520847320557,5.827520847320557,2.2993381023406982
28-01-1983,5.812105178833008,5.873772144317627,446755,5.93543815612793,5.812105178833008,2.293257236480713
31-01-1983,5.827520847320557,5.873772144317627,1028915,5.904604911804199,5.873772144317627,2.317587375640869
01-02-1983,5.84293794631958,5.889187812805176,601619,5.93543815612793,5.873772144317627,2.317587375640869
02-02-1983,5.796688079833984,5.8583550453186035,651079,5.904604911804199,5.827520847320557,2.2993381023406982
03-02-1983,5.8583550453186035,5.904604911804199,448377,5.93543815612793,5.8583550453186035,2.3115029335021973
04-02-1983,5.873772144317627,5.920022010803223,805132,5.950854778289795,5.950854778289795,2.348001718521118
07-02-1983,5.827520847320557,5.889187812805176,584592,5.950854778289795,5.8583550453186035,2.3115029335021973
08-02-1983,5.704187870025635,5.796688079833984,658376,5.873772144317627,5.719604015350342,2.2567594051361084
09-02-1983,5.673354148864746,5.719604015350342,1288374,5.7658538818359375,5.735021114349365,2.262840747833252
10-02-1983,5.704187870025635,5.750438213348389,847294,5.796688079833984,5.735021114349365,2.262840747833252
11-02-1983,5.781270980834961,5.812105178833008,1152969,5.84293794631958,5.781270980834961,2.2810897827148438
14-02-1983,5.750438213348389,5.781270980834961,1609454,5.812105178833008,5.796688079833984,2.2871737480163574
15-02-1983,5.735021114349365,5.781270980834961,1456211,5.827520847320557,5.735021114349365,2.262840747833252
16-02-1983,5.688770771026611,5.735021114349365,784862,5.781270980834961,5.719604015350342,2.2567594051361084
17-02-1983,5.59627103805542,5.673354148864746,1453778,5.750438213348389,5.59627103805542,2.208094835281372
18-02-1983,5.4883527755737305,5.565436840057373,2703233,5.627103805541992,5.519186973571777,2.177680253982544
22-02-1983,5.4883527755737305,5.550020217895508,1931344,5.59627103805542,5.550020217895508,2.189847230911255
23-02-1983,5.519186973571777,5.611687183380127,2050533,5.704187870025635,5.688770771026611,2.2445924282073975
24-02-1983,5.796688079833984,5.84293794631958,2791611,5.889187812805176,5.8583550453186035,2.3115029335021973
25-02-1983,5.873772144317627,5.920022010803223,2534585,5.950854778289795,5.889187812805176,2.323668956756592
28-02-1983,5.812105178833008,5.873772144317627,818105,5.93543815612793,5.889187812805176,2.323668956756592
01-03-1983,6.012522220611572,6.058772087097168,1442427,6.105021953582764,6.074189186096191,2.3966660499572754
02-03-1983,6.089605808258057,6.19752311706543,2016479,6.290022850036621,6.274606227874756,2.475742816925049
03-03-1983,6.382523059844971,6.459607124328613,1670264,6.536691188812256,6.536691188812256,2.579152822494507
04-03-1983,6.475024223327637,6.521274089813232,1069456,6.552106857299805,6.505856990814209,2.566985845565796
07-03-1983,6.35168981552124,6.413356781005859,1330536,6.459607124328613,6.367106914520264,2.5122416019439697
08-03-1983,6.320857048034668,6.367106914520264,1285130,6.397940158843994,6.336273193359375,2.5000741481781006
09-03-1983,6.3054399490356445,6.336273193359375,848916,6.367106914520264,6.367106914520264,2.5122416019439697
10-03-1983,6.274606227874756,6.35168981552124,2188370,6.413356781005859,6.274606227874756,2.475742816925049
11-03-1983,6.243772983551025,6.320857048034668,394053,6.382523059844971,6.35168981552124,2.5061562061309814
14-03-1983,6.3054399490356445,6.35168981552124,344593,6.397940158843994,6.382523059844971,2.5183229446411133
15-03-1983,6.336273193359375,6.367106914520264,342161,6.382523059844971,6.382523059844971,2.5183229446411133
16-03-1983,6.336273193359375,6.382523059844971,381890,6.413356781005859,6.382523059844971,2.5251545906066895
17-03-1983,6.3054399490356445,6.35168981552124,584592,6.382523059844971,6.320857048034668,2.5007572174072266
18-03-1983,6.274606227874756,6.320857048034668,486485,6.35168981552124,6.320857048034668,2.5007572174072266
21-03-1983,6.259190082550049,6.3054399490356445,1047564,6.35168981552124,6.35168981552124,2.512956142425537
22-03-1983,6.320857048034668,6.35168981552124,164594,6.382523059844971,6.35168981552124,2.512956142425537
23-03-1983,6.320857048034668,6.336273193359375,741889,6.44419002532959,6.44419002532959,2.5495541095733643
24-03-1983,6.367106914520264,6.382523059844971,330810,6.428773880004883,6.397940158843994,2.5312552452087402
25-03-1983,6.367106914520264,6.397940158843994,415134,6.44419002532959,6.428773880004883,2.543452262878418
28-03-1983,6.413356781005859,6.428773880004883,2651342,6.475024223327637,6.475024223327637,2.5617516040802
29-03-1983,6.367106914520264,6.44419002532959,659187,6.475024223327637,6.413356781005859,2.537353515625
30-03-1983,6.35168981552124,6.413356781005859,272431,6.428773880004883,6.397940158843994,2.5312552452087402
31-03-1983,6.35168981552124,6.397940158843994,462160,6.428773880004883,6.367106914520264,2.5190541744232178
04-04-1983,6.35168981552124,6.413356781005859,437836,6.413356781005859,6.397940158843994,2.5312552452087402
05-04-1983,6.397940158843994,6.505856990814209,460539,6.521274089813232,6.397940158843994,2.5312552452087402
06-04-1983,6.259190082550049,6.367106914520264,692430,6.397940158843994,6.35168981552124,2.512956142425537
07-04-1983,6.243772983551025,6.290022850036621,413512,6.336273193359375,6.259190082550049,2.4763593673706055
08-04-1983,6.228355884552002,6.259190082550049,798646,6.290022850036621,6.259190082550049,2.4763593673706055
11-04-1983,6.259190082550049,6.274606227874756,503512,6.3054399490356445,6.259190082550049,2.4763593673706055
12-04-1983,6.3054399490356445,6.320857048034668,755673,6.536691188812256,6.428773880004883,2.543452262878418
13-04-1983,6.397940158843994,6.413356781005859,1166752,6.567523956298828,6.567523956298828,2.5983474254608154
14-04-1983,6.567523956298828,6.598358154296875,771078,6.660024166107178,6.644608020782471,2.6288464069366455
15-04-1983,6.73710823059082,6.767941951751709,1468373,6.906692028045654,6.906692028045654,2.732534646987915
18-04-1983,6.767941951751709,6.845025062561035,638106,6.906692028045654,6.906692028045654,2.732534646987915
19-04-1983,6.829607963562012,6.95294189453125,1377563,7.076275825500488,6.999192237854004,2.7691314220428467
20-04-1983,6.937524795532227,6.95294189453125,858645,7.030025959014893,6.968358993530273,2.756931781768799
21-04-1983,6.922109127044678,6.937524795532227,696484,7.030025959014893,6.983776092529297,2.7630319595336914
22-04-1983,6.875858783721924,6.999192237854004,261891,6.999192237854004,6.937524795532227,2.744732618331909
25-04-1983,6.814191818237305,6.891274929046631,381080,6.95294189453125,6.814191818237305,2.6959378719329834
26-04-1983,6.73710823059082,6.814191818237305,1028915,6.891274929046631,6.891274929046631,2.726435422897339
27-04-1983,6.505856990814209,6.721691131591797,608106,6.922109127044678,6.536691188812256,2.586148262023926
28-04-1983,6.629190921783447,6.675440788269043,1705129,6.70627498626709,6.675440788269043,2.641042709350586
29-04-1983,6.629190921783447,6.675440788269043,498647,6.721691131591797,6.70627498626709,2.6532421112060547
02-05-1983,6.629190921783447,6.675440788269043,1004591,6.721691131591797,6.629190921783447,2.622744083404541
03-05-1983,6.567523956298828,6.629190921783447,827024,6.629190921783447,6.598358154296875,2.6105473041534424
04-05-1983,6.552106857299805,6.582941055297852,901618,6.613773822784424,6.552106857299805,2.5922486782073975
05-05-1983,6.536691188812256,6.582941055297852,1878642,6.629190921783447,6.536691188812256,2.586148262023926
06-05-1983,6.505856990814209,6.567523956298828,807565,6.567523956298828,6.552106857299805,2.5922486782073975
09-05-1983,6.413356781005859,6.536691188812256,1428643,6.536691188812256,6.459607124328613,2.5556509494781494
10-05-1983,6.459607124328613,6.459607124328613,1794318,6.552106857299805,6.521274089813232,2.580049514770508
11-05-1983,6.428773880004883,6.505856990814209,1021618,6.536691188812256,6.428773880004883,2.543452262878418
12-05-1983,6.44419002532959,6.459607124328613,539187,6.475024223327637,6.475024223327637,2.5617516040802
13-05-1983,6.428773880004883,6.44419002532959,779997,6.4904398918151855,6.428773880004883,2.543452262878418
16-05-1983,6.367106914520264,6.382523059844971,1016753,6.397940158843994,6.382523059844971,2.5251545906066895
17-05-1983,6.413356781005859,6.475024223327637,1120536,6.536691188812256,6.536691188812256,2.586148262023926
18-05-1983,6.598358154296875,6.629190921783447,1320806,6.783358097076416,6.644608020782471,2.6288464069366455
19-05-1983,6.675440788269043,6.675440788269043,1358103,6.767941951751709,6.690857887268066,2.647141456604004
20-05-1983,6.629190921783447,6.690857887268066,917834,6.783358097076416,6.783358097076416,2.683738946914673
23-05-1983,6.660024166107178,6.7525248527526855,859456,6.767941951751709,6.7525248527526855,2.671541452407837
24-05-1983,6.783358097076416,6.783358097076416,626754,6.860442161560059,6.7987751960754395,2.6898386478424072
25-05-1983,6.644608020782471,6.73710823059082,2066749,6.829607963562012,6.690857887268066,2.647141456604004
26-05-1983,6.629190921783447,6.675440788269043,1633778,6.7525248527526855,6.629190921783447,2.622744083404541
27-05-1983,6.644608020782471,6.660024166107178,724862,6.675440788269043,6.660024166107178,2.6349427700042725
31-05-1983,6.567523956298828,6.567523956298828,485674,6.675440788269043,6.644608020782471,2.6288464069366455
01-06-1983,6.613773822784424,6.644608020782471,1040266,6.70627498626709,6.675440788269043,2.641042709350586
02-06-1983,6.675440788269043,6.783358097076416,884591,6.7987751960754395,6.70627498626709,2.6532421112060547
03-06-1983,6.660024166107178,6.675440788269043,528647,6.721691131591797,6.660024166107178,2.6349427700042725
06-06-1983,6.660024166107178,6.690857887268066,522971,6.70627498626709,6.660024166107178,2.6349427700042725
07-06-1983,6.505856990814209,6.629190921783447,899186,6.660024166107178,6.521274089813232,2.586756467819214
08-06-1983,6.459607124328613,6.505856990814209,791348,6.536691188812256,6.459607124328613,2.5622940063476562
09-06-1983,6.44419002532959,6.475024223327637,759727,6.536691188812256,6.505856990814209,2.580641269683838
10-06-1983,6.428773880004883,6.521274089813232,1251076,6.536691188812256,6.459607124328613,2.5622940063476562
13-06-1983,6.44419002532959,6.459607124328613,1167563,6.613773822784424,6.613773822784424,2.6234471797943115
14-06-1983,6.613773822784424,6.613773822784424,1156212,6.891274929046631,6.845025062561035,2.7151763439178467
15-06-1983,6.829607963562012,6.845025062561035,2053776,7.199610233306885,7.168776035308838,2.8435966968536377
16-06-1983,7.199610233306885,7.199610233306885,2412964,7.384610176086426,7.353776931762695,2.916980028152466
17-06-1983,7.230443000793457,7.338359832763672,639727,7.338359832763672,7.261277198791504,2.880289077758789
20-06-1983,7.184193134307861,7.261277198791504,491350,7.261277198791504,7.199610233306885,2.8558266162872314
21-06-1983,6.999192237854004,7.184193134307861,1578643,7.184193134307861,7.076275825500488,2.8069047927856445
22-06-1983,7.030025959014893,7.091692924499512,1028104,7.153359889984131,7.091692924499512,2.813021421432495
23-06-1983,7.045443058013916,7.060859203338623,666484,7.184193134307861,7.184193134307861,2.849712371826172
24-06-1983,7.292109966278076,7.322944164276123,1168374,7.477110862731934,7.430860996246338,2.9475574493408203
27-06-1983,7.322944164276123,7.369194030761719,990807,7.384610176086426,7.353776931762695,2.916980028152466
28-06-1983,7.292109966278076,7.384610176086426,824592,7.384610176086426,7.292109966278076,2.892519474029541
29-06-1983,7.215025901794434,7.276692867279053,928375,7.276692867279053,7.2458600997924805,2.874173402786255
30-06-1983,7.2458600997924805,7.276692867279053,552160,7.400026798248291,7.400026798248291,2.9353253841400146
01-07-1983,7.369194030761719,7.46169376373291,898375,7.46169376373291,7.4154438972473145,2.9414403438568115
05-07-1983,7.184193134307861,7.400026798248291,1139185,7.400026798248291,7.2458600997924805,2.874173402786255
06-07-1983,7.230443000793457,7.2458600997924805,224594,7.400026798248291,7.338359832763672,2.9108638763427734
07-07-1983,7.276692867279053,7.3075270652771,420809,7.369194030761719,7.292109966278076,2.892519474029541
08-07-1983,7.215025901794434,7.322944164276123,393242,7.322944164276123,7.215025901794434,2.861943006515503
11-07-1983,7.184193134307861,7.2458600997924805,271621,7.2458600997924805,7.230443000793457,2.8680574893951416
12-07-1983,7.168776035308838,7.230443000793457,336485,7.261277198791504,7.168776035308838,2.8435966968536377
13-07-1983,7.060859203338623,7.168776035308838,819727,7.168776035308838,7.091692924499512,2.813021421432495
14-07-1983,7.091692924499512,7.137942790985107,543241,7.153359889984131,7.137942790985107,2.831366539001465
15-07-1983,7.107109069824219,7.122526168823242,400539,7.199610233306885,7.153359889984131,2.8374814987182617
18-07-1983,7.153359889984131,7.153359889984131,326756,7.261277198791504,7.199610233306885,2.8558266162872314
19-07-1983,7.215025901794434,7.2458600997924805,460539,7.338359832763672,7.3075270652771,2.898634672164917
20-07-1983,7.384610176086426,7.492527008056641,739457,7.5233612060546875,7.492527008056641,2.972015619277954
21-07-1983,7.46169376373291,7.5233612060546875,652700,7.55419397354126,7.5233612060546875,2.9842493534088135
22-07-1983,7.538777828216553,7.577319145202637,539998,7.615860939025879,7.615860939025879,3.0209388732910156
25-07-1983,7.538777828216553,7.615860939025879,487296,7.723777770996094,7.723777770996094,3.0637474060058594
26-07-1983,7.600444793701172,7.723777770996094,287837,7.723777770996094,7.6929450035095215,3.0515143871307373
27-07-1983,7.631278038024902,7.662110805511475,836754,7.708362102508545,7.646695137023926,3.0331709384918213
28-07-1983,7.569611072540283,7.615860939025879,536755,7.646695137023926,7.600444793701172,3.0148253440856934
29-07-1983,7.369194030761719,7.5233612060546875,1096212,7.5233612060546875,7.400026798248291,2.9353253841400146
01-08-1983,7.322944164276123,7.400026798248291,496214,7.400026798248291,7.322944164276123,2.904750108718872
02-08-1983,7.230443000793457,7.353776931762695,569998,7.353776931762695,7.230443000793457,2.8680574893951416
03-08-1983,7.153359889984131,7.215025901794434,853781,7.230443000793457,7.153359889984131,2.8374814987182617
04-08-1983,7.107109069824219,7.168776035308838,744322,7.184193134307861,7.184193134307861,2.849712371826172
05-08-1983,7.153359889984131,7.184193134307861,890267,7.3075270652771,7.3075270652771,2.898634672164917
08-08-1983,7.276692867279053,7.3075270652771,767024,7.369194030761719,7.3075270652771,2.898634672164917
09-08-1983,7.215025901794434,7.3075270652771,1247833,7.322944164276123,7.261277198791504,2.880289077758789
10-08-1983,7.230443000793457,7.276692867279053,500268,7.322944164276123,7.3075270652771,2.898634672164917
11-08-1983,7.261277198791504,7.276692867279053,244864,7.3075270652771,7.276692867279053,2.886404514312744
12-08-1983,7.2458600997924805,7.276692867279053,583782,7.292109966278076,7.261277198791504,2.880289077758789
15-08-1983,7.276692867279053,7.276692867279053,604863,7.384610176086426,7.338359832763672,2.9108638763427734
16-08-1983,7.322944164276123,7.338359832763672,741078,7.369194030761719,7.322944164276123,2.904750108718872
17-08-1983,7.3075270652771,7.3075270652771,184864,7.430860996246338,7.400026798248291,2.9353253841400146
18-08-1983,7.369194030761719,7.400026798248291,599998,7.446277141571045,7.384610176086426,2.9292104244232178
19-08-1983,7.369194030761719,7.369194030761719,276485,7.430860996246338,7.400026798248291,2.9353253841400146
22-08-1983,7.400026798248291,7.4154438972473145,348647,7.46169376373291,7.4154438972473145,2.9414403438568115
23-08-1983,7.338359832763672,7.400026798248291,249729,7.400026798248291,7.338359832763672,2.9108638763427734
24-08-1983,7.153359889984131,7.338359832763672,1383238,7.338359832763672,7.168776035308838,2.8435966968536377
25-08-1983,7.122526168823242,7.153359889984131,518917,7.199610233306885,7.184193134307861,2.849712371826172
26-08-1983,7.137942790985107,7.199610233306885,987564,7.199610233306885,7.184193134307861,2.849712371826172
29-08-1983,7.091692924499512,7.153359889984131,1316752,7.153359889984131,7.137942790985107,2.831366539001465
30-08-1983,7.107109069824219,7.122526168823242,925132,7.137942790985107,7.122526168823242,2.825252056121826
31-08-1983,7.107109069824219,7.153359889984131,564322,7.199610233306885,7.168776035308838,2.8435966968536377
01-09-1983,7.215025901794434,7.276692867279053,731349,7.276692867279053,7.261277198791504,2.880289077758789
02-09-1983,7.3075270652771,7.338359832763672,837564,7.369194030761719,7.369194030761719,2.9300642013549805
06-09-1983,7.369194030761719,7.46169376373291,620268,7.492527008056641,7.46169376373291,2.966840982437134
07-09-1983,7.430860996246338,7.477110862731934,908916,7.585028171539307,7.585028171539307,3.0158796310424805
08-09-1983,7.492527008056641,7.615860939025879,1296482,7.615860939025879,7.492527008056641,2.979100227355957
09-09-1983,7.338359832763672,7.492527008056641,1084050,7.492527008056641,7.338359832763672,2.917802095413208
12-09-1983,7.184193134307861,7.400026798248291,1492697,7.430860996246338,7.215025901794434,2.8687639236450195
13-09-1983,7.184193134307861,7.199610233306885,887024,7.276692867279053,7.2458600997924805,2.8810248374938965
14-09-1983,7.215025901794434,7.276692867279053,1155401,7.276692867279053,7.276692867279053,2.8932836055755615
15-09-1983,7.292109966278076,7.3075270652771,2537018,7.369194030761719,7.3075270652771,2.9055426120758057
16-09-1983,7.276692867279053,7.3075270652771,1180536,7.3075270652771,7.276692867279053,2.8932836055755615
19-09-1983,7.2458600997924805,7.338359832763672,348647,7.338359832763672,7.276692867279053,2.8932836055755615
20-09-1983,7.338359832763672,7.353776931762695,848916,7.5233612060546875,7.46169376373291,2.966840982437134
21-09-1983,7.477110862731934,7.5233612060546875,1157834,7.646695137023926,7.492527008056641,2.979100227355957
22-09-1983,7.46169376373291,7.492527008056641,1706750,7.569611072540283,7.538777828216553,2.9974911212921143
23-09-1983,7.430860996246338,7.538777828216553,810808,7.538777828216553,7.477110862731934,2.9729719161987305
26-09-1983,7.507944107055664,7.55419397354126,694862,7.585028171539307,7.5233612060546875,2.991361379623413
27-09-1983,7.4154438972473145,7.492527008056641,386755,7.492527008056641,7.430860996246338,2.9545819759368896
28-09-1983,7.384610176086426,7.400026798248291,616214,7.446277141571045,7.4154438972473145,2.9484527111053467
29-09-1983,7.322944164276123,7.400026798248291,243242,7.400026798248291,7.384610176086426,2.936192274093628
30-09-1983,7.292109966278076,7.384610176086426,1397833,7.384610176086426,7.292109966278076,2.899413585662842
03-10-1983,7.292109966278076,7.322944164276123,919456,7.338359832763672,7.338359832763672,2.917802095413208
04-10-1983,7.215025901794434,7.322944164276123,1572967,7.338359832763672,7.230443000793457,2.874894857406616
05-10-1983,7.153359889984131,7.215025901794434,902429,7.215025901794434,7.215025901794434,2.8687639236450195
06-10-1983,7.168776035308838,7.215025901794434,1453778,7.400026798248291,7.384610176086426,2.936192274093628
07-10-1983,7.338359832763672,7.430860996246338,2999178,7.492527008056641,7.384610176086426,2.936192274093628
10-10-1983,7.261277198791504,7.3075270652771,801078,7.384610176086426,7.384610176086426,2.936192274093628
11-10-1983,7.322944164276123,7.369194030761719,388377,7.384610176086426,7.322944164276123,2.9116733074188232
12-10-1983,7.137942790985107,7.292109966278076,634052,7.292109966278076,7.199610233306885,2.86263370513916
13-10-1983,7.153359889984131,7.199610233306885,651889,7.2458600997924805,7.168776035308838,2.850374698638916
14-10-1983,7.153359889984131,7.184193134307861,755673,7.2458600997924805,7.168776035308838,2.850374698638916
17-10-1983,7.091692924499512,7.168776035308838,732970,7.2458600997924805,7.199610233306885,2.86263370513916
18-10-1983,6.937524795532227,7.199610233306885,482431,7.199610233306885,6.999192237854004,2.7829465866088867
19-10-1983,6.721691131591797,6.875858783721924,3650257,6.906692028045654,6.875858783721924,2.7339084148406982
20-10-1983,6.721691131591797,6.875858783721924,1083239,6.891274929046631,6.814191818237305,2.709390163421631
21-10-1983,6.767941951751709,6.845025062561035,1375130,6.875858783721924,6.783358097076416,2.6971285343170166
24-10-1983,6.567523956298828,6.567523956298828,1054861,6.721691131591797,6.660024166107178,2.6480894088745117
25-10-1983,6.644608020782471,6.675440788269043,809186,6.690857887268066,6.644608020782471,2.6419618129730225
26-10-1983,6.660024166107178,6.660024166107178,752430,6.721691131591797,6.675440788269043,2.6542181968688965
27-10-1983,6.660024166107178,6.690857887268066,525403,6.829607963562012,6.814191818237305,2.709390163421631
28-10-1983,6.73710823059082,6.7987751960754395,477566,6.845025062561035,6.73710823059082,2.678739547729492
31-10-1983,6.7525248527526855,6.767941951751709,714322,6.814191818237305,6.783358097076416,2.6971285343170166
01-11-1983,6.7525248527526855,6.783358097076416,693241,6.845025062561035,6.829607963562012,2.7155187129974365
02-11-1983,6.7525248527526855,6.7987751960754395,915402,6.814191818237305,6.767941951751709,2.6909995079040527
03-11-1983,6.598358154296875,6.767941951751709,1283509,6.783358097076416,6.598358154296875,2.6235709190368652
04-11-1983,6.475024223327637,6.536691188812256,1712426,6.567523956298828,6.536691188812256,2.5990512371063232
07-11-1983,6.459607124328613,6.505856990814209,1272157,6.521274089813232,6.4904398918151855,2.5806620121002197
08-11-1983,6.382523059844971,6.397940158843994,706214,6.44419002532959,6.397940158843994,2.543884038925171
09-11-1983,6.243772983551025,6.35168981552124,2375667,6.382523059844971,6.290022850036621,2.5009748935699463
10-11-1983,6.19752311706543,6.19752311706543,2640801,6.336273193359375,6.336273193359375,2.5193638801574707
11-11-1983,6.3054399490356445,6.367106914520264,1595670,6.44419002532959,6.44419002532959,2.5622730255126953
14-11-1983,6.505856990814209,6.567523956298828,1403508,6.721691131591797,6.660024166107178,2.6480894088745117
15-11-1983,6.644608020782471,6.660024166107178,433782,6.7525248527526855,6.675440788269043,2.6542181968688965
16-11-1983,6.582941055297852,6.73710823059082,1100266,6.73710823059082,6.629190921783447,2.6358299255371094
17-11-1983,6.382523059844971,6.613773822784424,1291617,6.613773822784424,6.382523059844971,2.537752389907837
18-11-1983,5.889187812805176,6.320857048034668,4403903,6.320857048034668,6.105021953582764,2.4274160861968994
21-11-1983,6.105021953582764,6.105021953582764,2071209,6.382523059844971,6.35168981552124,2.525493860244751
22-11-1983,5.920022010803223,6.320857048034668,2824449,6.35168981552124,5.920022010803223,2.3538572788238525
23-11-1983,5.827520847320557,5.920022010803223,2655396,6.012522220611572,5.889187812805176,2.341597557067871
25-11-1983,5.8583550453186035,5.889187812805176,1626886,5.950854778289795,5.889187812805176,2.341597557067871
28-11-1983,5.735021114349365,5.889187812805176,1503643,5.889187812805176,5.7658538818359375,2.2925593852996826
29-11-1983,5.673354148864746,5.7658538818359375,1496751,5.889187812805176,5.889187812805176,2.341597557067871
30-11-1983,5.796688079833984,5.920022010803223,2117830,5.950854778289795,5.796688079833984,2.3048183917999268
01-12-1983,4.933351039886475,5.611687183380127,12089145,5.704187870025635,5.272519111633301,2.0964057445526123
02-12-1983,5.118351936340332,5.426686763763428,12419549,5.5808539390563965,5.272519111633301,2.0964057445526123
05-12-1983,5.272519111633301,5.365019798278809,3864716,5.611687183380127,5.519186973571777,2.201693058013916
06-12-1983,5.550020217895508,5.735021114349365,5078495,5.735021114349365,5.550020217895508,2.2139933109283447
07-12-1983,5.550020217895508,5.642520904541016,2089857,5.704187870025635,5.642520904541016,2.250892400741577
08-12-1983,5.457520008087158,5.735021114349365,2423505,5.735021114349365,5.611687183380127,2.2385923862457275
09-12-1983,5.365019798278809,5.611687183380127,2498910,5.611687183380127,5.550020217895508,2.2139933109283447
12-12-1983,5.4883527755737305,5.5808539390563965,1706345,5.673354148864746,5.673354148864746,2.2631940841674805
13-12-1983,5.457520008087158,5.673354148864746,4001742,5.673354148864746,5.4883527755737305,2.189391851425171
14-12-1983,5.426686763763428,5.4883527755737305,1424589,5.611687183380127,5.457520008087158,2.1770923137664795
15-12-1983,5.3033528327941895,5.4883527755737305,2142560,5.519186973571777,5.365019798278809,2.140193223953247
16-12-1983,5.33418607711792,5.395853042602539,1143239,5.4883527755737305,5.426686763763428,2.164792776107788
19-12-1983,5.457520008087158,5.4883527755737305,1469589,5.673354148864746,5.642520904541016,2.250892400741577
20-12-1983,5.4883527755737305,5.673354148864746,1364184,5.673354148864746,5.611687183380127,2.2385923862457275
21-12-1983,5.4883527755737305,5.642520904541016,1425806,5.704187870025635,5.673354148864746,2.2631940841674805
22-12-1983,5.5808539390563965,5.673354148864746,1145266,5.735021114349365,5.642520904541016,2.250892400741577
23-12-1983,5.550020217895508,5.673354148864746,584592,5.673354148864746,5.5808539390563965,2.226292848587036
27-12-1983,5.519186973571777,5.642520904541016,759322,5.642520904541016,5.550020217895508,2.2139933109283447
28-12-1983,5.519186973571777,5.611687183380127,971348,5.673354148864746,5.611687183380127,2.2385923862457275
29-12-1983,5.550020217895508,5.673354148864746,964861,5.735021114349365,5.550020217895508,2.2139933109283447
30-12-1983,5.550020217895508,5.611687183380127,1302157,5.735021114349365,5.735021114349365,2.2877919673919678
03-01-1984,5.611687183380127,5.7658538818359375,1325671,5.796688079833984,5.735021114349365,2.2877919673919678
04-01-1984,5.704187870025635,5.735021114349365,2346072,5.950854778289795,5.950854778289795,2.373889923095703
05-01-1984,5.8583550453186035,6.043355941772461,2586477,6.1358561515808105,5.920022010803223,2.361590623855591
06-01-1984,5.889187812805176,6.012522220611572,4009445,6.074189186096191,6.043355941772461,2.4107930660247803
09-01-1984,5.8583550453186035,5.981688976287842,960807,6.012522220611572,5.920022010803223,2.361590623855591
10-01-1984,5.827520847320557,5.920022010803223,976618,5.950854778289795,5.8583550453186035,2.336991786956787
11-01-1984,5.519186973571777,5.550020217895508,6878083,5.5808539390563965,5.5808539390563965,2.226292848587036
12-01-1984,5.519186973571777,5.5808539390563965,5448629,5.5808539390563965,5.519186973571777,2.201693058013916
13-01-1984,5.395853042602539,5.550020217895508,2012425,5.550020217895508,5.519186973571777,2.201693058013916
16-01-1984,5.457520008087158,5.519186973571777,1436346,5.5808539390563965,5.550020217895508,2.2139933109283447
17-01-1984,5.457520008087158,5.5808539390563965,1007023,5.611687183380127,5.457520008087158,2.1770923137664795
18-01-1984,5.395853042602539,5.519186973571777,2046074,5.550020217895508,5.550020217895508,2.2139933109283447
19-01-1984,5.426686763763428,5.550020217895508,1465941,5.5808539390563965,5.4883527755737305,2.189391851425171
20-01-1984,5.365019798278809,5.457520008087158,1742021,5.457520008087158,5.426686763763428,2.164792776107788
23-01-1984,5.3033528327941895,5.4883527755737305,2378910,5.4883527755737305,5.3033528327941895,2.115593433380127
24-01-1984,5.3033528327941895,5.33418607711792,1508913,5.395853042602539,5.33418607711792,2.127892255783081
25-01-1984,5.180018901824951,5.3033528327941895,2106884,5.33418607711792,5.180018901824951,2.0663933753967285
26-01-1984,5.056684970855713,5.24168586730957,2562964,5.24168586730957,5.118351936340332,2.041792869567871
27-01-1984,5.056684970855713,5.180018901824951,1782156,5.180018901824951,5.180018901824951,2.0663933753967285
30-01-1984,5.118351936340332,5.24168586730957,1399454,5.24168586730957,5.180018901824951,2.0663933753967285
31-01-1984,5.118351936340332,5.118351936340332,1432292,5.180018901824951,5.180018901824951,2.0663933753967285
01-02-1984,4.9641852378845215,5.180018901824951,2455937,5.24168586730957,5.056684970855713,2.017193555831909
02-02-1984,5.118351936340332,5.118351936340332,2460396,5.4883527755737305,5.426686763763428,2.164792776107788
03-02-1984,5.33418607711792,5.4883527755737305,1414049,5.4883527755737305,5.365019798278809,2.140193223953247
06-02-1984,5.272519111633301,5.3033528327941895,1930533,5.395853042602539,5.3033528327941895,2.115593433380127
07-02-1984,5.08751916885376,5.180018901824951,4517010,5.33418607711792,5.118351936340332,2.041792869567871
08-02-1984,4.748351097106934,5.149186134338379,2699990,5.3033528327941895,4.933351039886475,1.9679938554763794
09-02-1984,4.840850830078125,4.871685028076172,1474049,4.995018005371094,4.933351039886475,1.9679938554763794
10-02-1984,4.933351039886475,4.933351039886475,1173239,5.025852203369141,4.933351039886475,1.9679938554763794
13-02-1984,4.871685028076172,4.933351039886475,1075131,4.933351039886475,4.902517795562744,1.9556927680969238
14-02-1984,4.933351039886475,4.9641852378845215,845267,5.118351936340332,5.056684970855713,2.017193555831909
15-02-1984,4.9641852378845215,5.118351936340332,3234718,5.180018901824951,4.995018005371094,1.9925919771194458
16-02-1984,4.902517795562744,4.9641852378845215,1018375,4.9641852378845215,4.9641852378845215,1.9802933931350708
17-02-1984,4.871685028076172,4.9641852378845215,1879453,4.9641852378845215,4.902517795562744,1.9556927680969238
21-02-1984,4.409183025360107,4.840850830078125,8809427,4.840850830078125,4.470849990844727,1.7834938764572144
22-02-1984,4.255015850067139,4.44001579284668,3929175,4.470849990844727,4.316682815551758,1.721994161605835
23-02-1984,4.1933488845825195,4.3783488273620605,3270393,4.44001579284668,4.44001579284668,1.7711939811706543
24-02-1984,4.44001579284668,4.470849990844727,2743368,4.594183921813965,4.594183921813965,1.832694172859192
27-02-1984,4.3783488273620605,4.594183921813965,3237150,4.594183921813965,4.532516956329346,1.8080939054489136
28-02-1984,4.3783488273620605,4.44001579284668,2272694,4.501683235168457,4.44001579284668,1.7711939811706543
29-02-1984,4.409183025360107,4.44001579284668,1168374,4.501683235168457,4.44001579284668,1.7711939811706543
01-03-1984,4.3783488273620605,4.44001579284668,1200806,4.44001579284668,4.44001579284668,1.7711939811706543
02-03-1984,4.316682815551758,4.44001579284668,4523497,4.470849990844727,4.409183025360107,1.758894681930542
05-03-1984,4.316682815551758,4.409183025360107,1448508,4.409183025360107,4.3783488273620605,1.7465933561325073
06-03-1984,4.162515163421631,4.3783488273620605,2472153,4.3783488273620605,4.1933488845825195,1.672794222831726
07-03-1984,4.039181232452393,4.1933488845825195,3563095,4.22418212890625,4.162515163421631,1.6604949235916138
08-03-1984,4.070014953613281,4.162515163421631,2419856,4.162515163421631,4.162515163421631,1.6604949235916138
09-03-1984,4.070014953613281,4.162515163421631,1517021,4.1933488845825195,4.1933488845825195,1.672794222831726
12-03-1984,4.162515163421631,4.1933488845825195,783646,4.316682815551758,4.316682815551758,1.721994161605835
13-03-1984,4.285849094390869,4.347516059875488,1860804,4.44001579284668,4.316682815551758,1.721994161605835
14-03-1984,4.22418212890625,4.316682815551758,1447292,4.316682815551758,4.255015850067139,1.7053847312927246
15-03-1984,4.162515163421631,4.22418212890625,1172023,4.285849094390869,4.1933488845825195,1.680669903755188
16-03-1984,4.1316819190979,4.316682815551758,3010529,4.347516059875488,4.1933488845825195,1.680669903755188
19-03-1984,4.1316819190979,4.162515163421631,948240,4.255015850067139,4.22418212890625,1.693027138710022
20-03-1984,4.22418212890625,4.255015850067139,1448914,4.316682815551758,4.316682815551758,1.7301009893417358
21-03-1984,4.22418212890625,4.285849094390869,1585535,4.316682815551758,4.285849094390869,1.717742919921875
22-03-1984,4.1316819190979,4.255015850067139,1246212,4.285849094390869,4.255015850067139,1.7053847312927246
23-03-1984,4.070014953613281,4.255015850067139,1999858,4.255015850067139,4.22418212890625,1.693027138710022
26-03-1984,4.100848197937012,4.1933488845825195,986348,4.1933488845825195,4.1933488845825195,1.680669903755188
27-03-1984,4.1316819190979,4.162515163421631,1222293,4.1933488845825195,4.1933488845825195,1.680669903755188
28-03-1984,4.070014953613281,4.1933488845825195,7494702,4.22418212890625,4.162515163421631,1.668312907218933
29-03-1984,4.039181232452393,4.1316819190979,2393505,4.162515163421631,4.162515163421631,1.668312907218933
30-03-1984,4.070014953613281,4.100848197937012,1100266,4.162515163421631,4.162515163421631,1.668312907218933
02-04-1984,4.070014953613281,4.162515163421631,2563369,4.1933488845825195,4.100848197937012,1.6435953378677368
03-04-1984,4.070014953613281,4.100848197937012,1921209,4.162515163421631,4.162515163421631,1.668312907218933
04-04-1984,4.162515163421631,4.162515163421631,1653643,4.22418212890625,4.1933488845825195,1.680669903755188
05-04-1984,4.100848197937012,4.1933488845825195,1788237,4.22418212890625,4.162515163421631,1.668312907218933
06-04-1984,4.100848197937012,4.162515163421631,1188239,4.162515163421631,4.162515163421631,1.668312907218933
09-04-1984,4.1316819190979,4.162515163421631,994050,4.22418212890625,4.1933488845825195,1.680669903755188
10-04-1984,4.1316819190979,4.1933488845825195,1202833,4.1933488845825195,4.1316819190979,1.6559540033340454
11-04-1984,4.070014953613281,4.1316819190979,932429,4.162515163421631,4.100848197937012,1.6435953378677368
12-04-1984,3.8541810512542725,3.9775149822235107,2832152,4.1316819190979,4.070014953613281,1.631237506866455
13-04-1984,3.8541810512542725,3.946681022644043,2562558,3.9775149822235107,3.9158480167388916,1.5694494247436523
16-04-1984,3.8541810512542725,3.8541810512542725,7281054,3.946681022644043,3.9158480167388916,1.5694494247436523
17-04-1984,3.885014057159424,3.946681022644043,8991859,4.100848197937012,4.100848197937012,1.6435953378677368
18-04-1984,4.008347988128662,4.1933488845825195,3959175,4.1933488845825195,4.039181232452393,1.6188803911209106
19-04-1984,3.9775149822235107,4.008347988128662,2104857,4.1933488845825195,4.1933488845825195,1.680669903755188
23-04-1984,4.100848197937012,4.162515163421631,1066212,4.1933488845825195,4.1933488845825195,1.680669903755188
24-04-1984,4.100848197937012,4.162515163421631,2540666,4.22418212890625,4.1933488845825195,1.680669903755188
25-04-1984,4.100848197937012,4.1933488845825195,1647967,4.1933488845825195,4.162515163421631,1.668312907218933
26-04-1984,4.100848197937012,4.1316819190979,2827692,4.255015850067139,4.22418212890625,1.693027138710022
27-04-1984,4.1316819190979,4.22418212890625,3895932,4.409183025360107,4.255015850067139,1.7053847312927246
30-04-1984,4.22418212890625,4.255015850067139,1783372,4.3783488273620605,4.3783488273620605,1.7548154592514038
01-05-1984,4.1933488845825195,4.3783488273620605,5051333,4.594183921813965,4.594183921813965,1.8413211107254028
02-05-1984,4.532516956329346,4.563350200653076,1932155,4.563350200653076,4.563350200653076,1.8289631605148315
03-05-1984,4.3783488273620605,4.501683235168457,3232691,4.532516956329346,4.44001579284668,1.7795323133468628
04-05-1984,4.255015850067139,4.409183025360107,2173370,4.409183025360107,4.347516059875488,1.7424590587615967
07-05-1984,4.162515163421631,4.1933488845825195,1309860,4.347516059875488,4.285849094390869,1.717742919921875
08-05-1984,4.255015850067139,4.316682815551758,1030537,4.347516059875488,4.316682815551758,1.7301009893417358
09-05-1984,4.255015850067139,4.316682815551758,1459860,4.347516059875488,4.316682815551758,1.7301009893417358
10-05-1984,4.22418212890625,4.285849094390869,1341076,4.316682815551758,4.255015850067139,1.7053847312927246
11-05-1984,4.1316819190979,4.22418212890625,1466346,4.255015850067139,4.1933488845825195,1.680669903755188
14-05-1984,4.100848197937012,4.1933488845825195,966078,4.1933488845825195,4.162515163421631,1.668312907218933
15-05-1984,4.1316819190979,4.162515163421631,1403508,4.255015850067139,4.1933488845825195,1.680669903755188
16-05-1984,4.1316819190979,4.1933488845825195,1345536,4.22418212890625,4.1933488845825195,1.680669903755188
17-05-1984,4.070014953613281,4.1933488845825195,2873503,4.1933488845825195,4.1316819190979,1.6559540033340454
18-05-1984,4.070014953613281,4.1316819190979,959591,4.162515163421631,4.1316819190979,1.6559540033340454
21-05-1984,4.100848197937012,4.1316819190979,847294,4.1933488845825195,4.162515163421631,1.668312907218933
22-05-1984,4.070014953613281,4.1316819190979,1535265,4.1933488845825195,4.1316819190979,1.6559540033340454
23-05-1984,4.070014953613281,4.100848197937012,723646,4.1316819190979,4.070014953613281,1.631237506866455
24-05-1984,3.9775149822235107,4.100848197937012,1116888,4.100848197937012,4.070014953613281,1.631237506866455
25-05-1984,4.039181232452393,4.070014953613281,852564,4.100848197937012,4.070014953613281,1.631237506866455
29-05-1984,3.9775149822235107,4.070014953613281,951483,4.070014953613281,3.9775149822235107,1.5941641330718994
30-05-1984,3.8541810512542725,3.946681022644043,1120536,4.008347988128662,3.9158480167388916,1.5694494247436523
31-05-1984,3.8541810512542725,3.946681022644043,971348,3.946681022644043,3.885014057159424,1.557091236114502
01-06-1984,3.8541810512542725,3.885014057159424,2267424,3.9775149822235107,3.9158480167388916,1.5694494247436523
04-06-1984,3.885014057159424,3.946681022644043,1830399,3.9775149822235107,3.885014057159424,1.557091236114502
05-06-1984,3.8541810512542725,3.9158480167388916,1551886,3.9158480167388916,3.8541810512542725,1.5528178215026855
06-06-1984,3.8233470916748047,3.8541810512542725,709051,3.946681022644043,3.946681022644043,1.5900850296020508
07-06-1984,3.8541810512542725,3.9158480167388916,1262428,3.9158480167388916,3.9158480167388916,1.5776625871658325
08-06-1984,3.885014057159424,3.9158480167388916,1367022,4.008347988128662,3.9775149822235107,1.6025080680847168
11-06-1984,3.885014057159424,3.9775149822235107,1011077,3.9775149822235107,3.9158480167388916,1.5776625871658325
12-06-1984,3.8541810512542725,3.885014057159424,2017695,3.9158480167388916,3.9158480167388916,1.5776625871658325
13-06-1984,3.8233470916748047,3.9158480167388916,814051,3.9158480167388916,3.8541810512542725,1.5528178215026855
14-06-1984,3.8233470916748047,3.8233470916748047,1244590,3.885014057159424,3.8541810512542725,1.5528178215026855
15-06-1984,3.669179916381836,3.8541810512542725,5999978,3.8541810512542725,3.669179916381836,1.4782824516296387
18-06-1984,3.6383469104766846,3.669179916381836,3563500,3.730846881866455,3.700014114379883,1.4907052516937256
19-06-1984,3.669179916381836,3.669179916381836,2137695,3.7925140857696533,3.7616798877716064,1.5155502557754517
20-06-1984,3.700014114379883,3.7616798877716064,1414860,3.8541810512542725,3.8233470916748047,1.5403950214385986
21-06-1984,3.730846881866455,3.8233470916748047,1236887,3.8541810512542725,3.7925140857696533,1.5279730558395386
22-06-1984,3.730846881866455,3.7925140857696533,1021618,3.8233470916748047,3.7925140857696533,1.5279730558395386
25-06-1984,3.7616798877716064,3.7925140857696533,657160,3.8233470916748047,3.7925140857696533,1.5279730558395386
26-06-1984,3.669179916381836,3.7616798877716064,2436072,3.8233470916748047,3.730846881866455,1.5031267404556274
27-06-1984,3.669179916381836,3.669179916381836,927970,3.730846881866455,3.700014114379883,1.4907052516937256
28-06-1984,3.6383469104766846,3.669179916381836,1020807,3.730846881866455,3.730846881866455,1.5031267404556274
29-06-1984,3.730846881866455,3.730846881866455,1114861,3.7925140857696533,3.7925140857696533,1.5279730558395386
02-07-1984,3.700014114379883,3.7616798877716064,407026,3.7925140857696533,3.7616798877716064,1.5155502557754517
03-07-1984,3.6383469104766846,3.700014114379883,938915,3.730846881866455,3.730846881866455,1.5031267404556274
05-07-1984,3.5766799449920654,3.700014114379883,1083645,3.700014114379883,3.5766799449920654,1.4410152435302734
06-07-1984,3.4841790199279785,3.5766799449920654,1156617,3.5766799449920654,3.5150129795074463,1.4161701202392578
09-07-1984,3.4841790199279785,3.5150129795074463,1205671,3.6383469104766846,3.6383469104766846,1.4658602476119995
10-07-1984,3.5150129795074463,3.669179916381836,1119320,3.669179916381836,3.5766799449920654,1.4410152435302734
11-07-1984,3.2683451175689697,3.5458459854125977,2908368,3.5766799449920654,3.330012083053589,1.3416343927383423
12-07-1984,3.391679048538208,3.391679048538208,2984178,3.5458459854125977,3.4841790199279785,1.4037468433380127
13-07-1984,3.4841790199279785,3.4841790199279785,891889,3.5766799449920654,3.5766799449920654,1.4410152435302734
16-07-1984,3.4841790199279785,3.5766799449920654,836348,3.5766799449920654,3.5458459854125977,1.428592562675476
17-07-1984,3.5150129795074463,3.5458459854125977,643376,3.6383469104766846,3.607512950897217,1.4534367322921753
18-07-1984,3.4841790199279785,3.5766799449920654,1435941,3.607512950897217,3.5458459854125977,1.428592562675476
19-07-1984,3.453346014022827,3.4841790199279785,887835,3.5150129795074463,3.5150129795074463,1.4161701202392578
20-07-1984,3.453346014022827,3.5150129795074463,621484,3.5150129795074463,3.5150129795074463,1.4161701202392578
23-07-1984,3.422513008117676,3.422513008117676,882564,3.5458459854125977,3.5150129795074463,1.4161701202392578
24-07-1984,3.5150129795074463,3.5458459854125977,570403,3.5766799449920654,3.5458459854125977,1.428592562675476
25-07-1984,3.5150129795074463,3.5458459854125977,790943,3.669179916381836,3.6383469104766846,1.4658602476119995
26-07-1984,3.669179916381836,3.669179916381836,1109591,3.7925140857696533,3.7616798877716064,1.5155502557754517
27-07-1984,3.730846881866455,3.7616798877716064,782024,3.8233470916748047,3.7925140857696533,1.5279730558395386
30-07-1984,3.700014114379883,3.7925140857696533,607295,4.008347988128662,3.730846881866455,1.5031267404556274
31-07-1984,3.730846881866455,3.7616798877716064,792565,3.885014057159424,3.8233470916748047,1.5403950214385986
01-08-1984,3.8233470916748047,3.885014057159424,1497967,4.039181232452393,3.9775149822235107,1.6025080680847168
02-08-1984,3.9158480167388916,3.9775149822235107,3460122,4.100848197937012,4.100848197937012,1.6521989107131958
03-08-1984,4.162515163421631,4.1933488845825195,4727010,4.44001579284668,4.285849094390869,1.7267324924468994
06-08-1984,4.255015850067139,4.316682815551758,3182421,4.470849990844727,4.44001579284668,1.7888456583023071
07-08-1984,4.1933488845825195,4.1933488845825195,2259721,4.3783488273620605,4.255015850067139,1.7143110036849976
08-08-1984,4.1933488845825195,4.285849094390869,1502832,4.316682815551758,4.1933488845825195,1.6894663572311401
09-08-1984,4.1933488845825195,4.1933488845825195,2438505,4.347516059875488,4.316682815551758,1.7391564846038818
10-08-1984,4.1316819190979,4.3783488273620605,2080128,4.3783488273620605,4.22418212890625,1.7018877267837524
13-08-1984,4.162515163421631,4.1933488845825195,415539,4.22418212890625,4.22418212890625,1.7018877267837524
14-08-1984,4.1933488845825195,4.255015850067139,797430,4.316682815551758,4.22418212890625,1.7018877267837524
15-08-1984,4.008347988128662,4.1316819190979,1180536,4.1933488845825195,4.008347988128662,1.614930510520935
16-08-1984,4.008347988128662,4.008347988128662,719187,4.162515163421631,4.070014953613281,1.6397756338119507
17-08-1984,4.070014953613281,4.1316819190979,561079,4.162515163421631,4.100848197937012,1.6521989107131958
20-08-1984,4.039181232452393,4.162515163421631,1269725,4.162515163421631,4.100848197937012,1.6521989107131958
21-08-1984,4.100848197937012,4.100848197937012,2567828,4.316682815551758,4.316682815551758,1.7391564846038818
22-08-1984,4.1316819190979,4.285849094390869,1565670,4.316682815551758,4.1316819190979,1.6646205186843872
23-08-1984,4.100848197937012,4.100848197937012,816483,4.22418212890625,4.22418212890625,1.7018877267837524
24-08-1984,4.162515163421631,4.22418212890625,1008645,4.255015850067139,4.22418212890625,1.7018877267837524
27-08-1984,4.039181232452393,4.22418212890625,804321,4.22418212890625,4.162515163421631,1.677043080329895
28-08-1984,4.100848197937012,4.1316819190979,423242,4.162515163421631,4.162515163421631,1.677043080329895
29-08-1984,4.1316819190979,4.1933488845825195,759727,4.255015850067139,4.162515163421631,1.677043080329895
30-08-1984,4.1316819190979,4.162515163421631,473106,4.255015850067139,4.162515163421631,1.677043080329895
31-08-1984,4.1316819190979,4.162515163421631,440674,4.162515163421631,4.1316819190979,1.6727490425109863
04-09-1984,4.070014953613281,4.162515163421631,787700,4.162515163421631,4.070014953613281,1.6477824449539185
05-09-1984,3.9775149822235107,4.039181232452393,1020402,4.070014953613281,4.039181232452393,1.6352992057800293
06-09-1984,4.039181232452393,4.070014953613281,638917,4.162515163421631,4.162515163421631,1.6852322816848755
07-09-1984,3.9775149822235107,4.100848197937012,1281887,4.1316819190979,4.008347988128662,1.6228163242340088
10-09-1984,3.885014057159424,3.946681022644043,945402,4.162515163421631,3.9775149822235107,1.6103332042694092
11-09-1984,3.946681022644043,4.008347988128662,1899317,4.039181232452393,3.946681022644043,1.5978493690490723
12-09-1984,3.9158480167388916,3.9775149822235107,1476076,4.008347988128662,3.9775149822235107,1.6103332042694092
13-09-1984,3.885014057159424,3.946681022644043,1206482,4.008347988128662,4.008347988128662,1.6228163242340088
14-09-1984,3.9158480167388916,4.039181232452393,1319184,4.039181232452393,3.946681022644043,1.5978493690490723
17-09-1984,3.9158480167388916,3.946681022644043,2376072,4.008347988128662,3.946681022644043,1.5978493690490723
18-09-1984,3.700014114379883,3.885014057159424,3034448,3.885014057159424,3.7616798877716064,1.5229508876800537
19-09-1984,3.700014114379883,3.730846881866455,1996614,3.7616798877716064,3.730846881866455,1.5104665756225586
20-09-1984,3.700014114379883,3.730846881866455,2452288,3.7925140857696533,3.700014114379883,1.497984528541565
21-09-1984,3.5766799449920654,3.669179916381836,1217833,3.700014114379883,3.6383469104766846,1.473017930984497
24-09-1984,3.5766799449920654,3.669179916381836,1734318,3.700014114379883,3.6383469104766846,1.473017930984497
25-09-1984,3.5150129795074463,3.6383469104766846,2753503,3.6383469104766846,3.5458459854125977,1.4355682134628296
26-09-1984,3.5150129795074463,3.5458459854125977,1769588,3.5766799449920654,3.5150129795074463,1.4230854511260986
27-09-1984,3.4841790199279785,3.5150129795074463,1457832,3.5458459854125977,3.5150129795074463,1.4230854511260986
28-09-1984,3.4841790199279785,3.5150129795074463,1642697,3.5766799449920654,3.5458459854125977,1.4355682134628296
01-10-1984,3.453346014022827,3.5150129795074463,2897016,3.5150129795074463,3.4841790199279785,1.4106013774871826
02-10-1984,3.422513008117676,3.4841790199279785,1054861,3.4841790199279785,3.453346014022827,1.3981192111968994
03-10-1984,3.391679048538208,3.422513008117676,1273374,3.453346014022827,3.391679048538208,1.3731521368026733
04-10-1984,3.3608460426330566,3.422513008117676,1545805,3.453346014022827,3.422513008117676,1.3856351375579834
05-10-1984,3.2683451175689697,3.3608460426330566,3444717,3.391679048538208,3.391679048538208,1.3731521368026733
08-10-1984,3.330012083053589,3.391679048538208,937699,3.391679048538208,3.391679048538208,1.3731521368026733
09-10-1984,3.330012083053589,3.3608460426330566,1100672,3.391679048538208,3.3608460426330566,1.360669732093811
10-10-1984,3.0833449363708496,3.330012083053589,4986468,3.422513008117676,3.2683451175689697,1.3232195377349854
11-10-1984,3.1450119018554688,3.2683451175689697,2961881,3.2683451175689697,3.2683451175689697,1.3232195377349854
12-10-1984,3.2375121116638184,3.2683451175689697,1583102,3.3608460426330566,3.330012083053589,1.3481857776641846
15-10-1984,3.2683451175689697,3.330012083053589,1896885,3.391679048538208,3.330012083053589,1.3481857776641846
16-10-1984,3.2375121116638184,3.2991790771484375,1167158,3.330012083053589,3.330012083053589,1.3481857776641846
17-10-1984,3.2683451175689697,3.330012083053589,1214185,3.330012083053589,3.2991790771484375,1.3357020616531372
18-10-1984,3.2375121116638184,3.2683451175689697,536349,3.5150129795074463,3.5150129795074463,1.4230854511260986
19-10-1984,3.3608460426330566,3.5458459854125977,3491744,3.607512950897217,3.422513008117676,1.3856351375579834
22-10-1984,3.3608460426330566,3.453346014022827,1880263,3.453346014022827,3.422513008117676,1.3856351375579834
23-10-1984,3.330012083053589,3.391679048538208,2089452,3.422513008117676,3.391679048538208,1.3731521368026733
24-10-1984,3.3608460426330566,3.391679048538208,3137016,3.4841790199279785,3.453346014022827,1.3981192111968994
25-10-1984,3.2683451175689697,3.4841790199279785,1595670,3.4841790199279785,3.422513008117676,1.3856351375579834
26-10-1984,3.391679048538208,3.391679048538208,1596886,3.453346014022827,3.391679048538208,1.3731521368026733
29-10-1984,3.330012083053589,3.422513008117676,1039861,3.453346014022827,3.391679048538208,1.3731521368026733
30-10-1984,3.330012083053589,3.3608460426330566,1948371,3.4841790199279785,3.453346014022827,1.3981192111968994
31-10-1984,3.391679048538208,3.453346014022827,659187,3.453346014022827,3.391679048538208,1.3731521368026733
01-11-1984,3.3608460426330566,3.391679048538208,1015131,3.422513008117676,3.422513008117676,1.3856351375579834
02-11-1984,3.391679048538208,3.422513008117676,1477292,3.4841790199279785,3.4841790199279785,1.4106013774871826
05-11-1984,3.422513008117676,3.4841790199279785,1227158,3.4841790199279785,3.4841790199279785,1.4106013774871826
06-11-1984,3.453346014022827,3.4841790199279785,3908094,3.5766799449920654,3.5766799449920654,1.4480518102645874
07-11-1984,3.4841790199279785,3.5458459854125977,2414991,3.5766799449920654,3.5150129795074463,1.4230854511260986
08-11-1984,3.4841790199279785,3.4841790199279785,1502427,3.5458459854125977,3.5458459854125977,1.4355682134628296
09-11-1984,3.422513008117676,3.5766799449920654,2078911,3.607512950897217,3.4841790199279785,1.4106013774871826
12-11-1984,3.391679048538208,3.453346014022827,1192698,3.453346014022827,3.453346014022827,1.3981192111968994
13-11-1984,3.330012083053589,3.453346014022827,2030668,3.453346014022827,3.422513008117676,1.3856351375579834
14-11-1984,3.330012083053589,3.422513008117676,1088104,3.422513008117676,3.422513008117676,1.3856351375579834
15-11-1984,3.3608460426330566,3.391679048538208,741484,3.391679048538208,3.391679048538208,1.3731521368026733
16-11-1984,3.330012083053589,3.391679048538208,1466751,3.422513008117676,3.391679048538208,1.3731521368026733
19-11-1984,3.2066779136657715,3.391679048538208,1562427,3.391679048538208,3.3608460426330566,1.360669732093811
20-11-1984,3.0216779708862305,3.2066779136657715,8071592,3.330012083053589,3.114177942276001,1.2608035802841187
21-11-1984,3.0216779708862305,3.052510976791382,3902418,3.1450119018554688,3.1450119018554688,1.2732863426208496
23-11-1984,3.052510976791382,3.17584490776062,3171069,3.2066779136657715,3.2066779136657715,1.2982523441314697
26-11-1984,3.052510976791382,3.17584490776062,2406478,3.2066779136657715,3.052510976791382,1.235837459564209
27-11-1984,3.052510976791382,3.052510976791382,2862962,3.17584490776062,3.17584490776062,1.2857698202133179
28-11-1984,3.0833449363708496,3.1450119018554688,1361346,3.17584490776062,3.0833449363708496,1.248319387435913
29-11-1984,3.052510976791382,3.0833449363708496,1553102,3.114177942276001,3.052510976791382,1.235837459564209
30-11-1984,3.0216779708862305,3.0833449363708496,2286883,3.0833449363708496,3.052510976791382,1.235837459564209
03-12-1984,2.9600110054016113,3.0216779708862305,1975128,3.052510976791382,2.9908440113067627,1.2189472913742065
04-12-1984,2.898344039916992,2.9908440113067627,3256610,2.9908440113067627,2.9600110054016113,1.20638108253479
05-12-1984,2.9291770458221436,2.9600110054016113,1220266,3.0216779708862305,2.9600110054016113,1.20638108253479
06-12-1984,2.9291770458221436,2.9600110054016113,1998641,3.0216779708862305,3.0216779708862305,1.2315138578414917
07-12-1984,2.9908440113067627,3.0216779708862305,1195942,3.052510976791382,3.052510976791382,1.244080901145935
10-12-1984,2.9908440113067627,3.0216779708862305,1495940,3.0833449363708496,3.052510976791382,1.244080901145935
11-12-1984,3.052510976791382,3.0833449363708496,2563369,3.17584490776062,3.17584490776062,1.2943469285964966
12-12-1984,3.0833449363708496,3.17584490776062,1583508,3.17584490776062,3.114177942276001,1.2692135572433472
13-12-1984,3.114177942276001,3.114177942276001,1814993,3.2066779136657715,3.17584490776062,1.2943469285964966
14-12-1984,3.114177942276001,3.17584490776062,1379995,3.17584490776062,3.17584490776062,1.2943469285964966
17-12-1984,3.17584490776062,3.17584490776062,3124853,3.2991790771484375,3.2683451175689697,1.3320457935333252
18-12-1984,3.2991790771484375,3.2991790771484375,3962823,3.391679048538208,3.2991790771484375,1.3446123600006104
19-12-1984,3.1450119018554688,3.2991790771484375,4593226,3.330012083053589,3.1450119018554688,1.2817801237106323
20-12-1984,3.114177942276001,3.1450119018554688,1577021,3.2066779136657715,3.17584490776062,1.2943469285964966
21-12-1984,3.0833449363708496,3.1450119018554688,2323775,3.330012083053589,3.1450119018554688,1.2817801237106323
24-12-1984,3.0833449363708496,3.114177942276001,560674,3.17584490776062,3.1450119018554688,1.2817801237106323
26-12-1984,3.114177942276001,3.114177942276001,794997,3.17584490776062,3.1450119018554688,1.2817801237106323
27-12-1984,3.114177942276001,3.114177942276001,1796750,3.2066779136657715,3.2066779136657715,1.3069123029708862
28-12-1984,3.17584490776062,3.17584490776062,1597697,3.2683451175689697,3.2066779136657715,1.3069123029708862
31-12-1984,3.2066779136657715,3.2066779136657715,1749318,3.2683451175689697,3.2375121116638184,1.3194799423217773
02-01-1985,3.17584490776062,3.2066779136657715,792970,3.2683451175689697,3.2375121116638184,1.3194799423217773
03-01-1985,3.2066779136657715,3.2375121116638184,885808,3.2683451175689697,3.2375121116638184,1.3194799423217773
04-01-1985,3.2375121116638184,3.2683451175689697,1833642,3.2683451175689697,3.2683451175689697,1.3320457935333252
07-01-1985,3.2375121116638184,3.2683451175689697,870808,3.330012083053589,3.2991790771484375,1.3446123600006104
08-01-1985,3.2991790771484375,3.2991790771484375,1712832,3.391679048538208,3.3608460426330566,1.369746446609497
09-01-1985,3.2066779136657715,3.3608460426330566,921078,3.3608460426330566,3.2375121116638184,1.3194799423217773
10-01-1985,3.17584490776062,3.2066779136657715,2318505,3.2991790771484375,3.2991790771484375,1.3446123600006104
11-01-1985,3.2066779136657715,3.2991790771484375,1857561,3.330012083053589,3.2375121116638184,1.3194799423217773
14-01-1985,3.2375121116638184,3.2375121116638184,2749449,3.3608460426330566,3.330012083053589,1.3571795225143433
15-01-1985,3.2375121116638184,3.330012083053589,1061753,3.330012083053589,3.2683451175689697,1.3320457935333252
16-01-1985,3.2683451175689697,3.2991790771484375,1044320,3.330012083053589,3.2683451175689697,1.3320457935333252
17-01-1985,3.2066779136657715,3.2683451175689697,1109185,3.2991790771484375,3.2683451175689697,1.3320457935333252
18-01-1985,3.2066779136657715,3.2683451175689697,1030537,3.2683451175689697,3.2683451175689697,1.3320457935333252
21-01-1985,3.2375121116638184,3.2683451175689697,2157965,3.5766799449920654,3.330012083053589,1.3571795225143433
22-01-1985,3.2991790771484375,3.330012083053589,3397285,3.453346014022827,3.3608460426330566,1.369746446609497
23-01-1985,3.2683451175689697,3.2683451175689697,6259436,3.453346014022827,3.422513008117676,1.3948785066604614
24-01-1985,3.4841790199279785,3.4841790199279785,4990522,3.669179916381836,3.607512950897217,1.4702767133712769
25-01-1985,3.5458459854125977,3.6383469104766846,3261880,3.700014114379883,3.669179916381836,1.4954094886779785
28-01-1985,3.6383469104766846,3.700014114379883,3636473,3.730846881866455,3.669179916381836,1.4954094886779785
29-01-1985,3.607512950897217,3.669179916381836,1822291,3.730846881866455,3.700014114379883,1.50797700881958
30-01-1985,3.700014114379883,3.7616798877716064,4937820,3.8233470916748047,3.7616798877716064,1.533109426498413
31-01-1985,3.669179916381836,3.7616798877716064,2578369,3.7616798877716064,3.730846881866455,1.5205432176589966
01-02-1985,3.5458459854125977,3.6383469104766846,2234586,3.730846881866455,3.6383469104766846,1.4828437566757202
04-02-1985,3.5766799449920654,3.5766799449920654,2441748,3.700014114379883,3.6383469104766846,1.4828437566757202
05-02-1985,3.5766799449920654,3.669179916381836,2891341,3.700014114379883,3.607512950897217,1.4702767133712769
06-02-1985,3.5150129795074463,3.5766799449920654,3026340,3.607512950897217,3.5458459854125977,1.4451438188552856
07-02-1985,3.5458459854125977,3.5458459854125977,1667832,3.6383469104766846,3.607512950897217,1.4702767133712769
08-02-1985,3.5766799449920654,3.607512950897217,2090263,3.669179916381836,3.6383469104766846,1.4828437566757202
11-02-1985,3.607512950897217,3.6383469104766846,1589589,3.669179916381836,3.6383469104766846,1.4828437566757202
12-02-1985,3.5458459854125977,3.6383469104766846,1761480,3.669179916381836,3.607512950897217,1.4702767133712769
13-02-1985,3.5458459854125977,3.607512950897217,1496346,3.6383469104766846,3.5766799449920654,1.4577112197875977
14-02-1985,3.5458459854125977,3.607512950897217,2234181,3.607512950897217,3.5766799449920654,1.4577112197875977
15-02-1985,3.453346014022827,3.5766799449920654,2840665,3.607512950897217,3.4841790199279785,1.4200105667114258
19-02-1985,3.4841790199279785,3.5458459854125977,2104857,3.5766799449920654,3.5458459854125977,1.4451438188552856
20-02-1985,3.453346014022827,3.5150129795074463,2432829,3.5766799449920654,3.5150129795074463,1.4325778484344482
21-02-1985,3.4841790199279785,3.5458459854125977,1236077,3.5458459854125977,3.5458459854125977,1.4451438188552856
22-02-1985,3.5150129795074463,3.5150129795074463,947024,3.5458459854125977,3.5458459854125977,1.4451438188552856
25-02-1985,3.4841790199279785,3.5150129795074463,1253914,3.5458459854125977,3.5150129795074463,1.4325778484344482
26-02-1985,3.4841790199279785,3.5150129795074463,3115124,3.5458459854125977,3.5150129795074463,1.4325778484344482
27-02-1985,3.453346014022827,3.5150129795074463,693241,3.5458459854125977,3.4841790199279785,1.4200105667114258
28-02-1985,3.4841790199279785,3.5150129795074463,1843777,3.5766799449920654,3.5766799449920654,1.4577112197875977
01-03-1985,3.5150129795074463,3.5458459854125977,1584319,3.607512950897217,3.5766799449920654,1.4577112197875977
04-03-1985,3.5766799449920654,3.5766799449920654,3468636,3.669179916381836,3.6383469104766846,1.4828437566757202
05-03-1985,3.6383469104766846,3.669179916381836,2504991,3.7616798877716064,3.730846881866455,1.5205432176589966
06-03-1985,3.700014114379883,3.730846881866455,2551612,3.7616798877716064,3.730846881866455,1.5205432176589966
07-03-1985,3.6383469104766846,3.669179916381836,1058915,3.700014114379883,3.669179916381836,1.4954094886779785
08-03-1985,3.669179916381836,3.669179916381836,1122969,3.7616798877716064,3.700014114379883,1.50797700881958
11-03-1985,3.669179916381836,3.700014114379883,862294,3.730846881866455,3.669179916381836,1.4954094886779785
12-03-1985,3.669179916381836,3.700014114379883,1544994,3.700014114379883,3.669179916381836,1.4954094886779785
13-03-1985,3.6383469104766846,3.669179916381836,1046348,3.700014114379883,3.669179916381836,1.5047160387039185
14-03-1985,3.6383469104766846,3.669179916381836,776754,3.700014114379883,3.669179916381836,1.5047160387039185
15-03-1985,3.6383469104766846,3.669179916381836,1110401,3.700014114379883,3.6383469104766846,1.4920719861984253
18-03-1985,3.6383469104766846,3.6383469104766846,2147425,3.730846881866455,3.669179916381836,1.5047160387039185
19-03-1985,3.669179916381836,3.700014114379883,1073510,3.7925140857696533,3.7616798877716064,1.5426504611968994
20-03-1985,3.730846881866455,3.7925140857696533,1722561,3.8233470916748047,3.7616798877716064,1.5426504611968994
21-03-1985,3.730846881866455,3.7616798877716064,1045942,3.7925140857696533,3.7616798877716064,1.5426504611968994
22-03-1985,3.7616798877716064,3.7616798877716064,2648098,3.8541810512542725,3.7925140857696533,1.5552946329116821
25-03-1985,3.7925140857696533,3.7925140857696533,1448103,3.9158480167388916,3.9158480167388916,1.6058741807937622
26-03-1985,3.885014057159424,3.9158480167388916,3366474,4.008347988128662,3.9158480167388916,1.6058741807937622
27-03-1985,3.885014057159424,3.9158480167388916,1550265,3.946681022644043,3.9158480167388916,1.6058741807937622
28-03-1985,3.7925140857696533,3.9158480167388916,1640670,4.162515163421631,3.8233470916748047,1.5679391622543335
29-03-1985,3.730846881866455,3.8233470916748047,1182969,3.885014057159424,3.885014057159424,1.5932297706604004
01-04-1985,3.8541810512542725,3.885014057159424,5172954,3.9775149822235107,3.9775149822235107,1.6311641931533813
02-04-1985,3.946681022644043,3.9775149822235107,1722561,4.008347988128662,3.9775149822235107,1.6311641931533813
03-04-1985,3.9158480167388916,3.9775149822235107,1017158,3.9775149822235107,3.9158480167388916,1.6058741807937622
04-04-1985,3.8541810512542725,3.946681022644043,1231617,3.946681022644043,3.946681022644043,1.6185182332992554
08-04-1985,3.885014057159424,3.946681022644043,518917,3.946681022644043,3.9158480167388916,1.6058741807937622
09-04-1985,3.8233470916748047,3.885014057159424,1342698,3.9158480167388916,3.8541810512542725,1.5805844068527222
10-04-1985,3.8233470916748047,3.885014057159424,2147019,3.9158480167388916,3.9158480167388916,1.6058741807937622
11-04-1985,3.8541810512542725,3.9158480167388916,3452825,3.9158480167388916,3.9158480167388916,1.6058741807937622
12-04-1985,3.8541810512542725,3.9158480167388916,1480941,3.9158480167388916,3.9158480167388916,1.6058741807937622
15-04-1985,3.8233470916748047,3.885014057159424,874862,3.9158480167388916,3.9158480167388916,1.6058741807937622
16-04-1985,3.8233470916748047,3.9158480167388916,1002969,3.9158480167388916,3.9158480167388916,1.6058741807937622
17-04-1985,3.8541810512542725,3.9158480167388916,680268,3.9158480167388916,3.885014057159424,1.5932297706604004
18-04-1985,3.8541810512542725,3.9158480167388916,1243779,3.946681022644043,3.9158480167388916,1.6058741807937622
19-04-1985,3.8233470916748047,3.9158480167388916,880132,3.9158480167388916,3.9158480167388916,1.6058741807937622
22-04-1985,3.8233470916748047,3.9158480167388916,664862,3.9158480167388916,3.885014057159424,1.5932297706604004
23-04-1985,3.8233470916748047,3.8541810512542725,4877009,3.885014057159424,3.885014057159424,1.5932297706604004
24-04-1985,3.8541810512542725,3.885014057159424,1243374,3.885014057159424,3.8541810512542725,1.5805844068527222
25-04-1985,3.8233470916748047,3.8541810512542725,2650936,3.9158480167388916,3.8233470916748047,1.5679391622543335
26-04-1985,3.7616798877716064,3.8233470916748047,1649183,3.8541810512542725,3.8233470916748047,1.5679391622543335
29-04-1985,3.669179916381836,3.7925140857696533,1172428,3.8233470916748047,3.700014114379883,1.5173616409301758
30-04-1985,3.669179916381836,3.700014114379883,680268,3.730846881866455,3.700014114379883,1.5173616409301758
01-05-1985,3.6383469104766846,3.700014114379883,1009050,3.700014114379883,3.700014114379883,1.5173616409301758
02-05-1985,3.6383469104766846,3.6383469104766846,592701,3.669179916381836,3.669179916381836,1.5047160387039185
03-05-1985,3.6383469104766846,3.669179916381836,828240,3.700014114379883,3.669179916381836,1.5047160387039185
06-05-1985,3.6383469104766846,3.669179916381836,513241,3.669179916381836,3.6383469104766846,1.4920719861984253
07-05-1985,3.5766799449920654,3.669179916381836,3110259,3.669179916381836,3.6383469104766846,1.4920719861984253
08-05-1985,3.607512950897217,3.607512950897217,1330941,3.669179916381836,3.6383469104766846,1.4920719861984253
09-05-1985,3.607512950897217,3.6383469104766846,1499994,3.700014114379883,3.669179916381836,1.5047160387039185
10-05-1985,3.669179916381836,3.700014114379883,1554319,3.7616798877716064,3.700014114379883,1.5173616409301758
13-05-1985,3.700014114379883,3.730846881866455,1081212,3.7925140857696533,3.7925140857696533,1.5552946329116821
14-05-1985,3.7616798877716064,3.7925140857696533,1658102,3.8233470916748047,3.7616798877716064,1.5426504611968994
15-05-1985,3.730846881866455,3.7925140857696533,960807,3.7925140857696533,3.730846881866455,1.530005931854248
16-05-1985,3.700014114379883,3.730846881866455,1027699,3.7616798877716064,3.730846881866455,1.530005931854248
17-05-1985,3.669179916381836,3.730846881866455,2512693,3.730846881866455,3.730846881866455,1.530005931854248
20-05-1985,3.700014114379883,3.7616798877716064,1634589,3.7925140857696533,3.730846881866455,1.530005931854248
21-05-1985,3.700014114379883,3.730846881866455,1316347,3.7616798877716064,3.7616798877716064,1.5426504611968994
22-05-1985,3.669179916381836,3.7616798877716064,1040266,3.7616798877716064,3.730846881866455,1.530005931854248
23-05-1985,3.700014114379883,3.730846881866455,653917,3.730846881866455,3.730846881866455,1.530005931854248
24-05-1985,3.700014114379883,3.730846881866455,1142023,3.7616798877716064,3.7616798877716064,1.5426504611968994
28-05-1985,3.669179916381836,3.7616798877716064,968510,3.7616798877716064,3.700014114379883,1.5173616409301758
29-05-1985,3.669179916381836,3.700014114379883,2121479,3.7616798877716064,3.7616798877716064,1.5426504611968994
30-05-1985,3.730846881866455,3.730846881866455,560674,3.7616798877716064,3.730846881866455,1.530005931854248
31-05-1985,3.700014114379883,3.730846881866455,929997,3.7616798877716064,3.7616798877716064,1.5426504611968994
03-06-1985,3.730846881866455,3.730846881866455,1482968,3.7925140857696533,3.7616798877716064,1.5426504611968994
04-06-1985,3.700014114379883,3.730846881866455,1403103,3.7616798877716064,3.730846881866455,1.539291501045227
05-06-1985,3.700014114379883,3.730846881866455,1054861,3.7616798877716064,3.730846881866455,1.539291501045227
06-06-1985,3.700014114379883,3.730846881866455,1172023,3.730846881866455,3.730846881866455,1.539291501045227
07-06-1985,3.669179916381836,3.730846881866455,968915,3.7616798877716064,3.669179916381836,1.5138492584228516
10-06-1985,3.669179916381836,3.700014114379883,1071888,3.730846881866455,3.700014114379883,1.5265705585479736
11-06-1985,3.669179916381836,3.730846881866455,651889,3.730846881866455,3.669179916381836,1.5138492584228516
12-06-1985,3.669179916381836,3.700014114379883,886213,3.730846881866455,3.730846881866455,1.539291501045227
13-06-1985,3.6383469104766846,3.700014114379883,1384049,3.730846881866455,3.6383469104766846,1.501128077507019
14-06-1985,3.6383469104766846,3.669179916381836,803916,3.700014114379883,3.669179916381836,1.5138492584228516
17-06-1985,3.669179916381836,3.669179916381836,2571477,3.8233470916748047,3.8233470916748047,1.577455759048462
18-06-1985,3.8233470916748047,3.8541810512542725,2560126,3.946681022644043,3.946681022644043,1.628341555595398
19-06-1985,3.946681022644043,3.9775149822235107,3767824,4.1316819190979,4.100848197937012,1.6919492483139038
20-06-1985,4.039181232452393,4.070014953613281,4358092,4.1316819190979,4.100848197937012,1.6919492483139038
21-06-1985,3.6383469104766846,4.100848197937012,3922688,4.1316819190979,3.9158480167388916,1.6156202554702759
24-06-1985,3.7616798877716064,3.885014057159424,2716206,3.946681022644043,3.946681022644043,1.628341555595398
25-06-1985,3.885014057159424,3.946681022644043,2474586,4.039181232452393,3.946681022644043,1.628341555595398
26-06-1985,3.7616798877716064,3.9158480167388916,2233370,3.9158480167388916,3.9158480167388916,1.6156202554702759
27-06-1985,3.700014114379883,3.7925140857696533,6875650,3.8233470916748047,3.730846881866455,1.539291501045227
28-06-1985,3.730846881866455,3.7616798877716064,4889171,3.8541810512542725,3.7925140857696533,1.5647342205047607
01-07-1985,3.7925140857696533,3.8233470916748047,1486211,3.9158480167388916,3.9158480167388916,1.6156202554702759
02-07-1985,3.7616798877716064,3.9158480167388916,1506481,3.946681022644043,3.8233470916748047,1.577455759048462
03-07-1985,3.7925140857696533,3.8233470916748047,2563369,3.8541810512542725,3.8233470916748047,1.577455759048462
05-07-1985,3.7616798877716064,3.8233470916748047,647835,3.8233470916748047,3.8233470916748047,1.577455759048462
08-07-1985,3.730846881866455,3.8233470916748047,1122563,3.8233470916748047,3.7616798877716064,1.5520124435424805
09-07-1985,3.730846881866455,3.730846881866455,4406741,4.008347988128662,3.946681022644043,1.628341555595398
10-07-1985,3.8233470916748047,3.885014057159424,2230532,3.9158480167388916,3.9158480167388916,1.6156202554702759
11-07-1985,3.885014057159424,3.9158480167388916,2112560,4.039181232452393,3.9775149822235107,1.6410634517669678
12-07-1985,3.730846881866455,3.9775149822235107,1444454,4.070014953613281,3.885014057159424,1.6028988361358643
15-07-1985,3.453346014022827,3.6383469104766846,3291069,3.7616798877716064,3.453346014022827,1.4247989654541016
16-07-1985,3.453346014022827,3.607512950897217,11501309,3.7616798877716064,3.700014114379883,1.5265705585479736
17-07-1985,3.730846881866455,3.7616798877716064,3650662,3.7925140857696533,3.7616798877716064,1.5520124435424805
18-07-1985,3.700014114379883,3.730846881866455,1153780,3.7925140857696533,3.7616798877716064,1.5520124435424805
19-07-1985,3.730846881866455,3.730846881866455,1884317,3.7925140857696533,3.7925140857696533,1.5647342205047607
22-07-1985,3.730846881866455,3.7616798877716064,1039861,3.7925140857696533,3.7925140857696533,1.5647342205047607
23-07-1985,3.7616798877716064,3.7925140857696533,2413775,3.885014057159424,3.7616798877716064,1.5520124435424805
24-07-1985,3.669179916381836,3.7616798877716064,1636616,3.7925140857696533,3.730846881866455,1.539291501045227
25-07-1985,3.700014114379883,3.7616798877716064,1532427,3.7925140857696533,3.730846881866455,1.539291501045227
26-07-1985,3.6383469104766846,3.730846881866455,3818905,3.730846881866455,3.6383469104766846,1.501128077507019
29-07-1985,3.5766799449920654,3.6383469104766846,1088510,3.669179916381836,3.607512950897217,1.4884058237075806
30-07-1985,3.5766799449920654,3.6383469104766846,1163104,3.6383469104766846,3.607512950897217,1.4884058237075806
31-07-1985,3.5766799449920654,3.607512950897217,1867696,3.607512950897217,3.607512950897217,1.4884058237075806
01-08-1985,3.5766799449920654,3.6383469104766846,882970,3.6383469104766846,3.6383469104766846,1.501128077507019
02-08-1985,3.5766799449920654,3.607512950897217,689187,3.6383469104766846,3.607512950897217,1.4884058237075806
05-08-1985,3.5766799449920654,3.607512950897217,937294,3.6383469104766846,3.5766799449920654,1.4756851196289062
06-08-1985,3.5766799449920654,3.5766799449920654,1274590,3.669179916381836,3.5766799449920654,1.4756851196289062
07-08-1985,3.5150129795074463,3.5458459854125977,1604589,3.5766799449920654,3.5458459854125977,1.4629634618759155
08-08-1985,3.5150129795074463,3.5150129795074463,485268,3.5458459854125977,3.5458459854125977,1.4629634618759155
09-08-1985,3.4841790199279785,3.5150129795074463,487296,3.5458459854125977,3.4841790199279785,1.4375203847885132
12-08-1985,3.453346014022827,3.5150129795074463,835943,3.5150129795074463,3.453346014022827,1.4247989654541016
13-08-1985,3.453346014022827,3.453346014022827,595538,3.5150129795074463,3.453346014022827,1.4247989654541016
14-08-1985,3.453346014022827,3.453346014022827,738646,3.4841790199279785,3.453346014022827,1.4247989654541016
15-08-1985,3.391679048538208,3.453346014022827,1563643,3.4841790199279785,3.453346014022827,1.4247989654541016
16-08-1985,3.3608460426330566,3.422513008117676,977834,3.453346014022827,3.391679048538208,1.399356484413147
19-08-1985,3.330012083053589,3.391679048538208,696484,3.391679048538208,3.330012083053589,1.3739135265350342
20-08-1985,3.391679048538208,3.391679048538208,1475265,3.5150129795074463,3.453346014022827,1.4247989654541016
21-08-1985,3.422513008117676,3.5150129795074463,1112023,3.5150129795074463,3.5150129795074463,1.4502427577972412
22-08-1985,3.453346014022827,3.5150129795074463,784457,3.5458459854125977,3.4841790199279785,1.4375203847885132
23-08-1985,3.422513008117676,3.4841790199279785,681889,3.5458459854125977,3.5458459854125977,1.4629634618759155
26-08-1985,3.4841790199279785,3.4841790199279785,590268,3.5766799449920654,3.5458459854125977,1.4629634618759155
27-08-1985,3.4841790199279785,3.5458459854125977,617430,3.5458459854125977,3.5458459854125977,1.4629634618759155
28-08-1985,3.5458459854125977,3.5458459854125977,1071483,3.5766799449920654,3.5766799449920654,1.4756851196289062
29-08-1985,3.5458459854125977,3.5458459854125977,1017564,3.6383469104766846,3.6383469104766846,1.501128077507019
30-08-1985,3.607512950897217,3.6383469104766846,879321,3.669179916381836,3.6383469104766846,1.501128077507019
03-09-1985,3.607512950897217,3.669179916381836,1190671,3.669179916381836,3.607512950897217,1.4884058237075806
04-09-1985,3.5150129795074463,3.607512950897217,1929317,3.6383469104766846,3.5766799449920654,1.4756851196289062
05-09-1985,3.4841790199279785,3.5458459854125977,419593,3.5766799449920654,3.4841790199279785,1.4375203847885132
06-09-1985,3.453346014022827,3.5150129795074463,1146077,3.5458459854125977,3.5150129795074463,1.4502427577972412
09-09-1985,3.453346014022827,3.5766799449920654,719187,3.607512950897217,3.5766799449920654,1.4852741956710815
10-09-1985,3.4841790199279785,3.5766799449920654,416755,3.607512950897217,3.4841790199279785,1.446860909461975
11-09-1985,3.453346014022827,3.5150129795074463,387161,3.5150129795074463,3.453346014022827,1.4340574741363525
12-09-1985,3.391679048538208,3.453346014022827,601214,3.4841790199279785,3.422513008117676,1.421252965927124
13-09-1985,3.2375121116638184,3.422513008117676,702565,3.453346014022827,3.391679048538208,1.4084495306015015
16-09-1985,3.330012083053589,3.3608460426330566,489323,3.422513008117676,3.330012083053589,1.3828409910202026
17-09-1985,3.330012083053589,3.3608460426330566,1119320,3.422513008117676,3.391679048538208,1.4084495306015015
18-09-1985,3.330012083053589,3.391679048538208,560268,3.5150129795074463,3.330012083053589,1.3828409910202026
19-09-1985,3.3608460426330566,3.3608460426330566,816889,3.453346014022827,3.453346014022827,1.4340574741363525
20-09-1985,3.3608460426330566,3.422513008117676,638511,3.422513008117676,3.391679048538208,1.4084495306015015
23-09-1985,3.391679048538208,3.422513008117676,584592,3.453346014022827,3.453346014022827,1.4340574741363525
24-09-1985,3.2991790771484375,3.453346014022827,1661345,3.453346014022827,3.330012083053589,1.3828409910202026
25-09-1985,3.1450119018554688,3.2991790771484375,1706750,3.330012083053589,3.2066779136657715,1.3316240310668945
26-09-1985,3.114177942276001,3.17584490776062,1342292,3.2066779136657715,3.17584490776062,1.3188207149505615
30-09-1985,3.114177942276001,3.114177942276001,1577021,3.17584490776062,3.1450119018554688,1.3060165643692017
01-10-1985,3.114177942276001,3.1450119018554688,1195131,3.2683451175689697,3.2683451175689697,1.3572330474853516
02-10-1985,3.052510976791382,3.2683451175689697,3979039,3.2683451175689697,3.114177942276001,1.2932125329971313
03-10-1985,3.0833449363708496,3.114177942276001,2218370,3.1450119018554688,3.1450119018554688,1.3060165643692017
04-10-1985,3.0833449363708496,3.1450119018554688,1090131,3.17584490776062,3.0833449363708496,1.2804087400436401
07-10-1985,3.0833449363708496,3.0833449363708496,1430265,3.1450119018554688,3.1450119018554688,1.3060165643692017
08-10-1985,3.1450119018554688,3.17584490776062,1426616,3.2375121116638184,3.2375121116638184,1.3444288969039917
09-10-1985,3.2066779136657715,3.2066779136657715,1104320,3.2683451175689697,3.2066779136657715,1.3316240310668945
10-10-1985,3.17584490776062,3.2066779136657715,589863,3.2375121116638184,3.2375121116638184,1.3444288969039917
11-10-1985,3.2375121116638184,3.2683451175689697,1504859,3.3608460426330566,3.3608460426330566,1.395645260810852
14-10-1985,3.330012083053589,3.3608460426330566,1497562,3.391679048538208,3.391679048538208,1.4084495306015015
15-10-1985,3.2683451175689697,3.391679048538208,1086482,3.391679048538208,3.330012083053589,1.3828409910202026
16-10-1985,3.2991790771484375,3.330012083053589,897159,3.3608460426330566,3.330012083053589,1.3828409910202026
17-10-1985,3.2991790771484375,3.3608460426330566,935267,3.3608460426330566,3.330012083053589,1.3828409910202026
18-10-1985,3.330012083053589,3.3608460426330566,1016753,3.3608460426330566,3.3608460426330566,1.395645260810852
21-10-1985,3.330012083053589,3.3608460426330566,651079,3.3608460426330566,3.3608460426330566,1.395645260810852
22-10-1985,3.2991790771484375,3.3608460426330566,1009861,3.3608460426330566,3.330012083053589,1.3828409910202026
23-10-1985,3.2991790771484375,3.2991790771484375,650268,3.330012083053589,3.2991790771484375,1.3700363636016846
24-10-1985,3.2683451175689697,3.330012083053589,853375,3.330012083053589,3.330012083053589,1.3828409910202026
25-10-1985,3.2066779136657715,3.2683451175689697,1080401,3.2991790771484375,3.2066779136657715,1.3316240310668945
28-10-1985,3.17584490776062,3.2375121116638184,921889,3.2375121116638184,3.2066779136657715,1.3316240310668945
29-10-1985,3.17584490776062,3.17584490776062,641754,3.2066779136657715,3.2066779136657715,1.3316240310668945
30-10-1985,3.0833449363708496,3.2066779136657715,2164857,3.2066779136657715,3.1450119018554688,1.3060165643692017
31-10-1985,3.114177942276001,3.1450119018554688,1728642,3.17584490776062,3.17584490776062,1.3188207149505615
01-11-1985,3.1450119018554688,3.17584490776062,928780,3.17584490776062,3.17584490776062,1.3188207149505615
04-11-1985,3.114177942276001,3.1450119018554688,1700669,3.17584490776062,3.1450119018554688,1.3060165643692017
05-11-1985,3.114177942276001,3.1450119018554688,4694577,3.2991790771484375,3.2991790771484375,1.3700363636016846
06-11-1985,3.2066779136657715,3.2991790771484375,1375535,3.330012083053589,3.2683451175689697,1.3572330474853516
07-11-1985,3.2066779136657715,3.2683451175689697,1971479,3.2683451175689697,3.2375121116638184,1.3444288969039917
08-11-1985,3.2066779136657715,3.2375121116638184,1709588,3.2375121116638184,3.2375121116638184,1.3444288969039917
11-11-1985,3.17584490776062,3.2375121116638184,1970668,3.2375121116638184,3.2066779136657715,1.3316240310668945
12-11-1985,3.17584490776062,3.2066779136657715,5391872,3.2066779136657715,3.2066779136657715,1.3316240310668945
13-11-1985,3.17584490776062,3.2066779136657715,8035106,3.2991790771484375,3.2683451175689697,1.3572330474853516
14-11-1985,3.2375121116638184,3.2683451175689697,8095916,3.453346014022827,3.453346014022827,1.4340574741363525
15-11-1985,3.422513008117676,3.453346014022827,5513493,3.5766799449920654,3.5150129795074463,1.459666132926941
18-11-1985,3.453346014022827,3.5150129795074463,3311339,3.5150129795074463,3.4841790199279785,1.446860909461975
19-11-1985,3.422513008117676,3.4841790199279785,4175660,3.4841790199279785,3.422513008117676,1.421252965927124
20-11-1985,3.2991790771484375,3.453346014022827,4378362,3.453346014022827,3.391679048538208,1.4084495306015015
21-11-1985,3.330012083053589,3.330012083053589,10889149,3.422513008117676,3.330012083053589,1.3828409910202026
22-11-1985,3.330012083053589,3.3608460426330566,22572890,3.453346014022827,3.453346014022827,1.4340574741363525
25-11-1985,3.330012083053589,3.453346014022827,20813437,3.4841790199279785,3.391679048538208,1.4084495306015015
26-11-1985,3.391679048538208,3.391679048538208,12113469,3.5150129795074463,3.453346014022827,1.4340574741363525
27-11-1985,3.453346014022827,3.453346014022827,13309411,3.669179916381836,3.669179916381836,1.5236859321594238
29-11-1985,3.700014114379883,3.700014114379883,8959427,3.8233470916748047,3.730846881866455,1.5492932796478271
02-12-1985,3.453346014022827,3.730846881866455,10633745,3.7616798877716064,3.6383469104766846,1.5108823776245117
03-12-1985,3.5766799449920654,3.6383469104766846,4735118,3.700014114379883,3.700014114379883,1.5364903211593628
04-12-1985,3.700014114379883,3.730846881866455,13925625,3.885014057159424,3.885014057159424,1.6133143901824951
05-12-1985,3.5150129795074463,3.885014057159424,5999978,3.9158480167388916,3.8233470916748047,1.587706446647644
06-12-1985,3.7616798877716064,3.8233470916748047,4662145,3.8541810512542725,3.8233470916748047,1.587706446647644
09-12-1985,3.7616798877716064,3.8233470916748047,3416339,3.8541810512542725,3.8233470916748047,1.5971864461898804
10-12-1985,3.7925140857696533,3.8541810512542725,3325123,3.8541810512542725,3.8541810512542725,1.6100667715072632
11-12-1985,3.7925140857696533,3.8541810512542725,9393209,3.946681022644043,3.9158480167388916,1.6358277797698975
12-12-1985,3.8541810512542725,3.9158480167388916,5148630,3.946681022644043,3.946681022644043,1.6487083435058594
13-12-1985,3.730846881866455,3.9158480167388916,6283761,3.946681022644043,3.9158480167388916,1.6358277797698975
16-12-1985,3.8541810512542725,3.9158480167388916,4256741,3.946681022644043,3.946681022644043,1.6487083435058594
17-12-1985,3.8233470916748047,3.946681022644043,3627554,3.946681022644043,3.885014057159424,1.6229480504989624
18-12-1985,3.7616798877716064,3.8541810512542725,4581064,3.9158480167388916,3.7925140857696533,1.5843063592910767
19-12-1985,3.5150129795074463,3.700014114379883,8797265,3.7616798877716064,3.700014114379883,1.5456643104553223
20-12-1985,3.6383469104766846,3.669179916381836,3291474,3.730846881866455,3.700014114379883,1.5456643104553223
23-12-1985,3.6383469104766846,3.730846881866455,5112143,3.730846881866455,3.700014114379883,1.5456643104553223
24-12-1985,3.669179916381836,3.700014114379883,1353238,3.730846881866455,3.730846881866455,1.558544635772705
26-12-1985,3.669179916381836,3.730846881866455,1620805,3.7616798877716064,3.730846881866455,1.558544635772705
27-12-1985,3.669179916381836,3.730846881866455,3231069,3.885014057159424,3.885014057159424,1.6229480504989624
30-12-1985,3.7925140857696533,3.8541810512542725,2050533,3.885014057159424,3.8233470916748047,1.5971864461898804
31-12-1985,3.8233470916748047,3.8541810512542725,2547964,3.885014057159424,3.885014057159424,1.6229480504989624
02-01-1986,3.8233470916748047,3.8541810512542725,2728774,3.885014057159424,3.8233470916748047,1.5971864461898804
03-01-1986,3.8233470916748047,3.8541810512542725,2031884,3.8541810512542725,3.8541810512542725,1.6100667715072632
06-01-1986,3.7925140857696533,3.8541810512542725,2716612,3.8541810512542725,3.8541810512542725,1.6100667715072632
07-01-1986,3.8233470916748047,3.8541810512542725,7390513,4.008347988128662,3.9775149822235107,1.6615889072418213
08-01-1986,3.8541810512542725,4.008347988128662,4418903,4.008347988128662,3.8541810512542725,1.6100667715072632
09-01-1986,3.8233470916748047,3.8233470916748047,4216201,3.9158480167388916,3.9158480167388916,1.6358277797698975
10-01-1986,3.9158480167388916,3.9775149822235107,4418903,4.008347988128662,3.9775149822235107,1.6615889072418213
13-01-1986,3.946681022644043,4.008347988128662,3370528,4.039181232452393,4.039181232452393,1.687349557876587
14-01-1986,3.9775149822235107,4.039181232452393,2617288,4.070014953613281,4.008347988128662,1.6744694709777832
15-01-1986,3.9775149822235107,3.9775149822235107,2343640,4.039181232452393,4.008347988128662,1.6744694709777832
16-01-1986,3.9775149822235107,4.039181232452393,1880669,4.070014953613281,4.039181232452393,1.687349557876587
17-01-1986,3.9775149822235107,4.070014953613281,3987958,4.070014953613281,3.9775149822235107,1.6615889072418213
20-01-1986,3.9158480167388916,3.9775149822235107,1842155,3.9775149822235107,3.946681022644043,1.6487083435058594
21-01-1986,3.9158480167388916,3.946681022644043,1489859,3.9775149822235107,3.9775149822235107,1.6615889072418213
22-01-1986,3.9158480167388916,3.9158480167388916,1522292,3.9775149822235107,3.946681022644043,1.6487083435058594
23-01-1986,3.9158480167388916,3.9158480167388916,1622021,3.9775149822235107,3.9775149822235107,1.6615889072418213
24-01-1986,3.9158480167388916,3.9775149822235107,1833642,3.9775149822235107,3.9775149822235107,1.6615889072418213
27-01-1986,3.9158480167388916,3.9775149822235107,1540535,3.9775149822235107,3.9775149822235107,1.6615889072418213
28-01-1986,3.885014057159424,3.946681022644043,2102425,3.9775149822235107,3.946681022644043,1.6487083435058594
29-01-1986,3.9158480167388916,3.946681022644043,4025661,4.008347988128662,3.9775149822235107,1.6615889072418213
30-01-1986,3.9158480167388916,3.9775149822235107,2203776,3.9775149822235107,3.946681022644043,1.6487083435058594
31-01-1986,3.9158480167388916,3.946681022644043,2682963,3.9775149822235107,3.946681022644043,1.6487083435058594
03-02-1986,3.9158480167388916,3.9158480167388916,1390130,3.946681022644043,3.946681022644043,1.6487083435058594
04-02-1986,3.8541810512542725,3.946681022644043,2934314,3.946681022644043,3.9158480167388916,1.6358277797698975
05-02-1986,3.7925140857696533,3.9158480167388916,3047827,3.9158480167388916,3.8233470916748047,1.5971864461898804
06-02-1986,3.7616798877716064,3.7925140857696533,2609180,3.8233470916748047,3.8233470916748047,1.5971864461898804
07-02-1986,3.730846881866455,3.7925140857696533,1717696,3.8233470916748047,3.7925140857696533,1.5843063592910767
10-02-1986,3.7616798877716064,3.7616798877716064,2191208,3.885014057159424,3.7925140857696533,1.5843063592910767
11-02-1986,3.7616798877716064,3.8233470916748047,2129181,3.8541810512542725,3.8541810512542725,1.6100667715072632
12-02-1986,3.7616798877716064,3.8541810512542725,2169722,3.8541810512542725,3.7616798877716064,1.5714248418807983
13-02-1986,3.7925140857696533,3.8233470916748047,3415528,3.8541810512542725,3.8233470916748047,1.5971864461898804
14-02-1986,3.8233470916748047,3.885014057159424,2734044,3.9158480167388916,3.9158480167388916,1.6358277797698975
18-02-1986,3.9158480167388916,3.946681022644043,3130934,3.946681022644043,3.946681022644043,1.6487083435058594
19-02-1986,3.946681022644043,3.946681022644043,8193213,4.162515163421631,4.162515163421631,1.7388722896575928
20-02-1986,4.22418212890625,4.316682815551758,8006727,4.501683235168457,4.44001579284668,1.8547965288162231
21-02-1986,4.316682815551758,4.470849990844727,6810786,4.532516956329346,4.347516059875488,1.8161555528640747
24-02-1986,4.255015850067139,4.3783488273620605,3501879,4.3783488273620605,4.3783488273620605,1.8290361166000366
25-02-1986,4.347516059875488,4.3783488273620605,2656206,4.44001579284668,4.44001579284668,1.8547965288162231
26-02-1986,4.316682815551758,4.409183025360107,2625396,4.44001579284668,4.347516059875488,1.8161555528640747
27-02-1986,4.316682815551758,4.409183025360107,2330667,4.409183025360107,4.3783488273620605,1.8290361166000366
28-02-1986,4.316682815551758,4.3783488273620605,3065664,4.44001579284668,4.409183025360107,1.841916561126709
03-03-1986,4.316682815551758,4.409183025360107,2358235,4.44001579284668,4.3783488273620605,1.8290361166000366
04-03-1986,4.255015850067139,4.347516059875488,1662967,4.3783488273620605,4.285849094390869,1.7903941869735718
05-03-1986,4.162515163421631,4.22418212890625,2205803,4.255015850067139,4.22418212890625,1.764633297920227
06-03-1986,4.22418212890625,4.255015850067139,2417829,4.316682815551758,4.316682815551758,1.803274393081665
07-03-1986,4.285849094390869,4.316682815551758,1949993,4.3783488273620605,4.347516059875488,1.8161555528640747
10-03-1986,4.285849094390869,4.316682815551758,3368501,4.409183025360107,4.409183025360107,1.841916561126709
11-03-1986,4.316682815551758,4.409183025360107,4702685,4.409183025360107,4.409183025360107,1.8522790670394897
12-03-1986,4.3783488273620605,4.409183025360107,7086460,4.501683235168457,4.44001579284668,1.865232229232788
13-03-1986,4.409183025360107,4.470849990844727,4175660,4.594183921813965,4.594183921813965,1.929997205734253
14-03-1986,4.594183921813965,4.625017166137695,4945928,4.810018062591553,4.748351097106934,1.9947630167007446
17-03-1986,4.625017166137695,4.6866841316223145,2459586,4.748351097106934,4.655849933624268,1.9559022188186646
18-03-1986,4.655849933624268,4.655849933624268,2691477,4.748351097106934,4.748351097106934,1.9947630167007446
19-03-1986,4.717516899108887,4.748351097106934,4581064,4.840850830078125,4.810018062591553,2.0206685066223145
20-03-1986,4.717516899108887,4.840850830078125,3395663,4.871685028076172,4.748351097106934,1.9947630167007446
21-03-1986,4.563350200653076,4.779183864593506,3798229,4.810018062591553,4.655849933624268,1.9559022188186646
24-03-1986,4.625017166137695,4.6866841316223145,3099313,4.717516899108887,4.6866841316223145,1.9688557386398315
25-03-1986,4.625017166137695,4.655849933624268,1834858,4.6866841316223145,4.6866841316223145,1.9688557386398315
26-03-1986,4.563350200653076,4.6866841316223145,2185127,4.6866841316223145,4.563350200653076,1.9170429706573486
27-03-1986,4.532516956329346,4.594183921813965,2173776,4.594183921813965,4.563350200653076,1.9170429706573486
31-03-1986,4.470849990844727,4.563350200653076,1485805,4.594183921813965,4.470849990844727,1.8781850337982178
01-04-1986,4.44001579284668,4.470849990844727,4864847,4.532516956329346,4.470849990844727,1.8781850337982178
02-04-1986,4.44001579284668,4.470849990844727,3532690,4.563350200653076,4.563350200653076,1.9170429706573486
03-04-1986,4.532516956329346,4.594183921813965,4378362,4.6866841316223145,4.563350200653076,1.9170429706573486
04-04-1986,4.470849990844727,4.563350200653076,2366748,4.625017166137695,4.501683235168457,1.8911383152008057
07-04-1986,4.501683235168457,4.501683235168457,1961750,4.594183921813965,4.594183921813965,1.929997205734253
08-04-1986,4.594183921813965,4.655849933624268,2685396,4.655849933624268,4.625017166137695,1.942949652671814
09-04-1986,4.625017166137695,4.6866841316223145,2881611,4.748351097106934,4.655849933624268,1.9559022188186646
10-04-1986,4.563350200653076,4.6866841316223145,1718507,4.717516899108887,4.655849933624268,1.9559022188186646
11-04-1986,4.563350200653076,4.625017166137695,1195131,4.655849933624268,4.625017166137695,1.942949652671814
14-04-1986,4.625017166137695,4.655849933624268,1382022,4.6866841316223145,4.6866841316223145,1.9688557386398315
15-04-1986,4.594183921813965,4.6866841316223145,1131077,4.6866841316223145,4.625017166137695,1.942949652671814
16-04-1986,4.594183921813965,4.594183921813965,4256741,4.840850830078125,4.840850830078125,2.0336215496063232
17-04-1986,4.779183864593506,4.840850830078125,4864847,4.871685028076172,4.810018062591553,2.0206685066223145
18-04-1986,4.625017166137695,4.779183864593506,1154590,4.810018062591553,4.748351097106934,1.9947630167007446
21-04-1986,4.748351097106934,4.779183864593506,1636210,4.871685028076172,4.810018062591553,2.0206685066223145
22-04-1986,4.748351097106934,4.840850830078125,2009587,4.871685028076172,4.779183864593506,2.0077152252197266
23-04-1986,4.501683235168457,4.748351097106934,3021881,4.748351097106934,4.594183921813965,1.929997205734253
24-04-1986,4.625017166137695,4.625017166137695,2121884,4.748351097106934,4.6866841316223145,1.9688557386398315
25-04-1986,4.717516899108887,4.748351097106934,1648778,4.810018062591553,4.779183864593506,2.0077152252197266
28-04-1986,4.625017166137695,4.779183864593506,1131482,4.779183864593506,4.6866841316223145,1.9688557386398315
29-04-1986,4.563350200653076,4.748351097106934,1176482,4.748351097106934,4.655849933624268,1.9559022188186646
30-04-1986,4.563350200653076,4.625017166137695,2653774,4.655849933624268,4.625017166137695,1.942949652671814
01-05-1986,4.501683235168457,4.625017166137695,1472832,4.625017166137695,4.594183921813965,1.929997205734253
02-05-1986,4.501683235168457,4.625017166137695,1833237,4.655849933624268,4.563350200653076,1.9170429706573486
05-05-1986,4.470849990844727,4.501683235168457,1567292,4.655849933624268,4.625017166137695,1.942949652671814
06-05-1986,4.594183921813965,4.625017166137695,2101614,4.6866841316223145,4.655849933624268,1.9559022188186646
07-05-1986,4.594183921813965,4.625017166137695,1395400,4.6866841316223145,4.6866841316223145,1.9688557386398315
08-05-1986,4.655849933624268,4.6866841316223145,2567018,4.779183864593506,4.6866841316223145,1.9688557386398315
09-05-1986,4.655849933624268,4.717516899108887,1443643,4.748351097106934,4.748351097106934,1.9947630167007446
12-05-1986,4.717516899108887,4.748351097106934,2457559,4.840850830078125,4.840850830078125,2.0336215496063232
13-05-1986,4.810018062591553,4.840850830078125,7690512,5.025852203369141,4.995018005371094,2.0983855724334717
14-05-1986,4.9641852378845215,5.025852203369141,5817546,5.08751916885376,5.025852203369141,2.1113383769989014
15-05-1986,4.871685028076172,5.025852203369141,2404856,5.025852203369141,4.902517795562744,2.059526205062866
16-05-1986,4.748351097106934,4.871685028076172,2474180,4.902517795562744,4.748351097106934,1.9947630167007446
19-05-1986,4.655849933624268,4.748351097106934,1748913,4.779183864593506,4.6866841316223145,1.9688557386398315
20-05-1986,4.655849933624268,4.6866841316223145,2145803,4.871685028076172,4.810018062591553,2.0206685066223145
21-05-1986,4.779183864593506,4.840850830078125,2079722,4.871685028076172,4.779183864593506,2.0077152252197266
22-05-1986,4.748351097106934,4.779183864593506,3396474,5.025852203369141,4.9641852378845215,2.0854332447052
23-05-1986,4.748351097106934,4.995018005371094,2892557,5.08751916885376,5.025852203369141,2.1113383769989014
27-05-1986,4.9641852378845215,5.08751916885376,3298366,5.118351936340332,5.118351936340332,2.1501989364624023
28-05-1986,5.118351936340332,5.180018901824951,7613486,5.24168586730957,5.210852146148682,2.1890573501586914
29-05-1986,5.08751916885376,5.180018901824951,2363099,5.180018901824951,5.149186134338379,2.1631510257720947
30-05-1986,4.9641852378845215,5.118351936340332,3215664,5.180018901824951,4.995018005371094,2.0983855724334717
02-06-1986,4.902517795562744,4.933351039886475,2198911,4.995018005371094,4.902517795562744,2.059526205062866
03-06-1986,4.840850830078125,4.933351039886475,1900128,4.9641852378845215,4.933351039886475,2.072479248046875
04-06-1986,4.902517795562744,5.025852203369141,2237019,5.118351936340332,4.995018005371094,2.0983855724334717
05-06-1986,4.9641852378845215,4.995018005371094,1787426,5.056684970855713,5.056684970855713,2.1242916584014893
06-06-1986,5.025852203369141,5.056684970855713,1509724,5.118351936340332,5.025852203369141,2.1113383769989014
09-06-1986,4.840850830078125,4.995018005371094,2023371,5.025852203369141,4.840850830078125,2.0336215496063232
10-06-1986,4.717516899108887,4.810018062591553,2303100,4.840850830078125,4.810018062591553,2.0310168266296387
11-06-1986,4.748351097106934,4.810018062591553,1304184,4.840850830078125,4.840850830078125,2.0440356731414795
12-06-1986,4.748351097106934,4.810018062591553,985942,4.840850830078125,4.810018062591553,2.0310168266296387
13-06-1986,4.779183864593506,4.810018062591553,2568234,4.995018005371094,4.933351039886475,2.0830934047698975
16-06-1986,4.902517795562744,4.995018005371094,1606616,5.025852203369141,4.933351039886475,2.0830934047698975
17-06-1986,4.871685028076172,4.933351039886475,1551886,4.933351039886475,4.933351039886475,2.0830934047698975
18-06-1986,4.840850830078125,4.871685028076172,1339860,4.902517795562744,4.871685028076172,2.0570554733276367
19-06-1986,4.779183864593506,4.840850830078125,1758237,4.871685028076172,4.779183864593506,2.017998218536377
20-06-1986,4.717516899108887,4.779183864593506,2166073,4.779183864593506,4.748351097106934,2.004979372024536
23-06-1986,4.594183921813965,4.748351097106934,3784040,4.748351097106934,4.625017166137695,1.9529014825820923
24-06-1986,4.625017166137695,4.655849933624268,2177424,4.748351097106934,4.6866841316223145,1.9789408445358276
25-06-1986,4.6866841316223145,4.6866841316223145,2392289,4.779183864593506,4.717516899108887,1.991958737373352
26-06-1986,4.655849933624268,4.717516899108887,1205671,4.748351097106934,4.717516899108887,1.991958737373352
27-06-1986,4.625017166137695,4.717516899108887,1484589,4.748351097106934,4.655849933624268,1.965920329093933
30-06-1986,4.625017166137695,4.655849933624268,8995913,4.655849933624268,4.655849933624268,1.965920329093933
01-07-1986,4.501683235168457,4.594183921813965,2961070,4.655849933624268,4.563350200653076,1.9268614053726196
02-07-1986,4.409183025360107,4.563350200653076,3867148,4.625017166137695,4.625017166137695,1.9529014825820923
03-07-1986,4.532516956329346,4.625017166137695,1745669,4.625017166137695,4.563350200653076,1.9268614053726196
07-07-1986,4.347516059875488,4.563350200653076,3280934,4.625017166137695,4.347516059875488,1.8357267379760742
08-07-1986,4.100848197937012,4.285849094390869,6158086,4.347516059875488,4.316682815551758,1.8227081298828125
09-07-1986,4.347516059875488,4.3783488273620605,5229711,4.470849990844727,4.409183025360107,1.86176598072052
10-07-1986,4.3783488273620605,4.409183025360107,2512693,4.501683235168457,4.470849990844727,1.887804388999939
11-07-1986,4.409183025360107,4.470849990844727,1292428,4.501683235168457,4.409183025360107,1.86176598072052
14-07-1986,4.316682815551758,4.409183025360107,2092695,4.470849990844727,4.409183025360107,1.86176598072052
15-07-1986,4.347516059875488,4.3783488273620605,2723909,4.44001579284668,4.409183025360107,1.86176598072052
16-07-1986,4.3783488273620605,4.3783488273620605,4054039,4.470849990844727,4.44001579284668,1.87478506565094
17-07-1986,4.44001579284668,4.44001579284668,1260806,4.501683235168457,4.470849990844727,1.887804388999939
18-07-1986,4.409183025360107,4.501683235168457,2128371,4.501683235168457,4.501683235168457,1.9008238315582275
21-07-1986,4.44001579284668,4.470849990844727,650673,4.501683235168457,4.44001579284668,1.87478506565094
22-07-1986,4.44001579284668,4.470849990844727,1242563,4.501683235168457,4.470849990844727,1.887804388999939
23-07-1986,4.501683235168457,4.532516956329346,1836480,4.532516956329346,4.501683235168457,1.9008238315582275
24-07-1986,4.3783488273620605,4.501683235168457,5047279,4.532516956329346,4.409183025360107,1.86176598072052
25-07-1986,4.3783488273620605,4.409183025360107,1967831,4.501683235168457,4.501683235168457,1.9008238315582275
28-07-1986,4.409183025360107,4.501683235168457,1424184,4.563350200653076,4.470849990844727,1.887804388999939
29-07-1986,4.44001579284668,4.470849990844727,1129455,4.501683235168457,4.44001579284668,1.87478506565094
30-07-1986,4.3783488273620605,4.470849990844727,1811345,4.563350200653076,4.532516956329346,1.913844108581543
31-07-1986,4.470849990844727,4.501683235168457,953915,4.532516956329346,4.501683235168457,1.9008238315582275
01-08-1986,4.470849990844727,4.470849990844727,2437694,4.625017166137695,4.625017166137695,1.9529014825820923
04-08-1986,4.563350200653076,4.594183921813965,2698774,4.779183864593506,4.655849933624268,1.965920329093933
05-08-1986,4.655849933624268,4.6866841316223145,1646751,4.748351097106934,4.655849933624268,1.965920329093933
06-08-1986,4.532516956329346,4.6866841316223145,2609990,4.810018062591553,4.810018062591553,2.0310168266296387
07-08-1986,4.563350200653076,4.779183864593506,2112154,4.840850830078125,4.779183864593506,2.017998218536377
08-08-1986,4.655849933624268,4.779183864593506,4718902,4.840850830078125,4.6866841316223145,1.9789408445358276
11-08-1986,4.594183921813965,4.6866841316223145,6510787,4.748351097106934,4.748351097106934,2.004979372024536
12-08-1986,4.6866841316223145,4.748351097106934,3831472,4.748351097106934,4.717516899108887,1.991958737373352
13-08-1986,4.470849990844727,4.717516899108887,2420667,4.717516899108887,4.6866841316223145,1.9789408445358276
14-08-1986,4.625017166137695,4.6866841316223145,1709183,4.6866841316223145,4.655849933624268,1.965920329093933
15-08-1986,4.532516956329346,4.655849933624268,1428238,4.6866841316223145,4.594183921813965,1.939881682395935
18-08-1986,4.501683235168457,4.563350200653076,1784588,4.594183921813965,4.532516956329346,1.913844108581543
19-08-1986,4.409183025360107,4.563350200653076,2769720,4.563350200653076,4.44001579284668,1.87478506565094
20-08-1986,4.44001579284668,4.44001579284668,2205803,4.532516956329346,4.470849990844727,1.887804388999939
21-08-1986,4.470849990844727,4.501683235168457,1881480,4.532516956329346,4.532516956329346,1.913844108581543
22-08-1986,4.44001579284668,4.501683235168457,2361072,4.532516956329346,4.44001579284668,1.87478506565094
25-08-1986,4.3783488273620605,4.44001579284668,2201749,4.470849990844727,4.409183025360107,1.86176598072052
26-08-1986,4.409183025360107,4.409183025360107,1192293,4.563350200653076,4.532516956329346,1.913844108581543
27-08-1986,4.44001579284668,4.625017166137695,2056614,4.625017166137695,4.44001579284668,1.87478506565094
28-08-1986,4.347516059875488,4.44001579284668,2324586,4.44001579284668,4.347516059875488,1.8357267379760742
29-08-1986,4.316682815551758,4.409183025360107,1579454,4.44001579284668,4.347516059875488,1.8357267379760742
02-09-1986,4.347516059875488,4.347516059875488,2793233,4.470849990844727,4.409183025360107,1.86176598072052
03-09-1986,4.22418212890625,4.3783488273620605,3250123,4.409183025360107,4.347516059875488,1.8357267379760742
04-09-1986,4.347516059875488,4.347516059875488,2586477,4.501683235168457,4.470849990844727,1.887804388999939
05-09-1986,4.347516059875488,4.501683235168457,1812156,4.532516956329346,4.44001579284668,1.87478506565094
08-09-1986,4.316682815551758,4.3783488273620605,2644855,4.409183025360107,4.347516059875488,1.8357267379760742
09-09-1986,4.1933488845825195,4.255015850067139,2926205,4.409183025360107,4.255015850067139,1.806921362876892
10-09-1986,4.22418212890625,4.285849094390869,2598639,4.285849094390869,4.22418212890625,1.7938275337219238
11-09-1986,4.008347988128662,4.162515163421631,3215258,4.162515163421631,4.039181232452393,1.7152658700942993
12-09-1986,3.7925140857696533,3.9775149822235107,7945917,4.008347988128662,3.9775149822235107,1.689078450202942
15-09-1986,3.9158480167388916,4.008347988128662,1762291,4.039181232452393,3.946681022644043,1.6759837865829468
16-09-1986,3.8233470916748047,3.946681022644043,1481751,3.946681022644043,3.885014057159424,1.6497979164123535
17-09-1986,3.8541810512542725,3.946681022644043,2006344,3.9775149822235107,3.885014057159424,1.6497979164123535
18-09-1986,3.8233470916748047,3.8541810512542725,1339860,3.946681022644043,3.8541810512542725,1.6367030143737793
19-09-1986,3.8233470916748047,3.885014057159424,1886750,3.9158480167388916,3.9158480167388916,1.6628918647766113
22-09-1986,3.8541810512542725,3.9158480167388916,1199996,3.946681022644043,3.9158480167388916,1.6628918647766113
23-09-1986,3.8541810512542725,3.9158480167388916,2137289,3.9158480167388916,3.885014057159424,1.6497979164123535
24-09-1986,3.885014057159424,3.9158480167388916,1770804,4.039181232452393,3.9775149822235107,1.689078450202942
25-09-1986,3.8541810512542725,3.9775149822235107,1731480,4.039181232452393,3.885014057159424,1.6497979164123535
26-09-1986,3.8233470916748047,3.9158480167388916,3238366,3.9158480167388916,3.8233470916748047,1.6236101388931274
29-09-1986,3.8233470916748047,3.885014057159424,2914854,3.885014057159424,3.8541810512542725,1.6367030143737793
30-09-1986,3.8541810512542725,3.8541810512542725,1180131,3.9775149822235107,3.9158480167388916,1.6628918647766113
01-10-1986,3.9158480167388916,3.946681022644043,1933777,4.1316819190979,4.070014953613281,1.7283594608306885
02-10-1986,3.9775149822235107,4.100848197937012,685133,4.100848197937012,4.008347988128662,1.7021723985671997
03-10-1986,3.946681022644043,4.039181232452393,1099050,4.070014953613281,4.008347988128662,1.7021723985671997
06-10-1986,3.9775149822235107,4.008347988128662,1313103,4.070014953613281,3.9775149822235107,1.689078450202942
07-10-1986,3.885014057159424,3.9775149822235107,938915,4.008347988128662,3.9158480167388916,1.6628918647766113
08-10-1986,3.885014057159424,3.885014057159424,908510,4.008347988128662,3.946681022644043,1.6759837865829468
09-10-1986,3.9775149822235107,4.008347988128662,1193104,4.100848197937012,4.070014953613281,1.7283594608306885
10-10-1986,4.008347988128662,4.070014953613281,640944,4.070014953613281,4.008347988128662,1.7021723985671997
13-10-1986,3.946681022644043,4.039181232452393,321891,4.039181232452393,4.008347988128662,1.7021723985671997
14-10-1986,4.162515163421631,4.1933488845825195,3900391,4.285849094390869,4.22418212890625,1.7938275337219238
15-10-1986,4.22418212890625,4.316682815551758,8067538,4.563350200653076,4.532516956329346,1.9247649908065796
16-10-1986,4.409183025360107,4.563350200653076,4094580,4.563350200653076,4.470849990844727,1.898576021194458
17-10-1986,4.3783488273620605,4.409183025360107,1401887,4.44001579284668,4.44001579284668,1.885482907295227
20-10-1986,4.316682815551758,4.3783488273620605,1466751,4.3783488273620605,4.347516059875488,1.8462026119232178
21-10-1986,4.22418212890625,4.347516059875488,1698237,4.409183025360107,4.285849094390869,1.8200141191482544
22-10-1986,4.255015850067139,4.255015850067139,2099587,4.347516059875488,4.316682815551758,1.8331084251403809
23-10-1986,4.285849094390869,4.285849094390869,4297282,4.563350200653076,4.470849990844727,1.898576021194458
24-10-1986,4.470849990844727,4.532516956329346,3048637,4.563350200653076,4.501683235168457,1.911670446395874
27-10-1986,4.470849990844727,4.501683235168457,2082155,4.625017166137695,4.594183921813965,1.9509505033493042
28-10-1986,4.501683235168457,4.594183921813965,1868101,4.594183921813965,4.532516956329346,1.9247649908065796
29-10-1986,4.532516956329346,4.532516956329346,1776480,4.655849933624268,4.625017166137695,1.964044451713562
30-10-1986,4.594183921813965,4.6866841316223145,3257015,4.717516899108887,4.655849933624268,1.9771379232406616
31-10-1986,4.594183921813965,4.594183921813965,1319995,4.655849933624268,4.655849933624268,1.9771379232406616
03-11-1986,4.563350200653076,4.625017166137695,1352022,4.655849933624268,4.655849933624268,1.9771379232406616
04-11-1986,4.563350200653076,4.594183921813965,1982020,4.655849933624268,4.594183921813965,1.9509505033493042
05-11-1986,4.470849990844727,4.532516956329346,1737561,4.625017166137695,4.470849990844727,1.898576021194458
06-11-1986,4.44001579284668,4.470849990844727,1444049,4.532516956329346,4.501683235168457,1.911670446395874
07-11-1986,4.470849990844727,4.501683235168457,1397427,4.625017166137695,4.594183921813965,1.9509505033493042
10-11-1986,4.501683235168457,4.563350200653076,1133915,4.594183921813965,4.594183921813965,1.9509505033493042
11-11-1986,4.532516956329346,4.563350200653076,929186,4.594183921813965,4.594183921813965,1.9509505033493042
12-11-1986,4.532516956329346,4.563350200653076,1324860,4.625017166137695,4.563350200653076,1.937856912612915
13-11-1986,4.501683235168457,4.563350200653076,1446887,4.594183921813965,4.563350200653076,1.937856912612915
14-11-1986,4.501683235168457,4.532516956329346,1253914,4.594183921813965,4.594183921813965,1.9509505033493042
17-11-1986,4.44001579284668,4.470849990844727,863510,4.532516956329346,4.470849990844727,1.898576021194458
18-11-1986,4.285849094390869,4.501683235168457,2151884,4.532516956329346,4.44001579284668,1.885482907295227
19-11-1986,4.285849094390869,4.347516059875488,1426211,4.409183025360107,4.3783488273620605,1.85929536819458
20-11-1986,4.347516059875488,4.3783488273620605,1742426,4.44001579284668,4.44001579284668,1.885482907295227
21-11-1986,4.347516059875488,4.44001579284668,2734449,4.470849990844727,4.3783488273620605,1.85929536819458
24-11-1986,4.3783488273620605,4.409183025360107,1188239,4.44001579284668,4.44001579284668,1.885482907295227
25-11-1986,4.3783488273620605,4.409183025360107,1578643,4.594183921813965,4.532516956329346,1.9247649908065796
26-11-1986,4.470849990844727,4.470849990844727,1540535,4.563350200653076,4.532516956329346,1.9247649908065796
28-11-1986,4.501683235168457,4.563350200653076,1043915,4.563350200653076,4.563350200653076,1.937856912612915
01-12-1986,4.501683235168457,4.594183921813965,2404451,4.625017166137695,4.625017166137695,1.964044451713562
02-12-1986,4.625017166137695,4.625017166137695,5635114,4.779183864593506,4.748351097106934,2.0164201259613037
03-12-1986,4.717516899108887,4.810018062591553,8391861,4.9641852378845215,4.871685028076172,2.0687925815582275
04-12-1986,4.933351039886475,4.995018005371094,8918886,5.08751916885376,4.995018005371094,2.1211681365966797
05-12-1986,4.902517795562744,5.025852203369141,4216201,5.025852203369141,4.933351039886475,2.0949811935424805
08-12-1986,4.810018062591553,4.9641852378845215,4297282,5.056684970855713,4.9641852378845215,2.1080756187438965
09-12-1986,4.933351039886475,4.995018005371094,4499983,5.025852203369141,4.995018005371094,2.131760835647583
10-12-1986,4.995018005371094,5.025852203369141,3826608,5.08751916885376,5.056684970855713,2.158078670501709
11-12-1986,4.871685028076172,5.025852203369141,3042962,5.025852203369141,4.871685028076172,2.079123020172119
12-12-1986,4.810018062591553,4.871685028076172,3243231,4.933351039886475,4.933351039886475,2.105442762374878
15-12-1986,4.902517795562744,4.902517795562744,5270251,5.025852203369141,4.995018005371094,2.131760835647583
16-12-1986,4.995018005371094,5.025852203369141,4094580,5.056684970855713,5.056684970855713,2.158078670501709
17-12-1986,4.933351039886475,4.995018005371094,2607963,5.056684970855713,4.933351039886475,2.105442762374878
18-12-1986,4.840850830078125,4.933351039886475,1811750,4.9641852378845215,4.902517795562744,2.0922837257385254
19-12-1986,4.779183864593506,4.871685028076172,4621605,4.933351039886475,4.933351039886475,2.105442762374878
22-12-1986,4.840850830078125,4.871685028076172,2437288,4.933351039886475,4.902517795562744,2.0922837257385254
23-12-1986,4.871685028076172,4.902517795562744,2796882,4.933351039886475,4.871685028076172,2.079123020172119
24-12-1986,4.840850830078125,4.871685028076172,758916,4.902517795562744,4.840850830078125,2.065965414047241
26-12-1986,4.840850830078125,4.871685028076172,340134,4.902517795562744,4.840850830078125,2.065965414047241
29-12-1986,4.810018062591553,4.871685028076172,1677967,4.902517795562744,4.840850830078125,2.065965414047241
30-12-1986,4.810018062591553,4.871685028076172,2400802,4.902517795562744,4.871685028076172,2.079123020172119
31-12-1986,4.717516899108887,4.840850830078125,1949182,4.871685028076172,4.748351097106934,2.026489734649658
02-01-1987,4.6866841316223145,4.810018062591553,1213779,4.933351039886475,4.6866841316223145,2.000170946121216
05-01-1987,4.933351039886475,4.933351039886475,4499983,5.056684970855713,5.025852203369141,2.1449201107025146
06-01-1987,5.025852203369141,5.056684970855713,8148619,5.210852146148682,5.149186134338379,2.197556495666504
07-01-1987,5.118351936340332,5.180018901824951,2278370,5.210852146148682,5.180018901824951,2.2107150554656982
08-01-1987,5.149186134338379,5.180018901824951,3731338,5.3033528327941895,5.3033528327941895,2.2633512020111084
09-01-1987,5.24168586730957,5.272519111633301,5554034,5.519186973571777,5.457520008087158,2.3291473388671875
12-01-1987,5.272519111633301,5.426686763763428,3560663,5.457520008087158,5.365019798278809,2.2896695137023926
13-01-1987,5.3033528327941895,5.33418607711792,3814445,5.4883527755737305,5.4883527755737305,2.3423044681549072
14-01-1987,5.457520008087158,5.4883527755737305,6202680,5.673354148864746,5.611687183380127,2.394941806793213
15-01-1987,5.395853042602539,5.5808539390563965,6567543,5.642520904541016,5.426686763763428,2.3159878253936768
16-01-1987,5.180018901824951,5.365019798278809,4824307,5.4883527755737305,5.365019798278809,2.2896695137023926
19-01-1987,5.3033528327941895,5.365019798278809,2893368,5.550020217895508,5.550020217895508,2.368623733520508
20-01-1987,5.426686763763428,5.550020217895508,3459717,5.5808539390563965,5.4883527755737305,2.3423044681549072
21-01-1987,5.395853042602539,5.426686763763428,2118235,5.519186973571777,5.457520008087158,2.3291473388671875
22-01-1987,5.395853042602539,5.426686763763428,2680125,5.4883527755737305,5.457520008087158,2.3291473388671875
23-01-1987,5.426686763763428,5.457520008087158,9608073,5.7658538818359375,5.519186973571777,2.355464220046997
26-01-1987,5.395853042602539,5.426686763763428,1800804,5.550020217895508,5.4883527755737305,2.3423044681549072
27-01-1987,5.457520008087158,5.457520008087158,2364316,5.673354148864746,5.642520904541016,2.4080991744995117
28-01-1987,5.550020217895508,5.673354148864746,2496883,5.704187870025635,5.673354148864746,2.4212594032287598
29-01-1987,5.611687183380127,5.642520904541016,3119178,5.704187870025635,5.642520904541016,2.4080991744995117
30-01-1987,5.519186973571777,5.642520904541016,1756210,5.673354148864746,5.642520904541016,2.4080991744995117
02-02-1987,5.642520904541016,5.642520904541016,2012425,5.7658538818359375,5.704187870025635,2.4344189167022705
03-02-1987,5.642520904541016,5.704187870025635,1557562,5.735021114349365,5.642520904541016,2.4080991744995117
04-02-1987,5.673354148864746,5.673354148864746,4418903,5.827520847320557,5.827520847320557,2.4870548248291016
05-02-1987,5.673354148864746,5.889187812805176,4905387,5.889187812805176,5.796688079833984,2.473895788192749
06-02-1987,5.827520847320557,5.8583550453186035,2878773,5.920022010803223,5.920022010803223,2.526531219482422
09-02-1987,5.7658538818359375,5.8583550453186035,2121884,5.889187812805176,5.7658538818359375,2.460735321044922
10-02-1987,5.673354148864746,5.735021114349365,2777017,5.8583550453186035,5.735021114349365,2.4475762844085693
11-02-1987,5.704187870025635,5.735021114349365,4094580,6.012522220611572,5.920022010803223,2.526531219482422
12-02-1987,5.981688976287842,6.043355941772461,5675655,6.19752311706543,6.105021953582764,2.6054859161376953
13-02-1987,6.043355941772461,6.043355941772461,4743226,6.259190082550049,6.259190082550049,2.671280860900879
17-02-1987,5.796688079833984,6.290022850036621,5797276,6.413356781005859,6.413356781005859,2.7370753288269043
18-02-1987,6.166688919067383,6.413356781005859,4216201,6.44419002532959,6.320857048034668,2.6975998878479004
19-02-1987,6.105021953582764,6.228355884552002,3508366,6.290022850036621,6.1358561515808105,2.6186444759368896
20-02-1987,6.105021953582764,6.1358561515808105,3745527,6.259190082550049,6.259190082550049,2.671280860900879
23-02-1987,5.889187812805176,6.228355884552002,3167826,6.259190082550049,6.105021953582764,2.6054859161376953
24-02-1987,5.981688976287842,6.1358561515808105,2646882,6.166688919067383,6.105021953582764,2.6054859161376953
25-02-1987,6.074189186096191,6.105021953582764,2667963,6.290022850036621,6.19752311706543,2.644962787628174
26-02-1987,5.981688976287842,6.166688919067383,1924047,6.259190082550049,6.1358561515808105,2.6186444759368896
27-02-1987,6.1358561515808105,6.1358561515808105,1668643,6.228355884552002,6.1358561515808105,2.6186444759368896
02-03-1987,5.981688976287842,6.105021953582764,2659855,6.166688919067383,6.074189186096191,2.592325210571289
03-03-1987,5.920022010803223,6.012522220611572,2709314,6.105021953582764,6.043355941772461,2.5791680812835693
04-03-1987,6.043355941772461,6.074189186096191,2028641,6.19752311706543,6.1358561515808105,2.6186444759368896
05-03-1987,6.166688919067383,6.259190082550049,2032290,6.290022850036621,6.228355884552002,2.6581225395202637
06-03-1987,6.1358561515808105,6.166688919067383,1807696,6.228355884552002,6.166688919067383,2.631803274154663
09-03-1987,5.981688976287842,6.166688919067383,1136347,6.166688919067383,6.074189186096191,2.592325210571289
10-03-1987,5.950854778289795,5.950854778289795,2820800,6.166688919067383,6.105021953582764,2.6171767711639404
11-03-1987,6.012522220611572,6.166688919067383,1688507,6.19752311706543,6.166688919067383,2.6436121463775635
12-03-1987,6.012522220611572,6.166688919067383,1575805,6.166688919067383,6.074189186096191,2.603956937789917
13-03-1987,6.1358561515808105,6.166688919067383,2464450,6.290022850036621,6.259190082550049,2.6832668781280518
16-03-1987,6.043355941772461,6.228355884552002,1536886,6.259190082550049,6.043355941772461,2.590740919113159
17-03-1987,6.043355941772461,6.074189186096191,1755399,6.19752311706543,6.166688919067383,2.6436121463775635
18-03-1987,6.1358561515808105,6.228355884552002,2115398,6.259190082550049,6.259190082550049,2.6832668781280518
19-03-1987,6.105021953582764,6.166688919067383,2200127,6.228355884552002,6.166688919067383,2.6436121463775635
20-03-1987,6.1358561515808105,6.1358561515808105,2717828,6.259190082550049,6.259190082550049,2.6832668781280518
23-03-1987,6.228355884552002,6.290022850036621,3682689,6.413356781005859,6.413356781005859,2.749356746673584
24-03-1987,6.105021953582764,6.259190082550049,6445922,6.290022850036621,6.166688919067383,2.6436121463775635
25-03-1987,5.981688976287842,6.074189186096191,7418892,6.1358561515808105,6.105021953582764,2.6171767711639404
26-03-1987,5.981688976287842,6.1358561515808105,4024039,6.19752311706543,6.012522220611572,2.5775229930877686
27-03-1987,5.735021114349365,6.012522220611572,6081059,6.35168981552124,5.8583550453186035,2.511431932449341
30-03-1987,5.4883527755737305,5.4883527755737305,4783766,5.8583550453186035,5.827520847320557,2.4982142448425293
31-03-1987,5.8583550453186035,5.920022010803223,3190529,6.043355941772461,6.012522220611572,2.5775229930877686
01-04-1987,5.827520847320557,5.920022010803223,2223640,5.981688976287842,5.889187812805176,2.5246496200561523
02-04-1987,5.920022010803223,5.950854778289795,7706728,6.074189186096191,6.074189186096191,2.603956937789917
03-04-1987,6.043355941772461,6.074189186096191,5351332,6.1358561515808105,6.1358561515808105,2.630394220352173
06-04-1987,6.012522220611572,6.166688919067383,2654179,6.166688919067383,6.012522220611572,2.5775229930877686
07-04-1987,5.950854778289795,6.012522220611572,2694314,6.105021953582764,5.981688976287842,2.5643041133880615
08-04-1987,5.981688976287842,6.043355941772461,4824307,6.074189186096191,6.012522220611572,2.5775229930877686
09-04-1987,5.950854778289795,6.012522220611572,2851611,6.1358561515808105,5.981688976287842,2.5643041133880615
10-04-1987,5.920022010803223,5.920022010803223,1314725,6.043355941772461,5.981688976287842,2.5643041133880615
13-04-1987,5.7658538818359375,5.950854778289795,2003912,6.012522220611572,5.796688079833984,2.4849960803985596
14-04-1987,5.457520008087158,5.5808539390563965,6729705,5.735021114349365,5.642520904541016,2.4189043045043945
15-04-1987,5.611687183380127,5.704187870025635,3823770,5.735021114349365,5.642520904541016,2.4189043045043945
16-04-1987,5.611687183380127,5.704187870025635,2714990,5.735021114349365,5.611687183380127,2.4056880474090576
20-04-1987,5.611687183380127,5.735021114349365,1722561,5.7658538818359375,5.673354148864746,2.4321236610412598
21-04-1987,5.550020217895508,5.642520904541016,6040518,6.320857048034668,6.166688919067383,2.6436121463775635
22-04-1987,5.950854778289795,6.1358561515808105,3158097,6.166688919067383,5.981688976287842,2.5643041133880615
23-04-1987,5.8583550453186035,6.043355941772461,2481883,6.105021953582764,6.074189186096191,2.603956937789917
24-04-1987,5.950854778289795,5.981688976287842,2379316,6.1358561515808105,6.105021953582764,2.6171767711639404
27-04-1987,5.796688079833984,6.043355941772461,2226073,6.382523059844971,5.981688976287842,2.5643041133880615
28-04-1987,5.920022010803223,5.920022010803223,2286073,6.105021953582764,6.012522220611572,2.5775229930877686
29-04-1987,6.012522220611572,6.043355941772461,4094580,6.228355884552002,6.1358561515808105,2.630394220352173
30-04-1987,6.074189186096191,6.1358561515808105,3375798,6.290022850036621,6.259190082550049,2.6832668781280518
01-05-1987,6.1358561515808105,6.19752311706543,1485400,6.290022850036621,6.166688919067383,2.6436121463775635
04-05-1987,5.950854778289795,6.1358561515808105,1274590,6.166688919067383,6.074189186096191,2.603956937789917
05-05-1987,6.074189186096191,6.1358561515808105,2206614,6.259190082550049,6.259190082550049,2.6832668781280518
06-05-1987,6.166688919067383,6.259190082550049,2336748,6.290022850036621,6.19752311706543,2.6568307876586914
07-05-1987,5.673354148864746,6.043355941772461,2825665,6.19752311706543,6.043355941772461,2.590740919113159
08-05-1987,5.920022010803223,6.043355941772461,2006344,6.1358561515808105,6.1358561515808105,2.630394220352173
11-05-1987,5.642520904541016,6.166688919067383,10297260,6.228355884552002,5.796688079833984,2.4849960803985596
12-05-1987,5.8583550453186035,5.889187812805176,2671612,5.981688976287842,5.950854778289795,2.55108642578125
13-05-1987,5.642520904541016,5.950854778289795,4135120,5.950854778289795,5.735021114349365,2.4585585594177246
14-05-1987,5.673354148864746,5.7658538818359375,3149178,5.796688079833984,5.735021114349365,2.4585585594177246
15-05-1987,5.550020217895508,5.704187870025635,3036475,5.7658538818359375,5.704187870025635,2.4453420639038086
18-05-1987,5.550020217895508,5.673354148864746,3527825,5.704187870025635,5.642520904541016,2.4189043045043945
19-05-1987,5.33418607711792,5.704187870025635,4000526,5.735021114349365,5.395853042602539,2.313159704208374
20-05-1987,5.180018901824951,5.272519111633301,3977823,5.519186973571777,5.426686763763428,2.3263795375823975
21-05-1987,5.4883527755737305,5.550020217895508,1823912,5.611687183380127,5.519186973571777,2.3660330772399902
22-05-1987,5.4883527755737305,5.519186973571777,1330130,5.611687183380127,5.519186973571777,2.3660330772399902
26-05-1987,5.550020217895508,5.5808539390563965,1607832,5.673354148864746,5.673354148864746,2.4321236610412598
27-05-1987,5.4883527755737305,5.673354148864746,4337822,5.704187870025635,5.5808539390563965,2.3924689292907715
28-05-1987,5.519186973571777,5.611687183380127,1251887,5.611687183380127,5.5808539390563965,2.3924689292907715
29-05-1987,5.611687183380127,5.642520904541016,2155938,5.735021114349365,5.642520904541016,2.4189043045043945
01-06-1987,5.611687183380127,5.673354148864746,1964993,5.704187870025635,5.642520904541016,2.4189043045043945
02-06-1987,5.4883527755737305,5.642520904541016,2033911,5.673354148864746,5.519186973571777,2.3660330772399902
03-06-1987,5.519186973571777,5.550020217895508,2543504,5.642520904541016,5.611687183380127,2.4056880474090576
04-06-1987,5.5808539390563965,5.611687183380127,2336748,5.704187870025635,5.642520904541016,2.4189043045043945
05-06-1987,5.611687183380127,5.642520904541016,1960939,5.673354148864746,5.611687183380127,2.4056880474090576
08-06-1987,5.519186973571777,5.611687183380127,2277559,5.796688079833984,5.7658538818359375,2.4717764854431152
09-06-1987,5.673354148864746,5.735021114349365,1403914,5.796688079833984,5.735021114349365,2.470182418823242
10-06-1987,5.673354148864746,5.735021114349365,1948777,5.796688079833984,5.735021114349365,2.470182418823242
11-06-1987,5.642520904541016,5.704187870025635,2088641,5.796688079833984,5.642520904541016,2.430340528488159
12-06-1987,5.642520904541016,5.704187870025635,1882696,5.735021114349365,5.704187870025635,2.4569034576416016
15-06-1987,5.673354148864746,5.704187870025635,1942290,5.8583550453186035,5.735021114349365,2.470182418823242
16-06-1987,5.5808539390563965,5.704187870025635,2485531,5.735021114349365,5.735021114349365,2.470182418823242
17-06-1987,5.642520904541016,5.735021114349365,1697832,5.735021114349365,5.673354148864746,2.44362211227417
18-06-1987,5.611687183380127,5.642520904541016,1525130,5.7658538818359375,5.7658538818359375,2.4834635257720947
19-06-1987,5.673354148864746,5.7658538818359375,3636473,5.796688079833984,5.7658538818359375,2.4834635257720947
22-06-1987,5.735021114349365,5.796688079833984,3818094,5.950854778289795,5.950854778289795,2.563148021697998
23-06-1987,5.920022010803223,5.950854778289795,3787283,6.043355941772461,5.920022010803223,2.5498669147491455
24-06-1987,5.981688976287842,5.981688976287842,6364842,6.19752311706543,6.074189186096191,2.6162688732147217
25-06-1987,5.426686763763428,6.105021953582764,4418903,6.1358561515808105,5.950854778289795,2.563148021697998
26-06-1987,5.889187812805176,5.950854778289795,3089989,6.074189186096191,6.012522220611572,2.589709758758545
29-06-1987,6.012522220611572,6.012522220611572,1710399,6.105021953582764,6.074189186096191,2.6162688732147217
30-06-1987,5.920022010803223,6.074189186096191,3476339,6.074189186096191,6.012522220611572,2.589709758758545
01-07-1987,5.920022010803223,5.950854778289795,2946070,6.012522220611572,5.950854778289795,2.563148021697998
02-07-1987,5.920022010803223,5.950854778289795,1621210,6.012522220611572,5.981688976287842,2.5764291286468506
06-07-1987,5.950854778289795,5.981688976287842,2245532,6.043355941772461,6.043355941772461,2.602989435195923
07-07-1987,6.012522220611572,6.043355941772461,1664183,6.1358561515808105,6.105021953582764,2.6295502185821533
08-07-1987,5.981688976287842,6.074189186096191,1673102,6.105021953582764,6.012522220611572,2.589709758758545
09-07-1987,6.012522220611572,6.043355941772461,1895669,6.105021953582764,6.105021953582764,2.6295502185821533
10-07-1987,6.043355941772461,6.1358561515808105,2251208,6.166688919067383,6.074189186096191,2.6162688732147217
13-07-1987,5.981688976287842,6.043355941772461,2046884,6.074189186096191,6.012522220611572,2.589709758758545
14-07-1987,5.981688976287842,6.012522220611572,2541072,6.166688919067383,6.166688919067383,2.656111717224121
15-07-1987,6.043355941772461,6.105021953582764,3241204,6.1358561515808105,6.1358561515808105,2.6428303718566895
16-07-1987,6.074189186096191,6.105021953582764,2629044,6.19752311706543,6.19752311706543,2.6693923473358154
17-07-1987,6.043355941772461,6.166688919067383,3799040,6.19752311706543,6.105021953582764,2.6295502185821533
20-07-1987,5.950854778289795,6.074189186096191,2333505,6.074189186096191,6.074189186096191,2.6162688732147217
21-07-1987,5.950854778289795,5.981688976287842,2747422,6.012522220611572,5.950854778289795,2.563148021697998
22-07-1987,5.920022010803223,5.950854778289795,4418903,5.981688976287842,5.950854778289795,2.563148021697998
23-07-1987,5.889187812805176,5.950854778289795,4297282,5.981688976287842,5.950854778289795,2.563148021697998
24-07-1987,5.950854778289795,5.981688976287842,3522960,6.074189186096191,6.043355941772461,2.602989435195923
27-07-1987,6.043355941772461,6.074189186096191,1594454,6.074189186096191,6.074189186096191,2.6162688732147217
28-07-1987,6.012522220611572,6.074189186096191,2350127,6.074189186096191,6.012522220611572,2.589709758758545
29-07-1987,6.012522220611572,6.043355941772461,3235123,6.043355941772461,6.043355941772461,2.602989435195923
30-07-1987,6.043355941772461,6.043355941772461,19621550,6.567523956298828,6.475024223327637,2.7889175415039062
31-07-1987,6.413356781005859,6.475024223327637,12486441,6.783358097076416,6.660024166107178,2.868601083755493
03-08-1987,6.505856990814209,6.567523956298828,5837816,6.845025062561035,6.567523956298828,2.8287596702575684
04-08-1987,6.475024223327637,6.536691188812256,5225656,6.598358154296875,6.536691188812256,2.815478563308716
05-08-1987,6.567523956298828,6.567523956298828,3899175,6.660024166107178,6.660024166107178,2.868601083755493
06-08-1987,6.598358154296875,6.660024166107178,4175660,6.721691131591797,6.721691131591797,2.8951616287231445
07-08-1987,6.660024166107178,6.721691131591797,3703770,6.783358097076416,6.783358097076416,2.921722650527954
10-08-1987,6.660024166107178,6.783358097076416,2514315,6.783358097076416,6.7525248527526855,2.9084417819976807
11-08-1987,6.567523956298828,6.7525248527526855,4824307,6.814191818237305,6.629190921783447,2.855320930480957
12-08-1987,6.567523956298828,6.660024166107178,2954584,6.690857887268066,6.598358154296875,2.842039108276367
13-08-1987,6.475024223327637,6.629190921783447,3941742,6.660024166107178,6.598358154296875,2.842039108276367
14-08-1987,6.567523956298828,6.598358154296875,2675260,6.690857887268066,6.629190921783447,2.855320930480957
17-08-1987,6.567523956298828,6.567523956298828,4297282,6.7525248527526855,6.721691131591797,2.8951616287231445
18-08-1987,6.35168981552124,6.690857887268066,3633635,6.721691131591797,6.629190921783447,2.855320930480957
19-08-1987,6.505856990814209,6.598358154296875,3069313,6.629190921783447,6.598358154296875,2.842039108276367
20-08-1987,6.44419002532959,6.660024166107178,2110533,6.690857887268066,6.598358154296875,2.842039108276367
21-08-1987,6.536691188812256,6.598358154296875,2963503,6.598358154296875,6.536691188812256,2.815478563308716
24-08-1987,6.505856990814209,6.598358154296875,1469589,6.629190921783447,6.598358154296875,2.842039108276367
25-08-1987,6.598358154296875,6.660024166107178,1845399,6.690857887268066,6.629190921783447,2.855320930480957
26-08-1987,6.567523956298828,6.660024166107178,1191482,6.690857887268066,6.567523956298828,2.8287596702575684
27-08-1987,6.475024223327637,6.536691188812256,2523234,6.660024166107178,6.567523956298828,2.8287596702575684
28-08-1987,6.475024223327637,6.567523956298828,1493913,6.629190921783447,6.505856990814209,2.802198648452759
31-08-1987,6.475024223327637,6.567523956298828,1941074,6.721691131591797,6.721691131591797,2.8951616287231445
01-09-1987,6.629190921783447,6.721691131591797,4216201,6.875858783721924,6.660024166107178,2.868601083755493
02-09-1987,6.505856990814209,6.660024166107178,2669990,6.721691131591797,6.629190921783447,2.855320930480957
03-09-1987,6.536691188812256,6.721691131591797,1551481,6.721691131591797,6.536691188812256,2.815478563308716
04-09-1987,6.475024223327637,6.721691131591797,1709183,6.721691131591797,6.505856990814209,2.802198648452759
08-09-1987,6.290022850036621,6.475024223327637,3301610,6.475024223327637,6.475024223327637,2.8005969524383545
09-09-1987,6.413356781005859,6.44419002532959,2891341,6.567523956298828,6.475024223327637,2.8005969524383545
10-09-1987,6.505856990814209,6.536691188812256,2756747,6.598358154296875,6.567523956298828,2.840606451034546
11-09-1987,6.505856990814209,6.505856990814209,3233907,6.845025062561035,6.814191818237305,2.947295904159546
14-09-1987,6.845025062561035,6.875858783721924,5472953,7.030025959014893,6.937524795532227,3.0006399154663086
15-09-1987,6.875858783721924,6.906692028045654,4499983,7.091692924499512,7.030025959014893,3.0406477451324463
16-09-1987,6.906692028045654,7.030025959014893,5594574,7.091692924499512,6.968358993530273,3.0139760971069336
17-09-1987,6.814191818237305,7.030025959014893,3271204,7.030025959014893,6.875858783721924,2.973966598510742
18-09-1987,6.783358097076416,6.845025062561035,3171880,6.875858783721924,6.875858783721924,2.973966598510742
21-09-1987,6.690857887268066,6.906692028045654,3056340,6.937524795532227,6.721691131591797,2.907287359237671
22-09-1987,6.567523956298828,6.660024166107178,3764581,6.783358097076416,6.783358097076416,2.9339592456817627
23-09-1987,6.567523956298828,6.783358097076416,3578500,6.783358097076416,6.721691131591797,2.907287359237671
24-09-1987,6.690857887268066,6.690857887268066,4094580,7.030025959014893,6.999192237854004,3.0273122787475586
25-09-1987,6.845025062561035,6.968358993530273,3560257,7.030025959014893,6.937524795532227,3.0006399154663086
28-09-1987,6.937524795532227,6.968358993530273,4216201,7.122526168823242,7.060859203338623,3.053983211517334
29-09-1987,6.999192237854004,7.060859203338623,5432412,7.153359889984131,7.060859203338623,3.053983211517334
30-09-1987,6.968358993530273,7.060859203338623,4499983,7.091692924499512,7.030025959014893,3.0406477451324463
01-10-1987,6.968358993530273,7.030025959014893,6608084,7.091692924499512,7.091692924499512,3.0673201084136963
02-10-1987,7.091692924499512,7.091692924499512,3629176,7.184193134307861,7.153359889984131,3.093991994857788
05-10-1987,7.122526168823242,7.122526168823242,3222556,7.215025901794434,7.184193134307861,3.1073296070098877
06-10-1987,6.598358154296875,7.153359889984131,3584176,7.153359889984131,6.937524795532227,3.0006399154663086
07-10-1987,6.7525248527526855,6.906692028045654,3587419,6.937524795532227,6.845025062561035,2.9606311321258545
08-10-1987,6.721691131591797,6.845025062561035,2459586,6.906692028045654,6.783358097076416,2.9339592456817627
09-10-1987,6.598358154296875,6.783358097076416,1776885,6.783358097076416,6.690857887268066,2.8939507007598877
12-10-1987,6.35168981552124,6.567523956298828,2973232,6.690857887268066,6.690857887268066,2.8939507007598877
13-10-1987,6.598358154296875,6.783358097076416,1739588,6.783358097076416,6.660024166107178,2.8806161880493164
14-10-1987,6.44419002532959,6.536691188812256,2701206,6.598358154296875,6.475024223327637,2.8005969524383545
15-10-1987,6.105021953582764,6.320857048034668,6162140,6.44419002532959,6.166688919067383,2.6672346591949463
16-10-1987,5.796688079833984,6.228355884552002,7702674,6.290022850036621,5.920022010803223,2.5605459213256836
19-10-1987,4.44001579284668,4.6866841316223145,10549015,5.796688079833984,4.532516956329346,1.9604190587997437
20-10-1987,3.8233470916748047,4.933351039886475,11886443,5.611687183380127,4.933351039886475,2.133788824081421
21-10-1987,5.24168586730957,5.673354148864746,10249422,5.704187870025635,5.611687183380127,2.42718505859375
22-10-1987,4.995018005371094,5.056684970855713,7449297,5.611687183380127,5.365019798278809,2.320495843887329
23-10-1987,5.08751916885376,5.118351936340332,2607558,5.365019798278809,5.210852146148682,2.2538135051727295
26-10-1987,4.717516899108887,4.933351039886475,3715122,4.933351039886475,4.779183864593506,2.0671074390411377
27-10-1987,4.871685028076172,5.24168586730957,5351332,5.24168586730957,4.902517795562744,2.120450973510742
28-10-1987,4.6866841316223145,4.779183864593506,4702685,5.118351936340332,5.056684970855713,2.187131643295288
29-10-1987,5.24168586730957,5.3033528327941895,5594574,5.735021114349365,5.704187870025635,2.4671924114227295
30-10-1987,5.611687183380127,6.105021953582764,4905387,6.382523059844971,5.889187812805176,2.5472099781036377
02-11-1987,5.611687183380127,5.673354148864746,3096881,5.8583550453186035,5.7658538818359375,2.4938652515411377
03-11-1987,5.426686763763428,5.673354148864746,3675392,5.735021114349365,5.550020217895508,2.4005115032196045
04-11-1987,5.3033528327941895,5.426686763763428,3763365,5.519186973571777,5.395853042602539,2.3338305950164795
05-11-1987,5.365019798278809,5.395853042602539,3469041,5.735021114349365,5.704187870025635,2.4671924114227295
06-11-1987,5.4883527755737305,5.673354148864746,2661882,5.8583550453186035,5.642520904541016,2.4405202865600586
09-11-1987,5.210852146148682,5.3033528327941895,2518369,5.550020217895508,5.365019798278809,2.320495843887329
10-11-1987,5.210852146148682,5.272519111633301,2209046,5.5808539390563965,5.365019798278809,2.320495843887329
11-11-1987,5.550020217895508,5.5808539390563965,2431207,5.796688079833984,5.611687183380127,2.42718505859375
12-11-1987,5.673354148864746,5.796688079833984,4378362,5.8583550453186035,5.7658538818359375,2.4938652515411377
13-11-1987,5.550020217895508,5.735021114349365,2184722,5.796688079833984,5.550020217895508,2.4005115032196045
16-11-1987,5.457520008087158,5.611687183380127,1801615,5.673354148864746,5.611687183380127,2.42718505859375
17-11-1987,5.4883527755737305,5.519186973571777,2364316,5.642520904541016,5.519186973571777,2.387176752090454
18-11-1987,5.457520008087158,5.519186973571777,1922425,5.735021114349365,5.735021114349365,2.480527877807617
19-11-1987,5.550020217895508,5.704187870025635,3196610,5.827520847320557,5.5808539390563965,2.413846969604492
20-11-1987,5.3033528327941895,5.3033528327941895,3137421,5.642520904541016,5.642520904541016,2.4405202865600586
23-11-1987,5.519186973571777,5.519186973571777,1563238,5.704187870025635,5.704187870025635,2.4671924114227295
24-11-1987,5.673354148864746,5.704187870025635,2775801,5.827520847320557,5.7658538818359375,2.4938652515411377
25-11-1987,5.611687183380127,5.735021114349365,1257563,5.735021114349365,5.673354148864746,2.453856945037842
27-11-1987,5.550020217895508,5.5808539390563965,797835,5.673354148864746,5.611687183380127,2.42718505859375
30-11-1987,5.056684970855713,5.180018901824951,4054039,5.33418607711792,5.272519111633301,2.2804858684539795
01-12-1987,5.149186134338379,5.272519111633301,1545400,5.365019798278809,5.180018901824951,2.2404770851135254
02-12-1987,5.149186134338379,5.210852146148682,2647693,5.519186973571777,5.426686763763428,2.347167491912842
03-12-1987,5.210852146148682,5.457520008087158,2342018,5.519186973571777,5.272519111633301,2.2804858684539795
04-12-1987,5.149186134338379,5.180018901824951,2140938,5.395853042602539,5.395853042602539,2.3338305950164795
07-12-1987,5.33418607711792,5.33418607711792,2007966,5.5808539390563965,5.550020217895508,2.4005115032196045
08-12-1987,5.426686763763428,5.519186973571777,1916344,5.642520904541016,5.642520904541016,2.452509641647339
09-12-1987,5.550020217895508,5.611687183380127,2546342,5.704187870025635,5.611687183380127,2.4391090869903564
10-12-1987,5.365019798278809,5.395853042602539,3888634,5.4883527755737305,5.365019798278809,2.3318943977355957
11-12-1987,5.180018901824951,5.3033528327941895,2099992,5.365019798278809,5.24168586730957,2.2782883644104004
14-12-1987,5.180018901824951,5.180018901824951,2163235,5.395853042602539,5.33418607711792,2.3184940814971924
15-12-1987,5.395853042602539,5.426686763763428,3156069,5.611687183380127,5.4883527755737305,2.3855013847351074
16-12-1987,5.4883527755737305,5.519186973571777,2235803,5.7658538818359375,5.7658538818359375,2.506117343902588
17-12-1987,5.426686763763428,5.735021114349365,2236613,5.796688079833984,5.519186973571777,2.39890456199646
18-12-1987,5.365019798278809,5.550020217895508,4499983,5.611687183380127,5.611687183380127,2.4391090869903564
21-12-1987,5.457520008087158,5.642520904541016,2331478,5.735021114349365,5.550020217895508,2.4123053550720215
22-12-1987,5.457520008087158,5.4883527755737305,2045668,5.642520904541016,5.5808539390563965,2.4257068634033203
23-12-1987,5.5808539390563965,5.642520904541016,2871881,5.735021114349365,5.704187870025635,2.4793128967285156
24-12-1987,5.5808539390563965,5.704187870025635,842429,5.735021114349365,5.5808539390563965,2.4257068634033203
28-12-1987,5.33418607711792,5.426686763763428,1971885,5.4883527755737305,5.365019798278809,2.3318943977355957
29-12-1987,5.3033528327941895,5.365019798278809,985537,5.426686763763428,5.395853042602539,2.345296621322632
30-12-1987,5.4883527755737305,5.519186973571777,1666210,5.673354148864746,5.642520904541016,2.452509641647339
31-12-1987,5.519186973571777,5.5808539390563965,1644318,5.704187870025635,5.611687183380127,2.4391090869903564
04-01-1988,5.611687183380127,5.611687183380127,3434582,5.889187812805176,5.7658538818359375,2.506117343902588
05-01-1988,5.889187812805176,5.920022010803223,7131866,6.19752311706543,5.920022010803223,2.573124647140503
06-01-1988,6.043355941772461,6.105021953582764,8358618,6.166688919067383,6.105021953582764,2.6535370349884033
07-01-1988,6.012522220611572,6.074189186096191,3167421,6.105021953582764,6.043355941772461,2.6267333030700684
08-01-1988,5.519186973571777,5.981688976287842,3139043,6.043355941772461,5.5808539390563965,2.4257068634033203
11-01-1988,5.365019798278809,5.5808539390563965,4581064,5.735021114349365,5.5808539390563965,2.4257068634033203
12-01-1988,5.33418607711792,5.550020217895508,2547964,5.550020217895508,5.4883527755737305,2.3855013847351074
13-01-1988,5.3033528327941895,5.426686763763428,2468099,5.704187870025635,5.611687183380127,2.4391090869903564
14-01-1988,5.673354148864746,5.673354148864746,3023908,5.735021114349365,5.704187870025635,2.4793128967285156
15-01-1988,5.33418607711792,5.8583550453186035,5351332,6.012522220611572,5.920022010803223,2.573124647140503
18-01-1988,5.704187870025635,5.889187812805176,1997425,5.889187812805176,5.704187870025635,2.4793128967285156
19-01-1988,5.611687183380127,5.673354148864746,2049317,5.7658538818359375,5.611687183380127,2.4391090869903564
20-01-1988,5.426686763763428,5.5808539390563965,4019985,5.642520904541016,5.457520008087158,2.3721001148223877
21-01-1988,5.4883527755737305,5.519186973571777,4621605,5.920022010803223,5.920022010803223,2.573124647140503
22-01-1988,5.735021114349365,5.981688976287842,4007418,5.981688976287842,5.796688079833984,2.519519329071045
25-01-1988,5.735021114349365,5.889187812805176,3794581,5.950854778289795,5.7658538818359375,2.506117343902588
26-01-1988,5.673354148864746,5.796688079833984,1065401,5.920022010803223,5.7658538818359375,2.506117343902588
27-01-1988,5.796688079833984,5.796688079833984,2123506,5.920022010803223,5.827520847320557,2.5329201221466064
28-01-1988,5.8583550453186035,5.889187812805176,1833642,6.012522220611572,5.920022010803223,2.573124647140503
29-01-1988,5.920022010803223,5.950854778289795,2667558,6.043355941772461,6.043355941772461,2.6267333030700684
01-02-1988,5.889187812805176,6.074189186096191,2389045,6.105021953582764,5.920022010803223,2.573124647140503
02-02-1988,5.8583550453186035,5.8583550453186035,1255536,5.981688976287842,5.950854778289795,2.5865283012390137
03-02-1988,5.735021114349365,5.920022010803223,1866885,5.981688976287842,5.8583550453186035,2.546323299407959
04-02-1988,5.704187870025635,5.7658538818359375,1514589,5.796688079833984,5.735021114349365,2.4927146434783936
05-02-1988,5.5808539390563965,5.7658538818359375,2269857,5.796688079833984,5.611687183380127,2.4391090869903564
08-02-1988,5.4883527755737305,5.550020217895508,818511,5.611687183380127,5.611687183380127,2.4391090869903564
09-02-1988,5.642520904541016,5.673354148864746,879727,5.7658538818359375,5.7658538818359375,2.506117343902588
10-02-1988,5.704187870025635,5.735021114349365,3109043,5.920022010803223,5.889187812805176,2.5597238540649414
11-02-1988,5.704187870025635,5.981688976287842,2182695,5.981688976287842,5.920022010803223,2.573124647140503
12-02-1988,5.827520847320557,5.920022010803223,1509724,5.981688976287842,5.8583550453186035,2.546323299407959
16-02-1988,5.796688079833984,5.889187812805176,1141617,5.889187812805176,5.889187812805176,2.5597238540649414
17-02-1988,5.827520847320557,5.8583550453186035,2061074,5.950854778289795,5.889187812805176,2.5597238540649414
18-02-1988,5.704187870025635,5.8583550453186035,1270941,5.8583550453186035,5.735021114349365,2.4927146434783936
19-02-1988,5.673354148864746,5.735021114349365,1626481,5.8583550453186035,5.827520847320557,2.5329201221466064
22-02-1988,5.796688079833984,5.827520847320557,2786747,5.950854778289795,5.950854778289795,2.5865283012390137
23-02-1988,5.920022010803223,5.981688976287842,4945928,6.105021953582764,6.043355941772461,2.6267333030700684
24-02-1988,6.012522220611572,6.043355941772461,4054039,6.1358561515808105,6.043355941772461,2.6267333030700684
25-02-1988,5.920022010803223,6.043355941772461,3281339,6.1358561515808105,5.981688976287842,2.5999293327331543
26-02-1988,5.950854778289795,5.981688976287842,2397964,6.105021953582764,6.074189186096191,2.64013409614563
29-02-1988,5.981688976287842,6.105021953582764,3717554,6.19752311706543,6.1358561515808105,2.6669387817382812
01-03-1988,6.105021953582764,6.1358561515808105,3214448,6.228355884552002,6.1358561515808105,2.6669387817382812
02-03-1988,6.1358561515808105,6.19752311706543,2869854,6.259190082550049,6.259190082550049,2.720543146133423
03-03-1988,6.166688919067383,6.19752311706543,2895800,6.290022850036621,6.19752311706543,2.693742513656616
04-03-1988,6.074189186096191,6.19752311706543,2214316,6.35168981552124,6.1358561515808105,2.6669387817382812
07-03-1988,6.105021953582764,6.1358561515808105,1540940,6.19752311706543,6.1358561515808105,2.6669387817382812
08-03-1988,6.105021953582764,6.105021953582764,3681878,6.320857048034668,6.290022850036621,2.7477526664733887
09-03-1988,6.19752311706543,6.320857048034668,2825260,6.382523059844971,6.259190082550049,2.7342844009399414
10-03-1988,6.074189186096191,6.259190082550049,2042020,6.290022850036621,6.074189186096191,2.653467893600464
11-03-1988,5.8583550453186035,6.043355941772461,2426342,6.074189186096191,5.981688976287842,2.613060235977173
14-03-1988,5.981688976287842,6.012522220611572,981483,6.1358561515808105,6.1358561515808105,2.680408239364624
15-03-1988,6.043355941772461,6.105021953582764,2067560,6.228355884552002,6.166688919067383,2.6938765048980713
16-03-1988,6.1358561515808105,6.19752311706543,4808901,6.413356781005859,6.382523059844971,2.788163185119629
17-03-1988,6.228355884552002,6.382523059844971,4044309,6.44419002532959,6.320857048034668,2.7612221240997314
18-03-1988,6.074189186096191,6.320857048034668,4581064,6.320857048034668,6.105021953582764,2.666938543319702
21-03-1988,5.735021114349365,6.043355941772461,3436609,6.043355941772461,5.950854778289795,2.59959077835083
22-03-1988,5.8583550453186035,6.012522220611572,2620531,6.043355941772461,5.981688976287842,2.613060235977173
23-03-1988,5.920022010803223,6.043355941772461,2227289,6.043355941772461,5.920022010803223,2.586120367050171
24-03-1988,5.735021114349365,5.950854778289795,3671743,5.950854778289795,5.8583550453186035,2.559183120727539
25-03-1988,5.611687183380127,5.735021114349365,2397559,5.7658538818359375,5.611687183380127,2.4514267444610596
28-03-1988,5.611687183380127,5.642520904541016,1384860,5.735021114349365,5.735021114349365,2.5053040981292725
29-03-1988,5.7658538818359375,5.796688079833984,2073236,5.981688976287842,5.889187812805176,2.5726511478424072
30-03-1988,5.642520904541016,5.8583550453186035,3183637,5.8583550453186035,5.642520904541016,2.4648964405059814
31-03-1988,5.4883527755737305,5.611687183380127,2000263,5.673354148864746,5.673354148864746,2.4783661365509033
04-04-1988,5.4883527755737305,5.611687183380127,1449724,5.673354148864746,5.519186973571777,2.4110193252563477
05-04-1988,5.4883527755737305,5.4883527755737305,1173644,5.673354148864746,5.642520904541016,2.4648964405059814
06-04-1988,5.611687183380127,5.673354148864746,1675940,5.889187812805176,5.796688079833984,2.5322444438934326
07-04-1988,5.704187870025635,5.796688079833984,2105263,5.920022010803223,5.735021114349365,2.5053040981292725
08-04-1988,5.642520904541016,5.7658538818359375,1776075,5.827520847320557,5.7658538818359375,2.5187742710113525
11-04-1988,5.735021114349365,5.796688079833984,1684859,5.889187812805176,5.796688079833984,2.5322444438934326
12-04-1988,5.5808539390563965,5.735021114349365,2063101,5.7658538818359375,5.642520904541016,2.4648964405059814
13-04-1988,5.5808539390563965,5.642520904541016,2038371,5.735021114349365,5.735021114349365,2.5053040981292725
14-04-1988,5.210852146148682,5.5808539390563965,2981340,5.611687183380127,5.426686763763428,2.3706111907958984
15-04-1988,5.210852146148682,5.550020217895508,4054039,5.550020217895508,5.4883527755737305,2.3975484371185303
18-04-1988,5.365019798278809,5.4883527755737305,1858777,5.4883527755737305,5.457520008087158,2.384080171585083
19-04-1988,5.395853042602539,5.550020217895508,1821074,5.642520904541016,5.457520008087158,2.384080171585083
20-04-1988,5.3033528327941895,5.395853042602539,1557156,5.4883527755737305,5.395853042602539,2.357140302658081
21-04-1988,5.3033528327941895,5.426686763763428,1451346,5.550020217895508,5.365019798278809,2.343672275543213
22-04-1988,5.3033528327941895,5.395853042602539,1461481,5.519186973571777,5.426686763763428,2.3706111907958984
25-04-1988,5.457520008087158,5.4883527755737305,1307022,5.611687183380127,5.519186973571777,2.4110193252563477
26-04-1988,5.4883527755737305,5.519186973571777,2258100,5.7658538818359375,5.5808539390563965,2.437957286834717
27-04-1988,5.457520008087158,5.5808539390563965,1917966,5.642520904541016,5.4883527755737305,2.3975484371185303
28-04-1988,5.365019798278809,5.426686763763428,5210657,5.426686763763428,5.426686763763428,2.3706111907958984
29-04-1988,5.24168586730957,5.395853042602539,1725804,5.426686763763428,5.365019798278809,2.343672275543213
02-05-1988,5.3033528327941895,5.395853042602539,1263239,5.395853042602539,5.365019798278809,2.343672275543213
03-05-1988,5.3033528327941895,5.395853042602539,2292965,5.457520008087158,5.33418607711792,2.330202341079712
04-05-1988,5.180018901824951,5.3033528327941895,3308096,5.3033528327941895,5.24168586730957,2.289794445037842
05-05-1988,5.08751916885376,5.210852146148682,4135120,5.24168586730957,5.149186134338379,2.2493863105773926
06-05-1988,5.025852203369141,5.149186134338379,2741341,5.210852146148682,5.056684970855713,2.2089779376983643
09-05-1988,4.840850830078125,5.025852203369141,6598760,5.025852203369141,4.933351039886475,2.1551005840301514
10-05-1988,4.871685028076172,4.933351039886475,3874851,4.995018005371094,4.9641852378845215,2.1685707569122314
11-05-1988,4.6866841316223145,4.902517795562744,3303231,4.902517795562744,4.840850830078125,2.1146926879882812
12-05-1988,4.840850830078125,4.871685028076172,2860530,4.9641852378845215,4.871685028076172,2.1281611919403076
13-05-1988,4.655849933624268,4.933351039886475,2650531,4.995018005371094,4.9641852378845215,2.1685707569122314
16-05-1988,4.933351039886475,5.025852203369141,1746075,5.056684970855713,4.995018005371094,2.182039976119995
17-05-1988,4.871685028076172,5.025852203369141,3009313,5.025852203369141,4.871685028076172,2.1281611919403076
18-05-1988,4.655849933624268,4.810018062591553,3565527,4.871685028076172,4.6866841316223145,2.047346353530884
19-05-1988,4.625017166137695,4.717516899108887,4621605,4.810018062591553,4.810018062591553,2.1012232303619385
20-05-1988,4.779183864593506,4.840850830078125,3279312,4.933351039886475,4.902517795562744,2.1416304111480713
23-05-1988,4.748351097106934,4.902517795562744,1572156,4.902517795562744,4.810018062591553,2.1012232303619385
24-05-1988,4.779183864593506,4.810018062591553,1595670,4.902517795562744,4.871685028076172,2.1281611919403076
25-05-1988,4.902517795562744,4.902517795562744,3134988,5.056684970855713,5.025852203369141,2.1955084800720215
26-05-1988,4.995018005371094,5.025852203369141,1939047,5.180018901824951,5.149186134338379,2.2493863105773926
27-05-1988,4.9641852378845215,5.118351936340332,1067023,5.118351936340332,5.08751916885376,2.2224485874176025
31-05-1988,4.995018005371094,5.056684970855713,3011340,5.149186134338379,5.118351936340332,2.23591685295105
01-06-1988,5.149186134338379,5.180018901824951,6202680,5.365019798278809,5.272519111633301,2.3032643795013428
02-06-1988,4.995018005371094,5.24168586730957,1864047,5.33418607711792,5.272519111633301,2.3032643795013428
03-06-1988,5.180018901824951,5.272519111633301,3730527,5.365019798278809,5.365019798278809,2.343672275543213
06-06-1988,5.272519111633301,5.365019798278809,3093637,5.426686763763428,5.395853042602539,2.357140302658081
07-06-1988,5.33418607711792,5.365019798278809,2692693,5.426686763763428,5.395853042602539,2.370687484741211
08-06-1988,5.3033528327941895,5.365019798278809,6527003,5.550020217895508,5.4883527755737305,2.411327838897705
09-06-1988,5.33418607711792,5.457520008087158,5027009,5.4883527755737305,5.365019798278809,2.3571410179138184
10-06-1988,5.3033528327941895,5.365019798278809,3155664,5.395853042602539,5.3033528327941895,2.3300485610961914
13-06-1988,5.3033528327941895,5.33418607711792,2974854,5.365019798278809,5.33418607711792,2.3435938358306885
14-06-1988,5.3033528327941895,5.426686763763428,3637284,5.426686763763428,5.365019798278809,2.3571410179138184
15-06-1988,5.180018901824951,5.3033528327941895,3381069,5.33418607711792,5.180018901824951,2.275859832763672
16-06-1988,4.995018005371094,5.180018901824951,4318768,5.180018901824951,5.149186134338379,2.2623133659362793
17-06-1988,5.118351936340332,5.180018901824951,4772010,5.210852146148682,5.180018901824951,2.275859832763672
20-06-1988,5.08751916885376,5.118351936340332,3194988,5.3033528327941895,5.3033528327941895,2.3300485610961914
21-06-1988,5.210852146148682,5.3033528327941895,3976607,5.395853042602539,5.365019798278809,2.3571410179138184
22-06-1988,5.24168586730957,5.365019798278809,4062553,5.365019798278809,5.3033528327941895,2.3300485610961914
23-06-1988,5.08751916885376,5.272519111633301,3726067,5.3033528327941895,5.149186134338379,2.2623133659362793
24-06-1988,5.025852203369141,5.118351936340332,3846067,5.180018901824951,5.025852203369141,2.2081263065338135
27-06-1988,4.9641852378845215,5.056684970855713,4184985,5.08751916885376,4.9641852378845215,2.1810338497161865
28-06-1988,4.9641852378845215,4.995018005371094,2805395,5.149186134338379,5.056684970855713,2.221672773361206
29-06-1988,4.9641852378845215,5.08751916885376,1859993,5.149186134338379,4.995018005371094,2.194580316543579
30-06-1988,4.995018005371094,4.995018005371094,2311208,5.08751916885376,5.025852203369141,2.2081263065338135
01-07-1988,4.995018005371094,5.056684970855713,2412964,5.08751916885376,5.025852203369141,2.2081263065338135
05-07-1988,4.933351039886475,4.9641852378845215,6972542,5.025852203369141,5.025852203369141,2.2081263065338135
06-07-1988,5.025852203369141,5.056684970855713,3585798,5.149186134338379,5.056684970855713,2.221672773361206
07-07-1988,4.9641852378845215,5.025852203369141,2435667,5.149186134338379,5.118351936340332,2.2487664222717285
08-07-1988,5.025852203369141,5.056684970855713,1547832,5.118351936340332,5.056684970855713,2.221672773361206
11-07-1988,4.933351039886475,5.056684970855713,4813361,5.08751916885376,4.933351039886475,2.1674859523773193
12-07-1988,4.871685028076172,4.933351039886475,5937140,4.9641852378845215,4.902517795562744,2.153938055038452
13-07-1988,4.748351097106934,4.748351097106934,11541039,4.871685028076172,4.871685028076172,2.140392303466797
14-07-1988,4.810018062591553,4.840850830078125,3987553,4.933351039886475,4.902517795562744,2.153938055038452
15-07-1988,4.871685028076172,4.933351039886475,2539045,4.933351039886475,4.871685028076172,2.140392303466797
18-07-1988,4.840850830078125,4.871685028076172,1999047,4.902517795562744,4.871685028076172,2.140392303466797
19-07-1988,4.840850830078125,4.902517795562744,2407694,4.902517795562744,4.840850830078125,2.1268458366394043
20-07-1988,4.840850830078125,4.871685028076172,2633504,4.902517795562744,4.840850830078125,2.1268458366394043
21-07-1988,4.748351097106934,4.810018062591553,11263337,5.08751916885376,4.995018005371094,2.194580316543579
22-07-1988,4.840850830078125,4.933351039886475,3054313,4.9641852378845215,4.902517795562744,2.153938055038452
25-07-1988,4.810018062591553,4.840850830078125,1641886,4.902517795562744,4.902517795562744,2.153938055038452
26-07-1988,4.810018062591553,4.871685028076172,2580801,4.933351039886475,4.871685028076172,2.140392303466797
27-07-1988,4.779183864593506,4.840850830078125,2329856,4.902517795562744,4.779183864593506,2.0997519493103027
28-07-1988,4.748351097106934,4.748351097106934,3315393,4.933351039886475,4.902517795562744,2.153938055038452
29-07-1988,4.840850830078125,4.902517795562744,3380663,4.9641852378845215,4.9641852378845215,2.1810338497161865
01-08-1988,4.871685028076172,4.933351039886475,3068908,4.995018005371094,4.9641852378845215,2.1810338497161865
02-08-1988,4.933351039886475,4.995018005371094,3053502,5.056684970855713,4.9641852378845215,2.1810338497161865
03-08-1988,4.9641852378845215,4.995018005371094,3184042,5.118351936340332,5.118351936340332,2.2487664222717285
04-08-1988,5.08751916885376,5.149186134338379,4825523,5.24168586730957,5.210852146148682,2.2894070148468018
05-08-1988,5.118351936340332,5.180018901824951,2077695,5.210852146148682,5.149186134338379,2.2623133659362793
08-08-1988,5.08751916885376,5.180018901824951,2361883,5.24168586730957,5.08751916885376,2.2352216243743896
09-08-1988,4.933351039886475,5.149186134338379,3209988,5.149186134338379,4.9641852378845215,2.1810338497161865
10-08-1988,4.840850830078125,4.9641852378845215,2976476,4.995018005371094,4.871685028076172,2.140392303466797
11-08-1988,4.871685028076172,4.902517795562744,2515126,4.933351039886475,4.871685028076172,2.140392303466797
12-08-1988,4.871685028076172,4.902517795562744,1319184,4.995018005371094,4.9641852378845215,2.1810338497161865
15-08-1988,4.871685028076172,4.902517795562744,1094185,4.9641852378845215,4.902517795562744,2.153938055038452
16-08-1988,4.871685028076172,4.871685028076172,3569176,5.056684970855713,4.995018005371094,2.194580316543579
17-08-1988,4.840850830078125,4.995018005371094,2231749,5.025852203369141,4.995018005371094,2.194580316543579
18-08-1988,4.902517795562744,4.9641852378845215,2770936,5.025852203369141,4.995018005371094,2.194580316543579
19-08-1988,4.9641852378845215,5.025852203369141,3000394,5.056684970855713,4.9641852378845215,2.1810338497161865
22-08-1988,4.871685028076172,4.9641852378845215,1231617,4.995018005371094,4.871685028076172,2.140392303466797
23-08-1988,4.840850830078125,4.871685028076172,1147698,4.933351039886475,4.871685028076172,2.140392303466797
24-08-1988,4.840850830078125,4.871685028076172,1253104,4.9641852378845215,4.9641852378845215,2.1810338497161865
25-08-1988,4.871685028076172,4.902517795562744,1215401,4.933351039886475,4.933351039886475,2.1674859523773193
26-08-1988,4.871685028076172,4.902517795562744,949051,4.9641852378845215,4.902517795562744,2.153938055038452
29-08-1988,4.933351039886475,4.933351039886475,2686206,5.118351936340332,5.056684970855713,2.221672773361206
30-08-1988,5.025852203369141,5.08751916885376,1277428,5.118351936340332,5.08751916885376,2.2352216243743896
31-08-1988,5.056684970855713,5.08751916885376,2765260,5.149186134338379,5.056684970855713,2.221672773361206
01-09-1988,4.933351039886475,5.025852203369141,2581207,5.056684970855713,4.995018005371094,2.194580316543579
02-09-1988,5.025852203369141,5.056684970855713,2174587,5.149186134338379,5.118351936340332,2.2487664222717285
06-09-1988,5.025852203369141,5.08751916885376,1369860,5.118351936340332,5.118351936340332,2.2623956203460693
07-09-1988,5.08751916885376,5.180018901824951,2275938,5.180018901824951,5.149186134338379,2.27602481842041
08-09-1988,5.08751916885376,5.118351936340332,2919314,5.149186134338379,5.149186134338379,2.27602481842041
09-09-1988,5.025852203369141,5.08751916885376,2586477,5.118351936340332,5.08751916885376,2.2487664222717285
12-09-1988,5.149186134338379,5.149186134338379,5848762,5.395853042602539,5.365019798278809,2.371426820755005
13-09-1988,5.24168586730957,5.3033528327941895,3249312,5.365019798278809,5.33418607711792,2.3577969074249268
14-09-1988,5.272519111633301,5.395853042602539,5520791,5.395853042602539,5.365019798278809,2.371426820755005
15-09-1988,5.3033528327941895,5.33418607711792,3022692,5.395853042602539,5.3033528327941895,2.344167470932007
16-09-1988,5.3033528327941895,5.3033528327941895,3962418,5.395853042602539,5.395853042602539,2.3850555419921875
19-09-1988,5.272519111633301,5.33418607711792,2176614,5.365019798278809,5.272519111633301,2.3305397033691406
20-09-1988,5.025852203369141,5.180018901824951,10118476,5.210852146148682,5.08751916885376,2.2487664222717285
21-09-1988,4.9641852378845215,5.056684970855713,5141738,5.08751916885376,4.9641852378845215,2.19425106048584
22-09-1988,4.840850830078125,4.9641852378845215,14973999,4.995018005371094,4.871685028076172,2.15336537361145
23-09-1988,4.316682815551758,4.316682815551758,32333395,4.470849990844727,4.470849990844727,1.9761896133422852
26-09-1988,4.347516059875488,4.44001579284668,5937140,4.44001579284668,4.409183025360107,1.9489316940307617
27-09-1988,4.3783488273620605,4.409183025360107,3189313,4.44001579284668,4.409183025360107,1.9489316940307617
28-09-1988,4.347516059875488,4.409183025360107,3476339,4.44001579284668,4.347516059875488,1.9216728210449219
29-09-1988,4.347516059875488,4.3783488273620605,5406872,4.409183025360107,4.409183025360107,1.9489316940307617
30-09-1988,4.285849094390869,4.409183025360107,5556061,4.409183025360107,4.3783488273620605,1.9353013038635254
03-10-1988,4.285849094390869,4.347516059875488,5529304,4.3783488273620605,4.316682815551758,1.9080440998077393
04-10-1988,4.255015850067139,4.316682815551758,3879715,4.347516059875488,4.285849094390869,1.8944151401519775
05-10-1988,4.22418212890625,4.255015850067139,4499983,4.285849094390869,4.22418212890625,1.8671573400497437
06-10-1988,4.1933488845825195,4.255015850067139,3692419,4.285849094390869,4.255015850067139,1.8807862997055054
07-10-1988,4.255015850067139,4.316682815551758,7073488,4.3783488273620605,4.347516059875488,1.9216728210449219
10-10-1988,4.1933488845825195,4.347516059875488,4826334,4.470849990844727,4.470849990844727,1.9761896133422852
11-10-1988,4.44001579284668,4.532516956329346,10882257,4.6866841316223145,4.655849933624268,2.057962656021118
12-10-1988,4.44001579284668,4.532516956329346,4564443,4.594183921813965,4.470849990844727,1.9761896133422852
13-10-1988,4.501683235168457,4.501683235168457,3629987,4.563350200653076,4.532516956329346,2.003446340560913
14-10-1988,4.470849990844727,4.563350200653076,2531747,4.594183921813965,4.501683235168457,1.9898192882537842
17-10-1988,4.285849094390869,4.501683235168457,4851469,4.501683235168457,4.316682815551758,1.9080440998077393
18-10-1988,4.285849094390869,4.347516059875488,4418903,4.470849990844727,4.44001579284668,1.9625600576400757
19-10-1988,4.316682815551758,4.501683235168457,4617551,4.501683235168457,4.3783488273620605,1.9353013038635254
20-10-1988,4.285849094390869,4.409183025360107,10529961,4.44001579284668,4.44001579284668,1.9625600576400757
21-10-1988,4.347516059875488,4.409183025360107,3827418,4.409183025360107,4.3783488273620605,1.9353013038635254
24-10-1988,4.347516059875488,4.3783488273620605,3357555,4.409183025360107,4.347516059875488,1.9216728210449219
25-10-1988,4.347516059875488,4.347516059875488,3005259,4.470849990844727,4.44001579284668,1.9625600576400757
26-10-1988,4.3783488273620605,4.409183025360107,4079985,4.501683235168457,4.44001579284668,1.9625600576400757
27-10-1988,4.409183025360107,4.44001579284668,4204444,4.532516956329346,4.409183025360107,1.9489316940307617
28-10-1988,4.409183025360107,4.409183025360107,2442964,4.470849990844727,4.470849990844727,1.9761896133422852
31-10-1988,4.409183025360107,4.470849990844727,1905804,4.470849990844727,4.470849990844727,1.9761896133422852
01-11-1988,4.3783488273620605,4.470849990844727,4768361,4.470849990844727,4.3783488273620605,1.9353013038635254
02-11-1988,4.347516059875488,4.409183025360107,3540392,4.44001579284668,4.409183025360107,1.9489316940307617
03-11-1988,4.347516059875488,4.409183025360107,4131877,4.44001579284668,4.347516059875488,1.9216728210449219
04-11-1988,4.255015850067139,4.347516059875488,5227684,4.3783488273620605,4.255015850067139,1.8807862997055054
07-11-1988,4.1933488845825195,4.255015850067139,4461876,4.285849094390869,4.22418212890625,1.8671573400497437
08-11-1988,4.22418212890625,4.22418212890625,1592427,4.285849094390869,4.285849094390869,1.8944151401519775
09-11-1988,4.1933488845825195,4.22418212890625,2766476,4.285849094390869,4.22418212890625,1.8671573400497437
10-11-1988,4.1933488845825195,4.255015850067139,2153911,4.285849094390869,4.255015850067139,1.8807862997055054
11-11-1988,4.1316819190979,4.1933488845825195,2485937,4.347516059875488,4.1316819190979,1.8262720108032227
14-11-1988,4.1316819190979,4.1933488845825195,2788368,4.22418212890625,4.22418212890625,1.8671573400497437
15-11-1988,4.1316819190979,4.1933488845825195,2467694,4.22418212890625,4.1933488845825195,1.8535293340682983
16-11-1988,4.100848197937012,4.162515163421631,3956742,4.1933488845825195,4.1316819190979,1.8262720108032227
17-11-1988,4.070014953613281,4.1316819190979,3696878,4.162515163421631,4.070014953613281,1.7990139722824097
18-11-1988,4.070014953613281,4.1316819190979,1966209,4.1316819190979,4.1316819190979,1.8262720108032227
21-11-1988,4.008347988128662,4.100848197937012,2421478,4.1316819190979,4.100848197937012,1.8126420974731445
22-11-1988,4.008347988128662,4.070014953613281,1611886,4.100848197937012,4.100848197937012,1.8126420974731445
23-11-1988,4.070014953613281,4.070014953613281,2303100,4.162515163421631,4.162515163421631,1.8398998975753784
25-11-1988,4.039181232452393,4.100848197937012,1147293,4.100848197937012,4.100848197937012,1.8126420974731445
28-11-1988,4.039181232452393,4.039181232452393,2345262,4.1316819190979,4.1316819190979,1.8262720108032227
29-11-1988,4.070014953613281,4.100848197937012,3621473,4.162515163421631,4.1316819190979,1.8262720108032227
30-11-1988,4.100848197937012,4.1316819190979,4523092,4.285849094390869,4.255015850067139,1.8807862997055054
01-12-1988,4.1933488845825195,4.22418212890625,2664720,4.3783488273620605,4.3783488273620605,1.9353013038635254
02-12-1988,4.285849094390869,4.316682815551758,3419987,4.409183025360107,4.3783488273620605,1.9353013038635254
05-12-1988,4.316682815551758,4.3783488273620605,3216069,4.409183025360107,4.316682815551758,1.9080440998077393
06-12-1988,4.316682815551758,4.316682815551758,3295528,4.409183025360107,4.409183025360107,1.9629520177841187
07-12-1988,4.316682815551758,4.3783488273620605,1917561,4.409183025360107,4.3783488273620605,1.949224829673767
08-12-1988,4.285849094390869,4.316682815551758,2081749,4.3783488273620605,4.316682815551758,1.921772837638855
09-12-1988,4.285849094390869,4.285849094390869,2624180,4.409183025360107,4.3783488273620605,1.949224829673767
12-12-1988,4.1933488845825195,4.347516059875488,2918908,4.347516059875488,4.255015850067139,1.894317865371704
13-12-1988,4.22418212890625,4.255015850067139,1761885,4.347516059875488,4.347516059875488,1.9354979991912842
14-12-1988,4.1933488845825195,4.285849094390869,2325802,4.316682815551758,4.1933488845825195,1.8668639659881592
15-12-1988,4.162515163421631,4.22418212890625,2111344,4.255015850067139,4.22418212890625,1.8805912733078003
16-12-1988,4.1933488845825195,4.22418212890625,4212552,4.285849094390869,4.22418212890625,1.8805912733078003
19-12-1988,4.22418212890625,4.22418212890625,6541598,4.316682815551758,4.316682815551758,1.921772837638855
20-12-1988,4.285849094390869,4.316682815551758,5921330,4.44001579284668,4.285849094390869,1.9080440998077393
21-12-1988,4.255015850067139,4.285849094390869,3164583,4.347516059875488,4.316682815551758,1.921772837638855
22-12-1988,4.285849094390869,4.285849094390869,2963097,4.347516059875488,4.347516059875488,1.9354979991912842
23-12-1988,4.316682815551758,4.347516059875488,4288768,4.44001579284668,4.409183025360107,1.9629520177841187
27-12-1988,4.409183025360107,4.44001579284668,3019043,4.501683235168457,4.409183025360107,1.9629520177841187
28-12-1988,4.22418212890625,4.409183025360107,3819716,4.44001579284668,4.409183025360107,1.9629520177841187
29-12-1988,4.3783488273620605,4.3783488273620605,2991070,4.470849990844727,4.44001579284668,1.9766789674758911
30-12-1988,4.347516059875488,4.44001579284668,4088093,4.44001579284668,4.347516059875488,1.9354979991912842
03-01-1989,4.316682815551758,4.3783488273620605,2193235,4.409183025360107,4.347516059875488,1.9354979991912842
04-01-1989,4.347516059875488,4.3783488273620605,2381748,4.470849990844727,4.470849990844727,1.9904062747955322
05-01-1989,4.409183025360107,4.470849990844727,3223772,4.501683235168457,4.470849990844727,1.9904062747955322
06-01-1989,4.44001579284668,4.470849990844727,3135799,4.563350200653076,4.501683235168457,2.004133701324463
09-01-1989,4.347516059875488,4.409183025360107,6226193,4.44001579284668,4.409183025360107,1.9629520177841187
10-01-1989,4.316682815551758,4.44001579284668,3268772,4.470849990844727,4.44001579284668,1.9766789674758911
11-01-1989,4.532516956329346,4.532516956329346,10640231,4.625017166137695,4.625017166137695,2.0590412616729736
12-01-1989,4.655849933624268,4.655849933624268,6267545,4.748351097106934,4.6866841316223145,2.086493730545044
13-01-1989,4.625017166137695,4.717516899108887,2179451,4.717516899108887,4.625017166137695,2.0590412616729736
16-01-1989,4.563350200653076,4.655849933624268,2147830,4.655849933624268,4.625017166137695,2.0590412616729736
17-01-1989,4.594183921813965,4.655849933624268,2727152,4.655849933624268,4.594183921813965,2.045314311981201
18-01-1989,4.532516956329346,4.625017166137695,2852017,4.625017166137695,4.625017166137695,2.0590412616729736
19-01-1989,4.625017166137695,4.625017166137695,5534574,4.748351097106934,4.717516899108887,2.100220203399658
20-01-1989,4.44001579284668,4.6866841316223145,1934182,4.717516899108887,4.6866841316223145,2.086493730545044
23-01-1989,4.625017166137695,4.6866841316223145,1635399,4.717516899108887,4.625017166137695,2.0590412616729736
24-01-1989,4.655849933624268,4.655849933624268,4482957,4.748351097106934,4.748351097106934,2.113948345184326
25-01-1989,4.810018062591553,4.871685028076172,7891998,4.933351039886475,4.871685028076172,2.1688568592071533
26-01-1989,4.748351097106934,4.840850830078125,4137552,4.871685028076172,4.779183864593506,2.1276752948760986
27-01-1989,4.717516899108887,4.840850830078125,5515520,4.871685028076172,4.748351097106934,2.113948345184326
30-01-1989,4.717516899108887,4.779183864593506,1784993,4.779183864593506,4.779183864593506,2.1276752948760986
31-01-1989,4.748351097106934,4.779183864593506,2382964,4.840850830078125,4.840850830078125,2.1551296710968018
01-02-1989,4.810018062591553,4.840850830078125,8781454,5.025852203369141,4.995018005371094,2.2237632274627686
02-02-1989,4.933351039886475,5.025852203369141,4197958,5.056684970855713,5.025852203369141,2.2374908924102783
03-02-1989,4.933351039886475,4.995018005371094,3084718,5.025852203369141,4.995018005371094,2.2237632274627686
06-02-1989,4.871685028076172,4.995018005371094,2210262,4.995018005371094,4.902517795562744,2.1825833320617676
07-02-1989,4.902517795562744,4.933351039886475,6909299,5.056684970855713,5.025852203369141,2.2374908924102783
08-02-1989,4.933351039886475,4.933351039886475,6307680,5.118351936340332,5.025852203369141,2.2374908924102783
09-02-1989,4.902517795562744,4.995018005371094,4307417,5.025852203369141,4.9641852378845215,2.210036277770996
10-02-1989,4.840850830078125,4.871685028076172,3936472,4.933351039886475,4.871685028076172,2.1688568592071533
13-02-1989,4.810018062591553,4.840850830078125,2418234,4.871685028076172,4.840850830078125,2.1551296710968018
14-02-1989,4.840850830078125,4.871685028076172,2099587,4.933351039886475,4.840850830078125,2.1551296710968018
15-02-1989,4.810018062591553,4.871685028076172,3179178,4.902517795562744,4.902517795562744,2.1825833320617676
16-02-1989,4.840850830078125,4.871685028076172,1637426,4.902517795562744,4.840850830078125,2.1551296710968018
17-02-1989,4.840850830078125,4.871685028076172,1384860,4.902517795562744,4.871685028076172,2.1688568592071533
21-02-1989,4.810018062591553,4.871685028076172,1834047,4.902517795562744,4.871685028076172,2.1688568592071533
22-02-1989,4.717516899108887,4.840850830078125,3160124,4.871685028076172,4.779183864593506,2.1276752948760986
23-02-1989,4.6866841316223145,4.779183864593506,1747291,4.810018062591553,4.717516899108887,2.100220203399658
24-02-1989,4.594183921813965,4.6866841316223145,2796476,4.717516899108887,4.625017166137695,2.0590412616729736
27-02-1989,4.563350200653076,4.594183921813965,1611481,4.6866841316223145,4.655849933624268,2.072768211364746
28-02-1989,4.625017166137695,4.655849933624268,2889719,4.6866841316223145,4.625017166137695,2.0590412616729736
01-03-1989,4.563350200653076,4.655849933624268,2920935,4.6866841316223145,4.594183921813965,2.045314311981201
02-03-1989,4.594183921813965,4.625017166137695,2067560,4.717516899108887,4.655849933624268,2.072768211364746
03-03-1989,4.655849933624268,4.655849933624268,1311076,4.717516899108887,4.6866841316223145,2.086493730545044
06-03-1989,4.6866841316223145,4.717516899108887,3696068,4.810018062591553,4.810018062591553,2.141401767730713
07-03-1989,4.779183864593506,4.810018062591553,7525918,4.9641852378845215,4.933351039886475,2.1963095664978027
08-03-1989,4.779183864593506,4.902517795562744,4000526,4.902517795562744,4.810018062591553,2.141401767730713
09-03-1989,4.717516899108887,4.779183864593506,2714990,4.810018062591553,4.748351097106934,2.1292355060577393
10-03-1989,4.6866841316223145,4.748351097106934,2582018,4.748351097106934,4.748351097106934,2.1292355060577393
13-03-1989,4.779183864593506,4.779183864593506,2924584,4.902517795562744,4.840850830078125,2.1707136631011963
14-03-1989,4.840850830078125,4.902517795562744,2297424,4.902517795562744,4.840850830078125,2.1707136631011963
15-03-1989,4.871685028076172,4.871685028076172,4438362,4.933351039886475,4.933351039886475,2.212193012237549
16-03-1989,4.902517795562744,4.933351039886475,4415254,5.149186134338379,4.933351039886475,2.212193012237549
17-03-1989,4.717516899108887,4.748351097106934,4111201,4.810018062591553,4.779183864593506,2.1430606842041016
20-03-1989,4.717516899108887,4.748351097106934,2979313,4.810018062591553,4.779183864593506,2.1430606842041016
21-03-1989,4.810018062591553,4.840850830078125,2237019,4.902517795562744,4.810018062591553,2.1568877696990967
22-03-1989,4.779183864593506,4.871685028076172,3170259,4.902517795562744,4.840850830078125,2.1707136631011963
23-03-1989,4.779183864593506,4.810018062591553,2073236,4.840850830078125,4.810018062591553,2.1568877696990967
27-03-1989,4.779183864593506,4.810018062591553,1946344,4.871685028076172,4.810018062591553,2.1568877696990967
28-03-1989,4.810018062591553,4.840850830078125,2468099,4.871685028076172,4.840850830078125,2.1707136631011963
29-03-1989,4.810018062591553,4.840850830078125,2915665,4.871685028076172,4.871685028076172,2.184540271759033
30-03-1989,4.810018062591553,4.840850830078125,1268509,4.871685028076172,4.840850830078125,2.1707136631011963
31-03-1989,4.779183864593506,4.810018062591553,1740399,4.840850830078125,4.810018062591553,2.1568877696990967
03-04-1989,4.779183864593506,4.810018062591553,1684453,4.871685028076172,4.810018062591553,2.1568877696990967
04-04-1989,4.748351097106934,4.810018062591553,2198911,4.810018062591553,4.810018062591553,2.1568877696990967
05-04-1989,4.779183864593506,4.810018062591553,2336748,4.871685028076172,4.840850830078125,2.1707136631011963
06-04-1989,4.748351097106934,4.840850830078125,6206329,4.840850830078125,4.748351097106934,2.1292355060577393
07-04-1989,4.748351097106934,4.748351097106934,2249586,4.840850830078125,4.810018062591553,2.1568877696990967
10-04-1989,4.748351097106934,4.810018062591553,1709588,4.810018062591553,4.810018062591553,2.1568877696990967
11-04-1989,4.748351097106934,4.810018062591553,1157428,4.810018062591553,4.748351097106934,2.1292355060577393
12-04-1989,4.748351097106934,4.779183864593506,1245806,4.810018062591553,4.779183864593506,2.1430606842041016
13-04-1989,4.655849933624268,4.810018062591553,3350663,4.810018062591553,4.655849933624268,2.0877561569213867
14-04-1989,4.6866841316223145,4.6866841316223145,3138637,4.779183864593506,4.6866841316223145,2.101583242416382
17-04-1989,4.717516899108887,4.748351097106934,1600129,4.810018062591553,4.779183864593506,2.1430606842041016
18-04-1989,4.748351097106934,4.810018062591553,3869175,4.840850830078125,4.810018062591553,2.1568877696990967
19-04-1989,4.6866841316223145,4.810018062591553,2600666,4.871685028076172,4.810018062591553,2.1568877696990967
20-04-1989,4.594183921813965,4.810018062591553,10690501,4.810018062591553,4.655849933624268,2.0877561569213867
21-04-1989,4.625017166137695,4.655849933624268,4573362,4.717516899108887,4.6866841316223145,2.101583242416382
24-04-1989,4.655849933624268,4.6866841316223145,1987695,4.717516899108887,4.655849933624268,2.0877561569213867
25-04-1989,4.594183921813965,4.6866841316223145,3764986,4.717516899108887,4.625017166137695,2.073930025100708
26-04-1989,4.655849933624268,4.655849933624268,4047958,4.779183864593506,4.748351097106934,2.1292355060577393
27-04-1989,4.748351097106934,4.779183864593506,3910932,4.871685028076172,4.871685028076172,2.184540271759033
28-04-1989,4.810018062591553,4.871685028076172,2439721,4.902517795562744,4.871685028076172,2.184540271759033
01-05-1989,4.748351097106934,4.810018062591553,2869449,4.840850830078125,4.840850830078125,2.1707136631011963
02-05-1989,4.779183864593506,4.810018062591553,5812276,4.902517795562744,4.871685028076172,2.184540271759033
03-05-1989,4.810018062591553,4.840850830078125,2517153,4.902517795562744,4.810018062591553,2.1568877696990967
04-05-1989,4.779183864593506,4.840850830078125,1681615,4.871685028076172,4.840850830078125,2.1707136631011963
05-05-1989,4.810018062591553,4.840850830078125,2577558,4.871685028076172,4.810018062591553,2.1568877696990967
08-05-1989,4.748351097106934,4.810018062591553,3115124,4.810018062591553,4.810018062591553,2.1568877696990967
09-05-1989,4.748351097106934,4.810018062591553,1906209,4.810018062591553,4.779183864593506,2.1430606842041016
10-05-1989,4.810018062591553,4.810018062591553,3733770,4.933351039886475,4.902517795562744,2.19836688041687
11-05-1989,4.933351039886475,4.933351039886475,3537960,4.995018005371094,4.933351039886475,2.212193012237549
12-05-1989,4.995018005371094,5.025852203369141,6486057,5.056684970855713,4.995018005371094,2.239845037460327
15-05-1989,4.933351039886475,5.056684970855713,4180931,5.118351936340332,5.08751916885376,2.2813234329223633
16-05-1989,5.025852203369141,5.056684970855713,6019032,5.180018901824951,5.149186134338379,2.3089759349823
17-05-1989,5.118351936340332,5.149186134338379,5699574,5.210852146148682,5.180018901824951,2.3228018283843994
18-05-1989,5.149186134338379,5.180018901824951,4368227,5.210852146148682,5.180018901824951,2.3228018283843994
19-05-1989,5.149186134338379,5.180018901824951,3101340,5.24168586730957,5.149186134338379,2.3089759349823
22-05-1989,5.180018901824951,5.24168586730957,2505802,5.24168586730957,5.180018901824951,2.3228018283843994
23-05-1989,5.180018901824951,5.180018901824951,4227957,5.3033528327941895,5.210852146148682,2.3366270065307617
24-05-1989,5.180018901824951,5.210852146148682,3735797,5.33418607711792,5.33418607711792,2.391932249069214
25-05-1989,5.272519111633301,5.3033528327941895,2260938,5.365019798278809,5.33418607711792,2.391932249069214
26-05-1989,5.272519111633301,5.3033528327941895,2478234,5.395853042602539,5.365019798278809,2.405759334564209
30-05-1989,5.24168586730957,5.395853042602539,2195262,5.395853042602539,5.272519111633301,2.364280939102173
31-05-1989,5.272519111633301,5.272519111633301,2204181,5.395853042602539,5.33418607711792,2.391932249069214
01-06-1989,5.33418607711792,5.365019798278809,1482157,5.365019798278809,5.33418607711792,2.391932249069214
02-06-1989,5.272519111633301,5.365019798278809,1818237,5.365019798278809,5.33418607711792,2.391932249069214
05-06-1989,5.210852146148682,5.3033528327941895,2012425,5.33418607711792,5.210852146148682,2.3366270065307617
06-06-1989,5.118351936340332,5.272519111633301,2968367,5.272519111633301,5.149186134338379,2.3089759349823
07-06-1989,5.180018901824951,5.210852146148682,2962692,5.272519111633301,5.210852146148682,2.3366270065307617
08-06-1989,5.118351936340332,5.24168586730957,2632288,5.24168586730957,5.149186134338379,2.3243796825408936
09-06-1989,5.118351936340332,5.149186134338379,2312019,5.210852146148682,5.149186134338379,2.3243796825408936
12-06-1989,5.149186134338379,5.180018901824951,1334590,5.210852146148682,5.180018901824951,2.3382980823516846
13-06-1989,5.08751916885376,5.118351936340332,1259185,5.149186134338379,5.118351936340332,2.310462236404419
14-06-1989,5.056684970855713,5.149186134338379,4214174,5.210852146148682,5.210852146148682,2.3522160053253174
15-06-1989,5.118351936340332,5.180018901824951,2007966,5.210852146148682,5.210852146148682,2.3522160053253174
16-06-1989,5.056684970855713,5.08751916885376,4932549,5.210852146148682,5.210852146148682,2.3522160053253174
19-06-1989,5.149186134338379,5.210852146148682,1817020,5.210852146148682,5.149186134338379,2.3243796825408936
20-06-1989,5.149186134338379,5.180018901824951,1675129,5.210852146148682,5.180018901824951,2.3382980823516846
21-06-1989,5.210852146148682,5.272519111633301,2902287,5.3033528327941895,5.24168586730957,2.366135358810425
22-06-1989,5.210852146148682,5.24168586730957,1989317,5.272519111633301,5.272519111633301,2.3800535202026367
23-06-1989,5.272519111633301,5.272519111633301,3566744,5.395853042602539,5.365019798278809,2.4218084812164307
26-06-1989,5.33418607711792,5.365019798278809,2170533,5.395853042602539,5.33418607711792,2.407890558242798
27-06-1989,5.272519111633301,5.365019798278809,2211478,5.395853042602539,5.272519111633301,2.3800535202026367
28-06-1989,5.180018901824951,5.272519111633301,1392562,5.272519111633301,5.24168586730957,2.366135358810425
29-06-1989,5.08751916885376,5.180018901824951,2473369,5.210852146148682,5.149186134338379,2.3243796825408936
30-06-1989,5.056684970855713,5.118351936340332,2068776,5.149186134338379,5.118351936340332,2.310462236404419
03-07-1989,5.118351936340332,5.149186134338379,1080807,5.210852146148682,5.180018901824951,2.3382980823516846
05-07-1989,5.118351936340332,5.210852146148682,2460396,5.272519111633301,5.24168586730957,2.366135358810425
06-07-1989,5.210852146148682,5.272519111633301,3158097,5.3033528327941895,5.210852146148682,2.3522160053253174
07-07-1989,5.180018901824951,5.24168586730957,2511883,5.3033528327941895,5.272519111633301,2.3800535202026367
10-07-1989,5.210852146148682,5.272519111633301,2317694,5.272519111633301,5.24168586730957,2.366135358810425
11-07-1989,5.180018901824951,5.24168586730957,2176614,5.272519111633301,5.210852146148682,2.3522160053253174
12-07-1989,5.180018901824951,5.210852146148682,1697021,5.24168586730957,5.210852146148682,2.3522160053253174
13-07-1989,5.118351936340332,5.24168586730957,2181073,5.24168586730957,5.180018901824951,2.3382980823516846
14-07-1989,5.149186134338379,5.24168586730957,3152826,5.24168586730957,5.210852146148682,2.3522160053253174
17-07-1989,5.149186134338379,5.149186134338379,1901344,5.24168586730957,5.180018901824951,2.3382980823516846
18-07-1989,5.118351936340332,5.180018901824951,2245938,5.210852146148682,5.118351936340332,2.310462236404419
19-07-1989,5.118351936340332,5.180018901824951,3800662,5.24168586730957,5.24168586730957,2.366135358810425
20-07-1989,5.210852146148682,5.24168586730957,3727284,5.3033528327941895,5.24168586730957,2.366135358810425
21-07-1989,5.180018901824951,5.272519111633301,3371744,5.272519111633301,5.180018901824951,2.3382980823516846
24-07-1989,5.180018901824951,5.210852146148682,2702828,5.3033528327941895,5.24168586730957,2.366135358810425
25-07-1989,5.24168586730957,5.272519111633301,4922009,5.365019798278809,5.33418607711792,2.407890558242798
26-07-1989,5.3033528327941895,5.3033528327941895,8418212,5.642520904541016,5.611687183380127,2.533156156539917
27-07-1989,5.519186973571777,5.7658538818359375,7413216,5.7658538818359375,5.611687183380127,2.533156156539917
28-07-1989,5.642520904541016,5.673354148864746,3293096,5.704187870025635,5.642520904541016,2.547074556350708
31-07-1989,5.519186973571777,5.704187870025635,3792148,5.735021114349365,5.704187870025635,2.574911594390869
01-08-1989,5.611687183380127,5.673354148864746,4925658,5.796688079833984,5.642520904541016,2.547074556350708
02-08-1989,5.611687183380127,5.611687183380127,6742678,6.012522220611572,5.950854778289795,2.6862590312957764
03-08-1989,5.8583550453186035,5.950854778289795,4158228,5.981688976287842,5.920022010803223,2.672339916229248
04-08-1989,5.7658538818359375,5.827520847320557,2511477,5.920022010803223,5.796688079833984,2.616666555404663
07-08-1989,5.7658538818359375,5.796688079833984,2365126,5.920022010803223,5.889187812805176,2.6584231853485107
08-08-1989,5.827520847320557,5.8583550453186035,3476339,5.950854778289795,5.950854778289795,2.6862590312957764
09-08-1989,5.8583550453186035,5.950854778289795,4416065,5.981688976287842,5.8583550453186035,2.6445024013519287
10-08-1989,5.796688079833984,5.8583550453186035,2746612,6.012522220611572,5.827520847320557,2.6305859088897705
11-08-1989,5.796688079833984,5.889187812805176,2968367,5.920022010803223,5.796688079833984,2.616666555404663
14-08-1989,5.704187870025635,5.7658538818359375,2271073,5.796688079833984,5.735021114349365,2.588829755783081
15-08-1989,5.735021114349365,5.7658538818359375,2293775,5.796688079833984,5.796688079833984,2.616666555404663
16-08-1989,5.7658538818359375,5.7658538818359375,3148772,5.920022010803223,5.920022010803223,2.672339916229248
17-08-1989,5.889187812805176,5.920022010803223,3053908,5.981688976287842,5.950854778289795,2.6862590312957764
18-08-1989,5.920022010803223,5.950854778289795,3465393,6.012522220611572,6.012522220611572,2.7140965461730957
21-08-1989,5.920022010803223,6.012522220611572,3297150,6.012522220611572,5.920022010803223,2.672339916229248
22-08-1989,5.827520847320557,5.8583550453186035,3973769,5.889187812805176,5.8583550453186035,2.6445024013519287
23-08-1989,5.827520847320557,5.827520847320557,2910800,5.950854778289795,5.889187812805176,2.6584231853485107
24-08-1989,5.8583550453186035,5.920022010803223,2813098,5.950854778289795,5.889187812805176,2.6584231853485107
25-08-1989,5.8583550453186035,5.889187812805176,1814183,5.950854778289795,5.920022010803223,2.672339916229248
28-08-1989,5.827520847320557,5.889187812805176,1786615,5.889187812805176,5.827520847320557,2.6305859088897705
29-08-1989,5.735021114349365,5.8583550453186035,4455389,5.8583550453186035,5.7658538818359375,2.6027488708496094
30-08-1989,5.735021114349365,5.735021114349365,1784993,5.827520847320557,5.827520847320557,2.6305859088897705
31-08-1989,5.7658538818359375,5.796688079833984,2020939,5.796688079833984,5.796688079833984,2.616666555404663
01-09-1989,5.735021114349365,5.7658538818359375,2350937,5.827520847320557,5.796688079833984,2.616666555404663
05-09-1989,5.642520904541016,5.735021114349365,2125533,5.7658538818359375,5.642520904541016,2.547074556350708
06-09-1989,5.519186973571777,5.642520904541016,4811739,5.673354148864746,5.5808539390563965,2.5192370414733887
07-09-1989,5.5808539390563965,5.5808539390563965,2548369,5.673354148864746,5.642520904541016,2.5629327297210693
08-09-1989,5.457520008087158,5.611687183380127,2556883,5.642520904541016,5.519186973571777,2.5069127082824707
11-09-1989,5.4883527755737305,5.519186973571777,5977275,5.5808539390563965,5.550020217895508,2.520918607711792
12-09-1989,5.4883527755737305,5.550020217895508,1423779,5.550020217895508,5.519186973571777,2.5069127082824707
13-09-1989,5.519186973571777,5.550020217895508,3031205,5.611687183380127,5.5808539390563965,2.5349228382110596
14-09-1989,5.550020217895508,5.611687183380127,2065533,5.611687183380127,5.550020217895508,2.520918607711792
15-09-1989,5.519186973571777,5.5808539390563965,4311065,5.5808539390563965,5.5808539390563965,2.5349228382110596
18-09-1989,5.519186973571777,5.519186973571777,1228374,5.550020217895508,5.550020217895508,2.520918607711792
19-09-1989,5.4883527755737305,5.550020217895508,1131888,5.550020217895508,5.4883527755737305,2.4929068088531494
20-09-1989,5.4883527755737305,5.519186973571777,1869317,5.519186973571777,5.4883527755737305,2.4929068088531494
21-09-1989,5.457520008087158,5.519186973571777,2069992,5.519186973571777,5.4883527755737305,2.4929068088531494
22-09-1989,5.457520008087158,5.4883527755737305,2093911,5.519186973571777,5.519186973571777,2.5069127082824707
25-09-1989,5.4883527755737305,5.519186973571777,1246617,5.519186973571777,5.4883527755737305,2.4929068088531494
26-09-1989,5.4883527755737305,5.4883527755737305,3116340,5.5808539390563965,5.519186973571777,2.5069127082824707
27-09-1989,5.457520008087158,5.4883527755737305,1497157,5.673354148864746,5.673354148864746,2.5769388675689697
28-09-1989,5.611687183380127,5.673354148864746,2530126,5.7658538818359375,5.704187870025635,2.5909433364868164
29-09-1989,5.642520904541016,5.673354148864746,1361752,5.735021114349365,5.673354148864746,2.5769388675689697
02-10-1989,5.642520904541016,5.673354148864746,1547427,5.827520847320557,5.796688079833984,2.63295841217041
03-10-1989,5.735021114349365,5.796688079833984,3017827,5.827520847320557,5.796688079833984,2.63295841217041
04-10-1989,5.827520847320557,5.8583550453186035,2338370,5.889187812805176,5.8583550453186035,2.660968780517578
05-10-1989,5.7658538818359375,5.8583550453186035,2269451,5.8583550453186035,5.7658538818359375,2.618953227996826
06-10-1989,5.673354148864746,5.827520847320557,2101614,5.827520847320557,5.704187870025635,2.5909433364868164
09-10-1989,5.673354148864746,5.704187870025635,1206482,5.796688079833984,5.7658538818359375,2.618953227996826
10-10-1989,5.704187870025635,5.7658538818359375,1208914,5.796688079833984,5.7658538818359375,2.618953227996826
11-10-1989,5.735021114349365,5.735021114349365,1304184,5.796688079833984,5.735021114349365,2.6049487590789795
12-10-1989,5.611687183380127,5.673354148864746,3330799,5.704187870025635,5.673354148864746,2.5769388675689697
13-10-1989,5.33418607711792,5.704187870025635,3261880,5.735021114349365,5.395853042602539,2.450892210006714
16-10-1989,5.180018901824951,5.33418607711792,5675249,5.4883527755737305,5.457520008087158,2.4789021015167236
17-10-1989,5.365019798278809,5.426686763763428,2953773,5.426686763763428,5.395853042602539,2.450892210006714
18-10-1989,5.365019798278809,5.395853042602539,1474859,5.519186973571777,5.519186973571777,2.5069127082824707
19-10-1989,5.457520008087158,5.5808539390563965,2161614,5.5808539390563965,5.4883527755737305,2.4929068088531494
20-10-1989,5.426686763763428,5.457520008087158,1658102,5.519186973571777,5.4883527755737305,2.4929068088531494
23-10-1989,5.457520008087158,5.4883527755737305,1019591,5.519186973571777,5.4883527755737305,2.4929068088531494
24-10-1989,5.457520008087158,5.457520008087158,5376467,5.8583550453186035,5.8583550453186035,2.660968780517578
25-10-1989,5.673354148864746,5.7658538818359375,3128097,5.796688079833984,5.704187870025635,2.5909433364868164
26-10-1989,5.5808539390563965,5.673354148864746,1350806,5.704187870025635,5.5808539390563965,2.5349228382110596
27-10-1989,5.426686763763428,5.611687183380127,3944580,5.611687183380127,5.519186973571777,2.5069127082824707
30-10-1989,5.550020217895508,5.550020217895508,1087293,5.611687183380127,5.550020217895508,2.520918607711792
31-10-1989,5.550020217895508,5.5808539390563965,2006344,5.642520904541016,5.611687183380127,2.5489282608032227
01-11-1989,5.550020217895508,5.611687183380127,1866074,5.673354148864746,5.642520904541016,2.5629327297210693
02-11-1989,5.611687183380127,5.673354148864746,2402829,5.704187870025635,5.673354148864746,2.5769388675689697
03-11-1989,5.550020217895508,5.642520904541016,2061479,5.642520904541016,5.550020217895508,2.520918607711792
06-11-1989,5.4883527755737305,5.5808539390563965,1242158,5.5808539390563965,5.550020217895508,2.520918607711792
07-11-1989,5.4883527755737305,5.519186973571777,1707156,5.5808539390563965,5.5808539390563965,2.5349228382110596
08-11-1989,5.550020217895508,5.550020217895508,1816210,5.642520904541016,5.611687183380127,2.5489282608032227
09-11-1989,5.550020217895508,5.5808539390563965,2990259,5.704187870025635,5.642520904541016,2.5629327297210693
10-11-1989,5.673354148864746,5.704187870025635,2669990,5.796688079833984,5.796688079833984,2.63295841217041
13-11-1989,5.704187870025635,5.796688079833984,2226478,5.796688079833984,5.704187870025635,2.5909433364868164
14-11-1989,5.673354148864746,5.704187870025635,1606616,5.735021114349365,5.673354148864746,2.5769388675689697
15-11-1989,5.673354148864746,5.704187870025635,2075668,5.735021114349365,5.735021114349365,2.6049487590789795
16-11-1989,5.673354148864746,5.735021114349365,1641075,5.7658538818359375,5.735021114349365,2.6049487590789795
17-11-1989,5.673354148864746,5.704187870025635,1986885,5.735021114349365,5.735021114349365,2.6049487590789795
20-11-1989,5.673354148864746,5.704187870025635,1276617,5.735021114349365,5.735021114349365,2.6049487590789795
21-11-1989,5.704187870025635,5.735021114349365,1587562,5.7658538818359375,5.7658538818359375,2.618953227996826
22-11-1989,5.735021114349365,5.735021114349365,4540118,5.920022010803223,5.889187812805176,2.674974203109741
24-11-1989,5.889187812805176,5.920022010803223,3076610,5.981688976287842,5.950854778289795,2.702986240386963
27-11-1989,5.950854778289795,5.950854778289795,2620936,6.043355941772461,6.043355941772461,2.7449991703033447
28-11-1989,6.012522220611572,6.043355941772461,2769720,6.074189186096191,6.012522220611572,2.730994939804077
29-11-1989,5.981688976287842,6.012522220611572,1823101,6.074189186096191,6.043355941772461,2.7449991703033447
30-11-1989,5.981688976287842,6.012522220611572,1869317,6.105021953582764,6.105021953582764,2.773010015487671
01-12-1989,6.043355941772461,6.074189186096191,4450930,6.228355884552002,6.166688919067383,2.801020622253418
04-12-1989,6.1358561515808105,6.166688919067383,4251471,6.382523059844971,6.320857048034668,2.8710455894470215
05-12-1989,6.228355884552002,6.320857048034668,2493639,6.382523059844971,6.228355884552002,2.8290295600891113
06-12-1989,6.105021953582764,6.228355884552002,1896074,6.259190082550049,6.1358561515808105,2.7870161533355713
07-12-1989,6.074189186096191,6.074189186096191,1146482,6.19752311706543,6.166688919067383,2.816873073577881
08-12-1989,6.105021953582764,6.19752311706543,2956611,6.228355884552002,6.1358561515808105,2.8027899265289307
11-12-1989,6.074189186096191,6.1358561515808105,1487832,6.1358561515808105,6.1358561515808105,2.8027899265289307
12-12-1989,6.105021953582764,6.166688919067383,1541346,6.166688919067383,6.166688919067383,2.816873073577881
13-12-1989,6.043355941772461,6.105021953582764,1168779,6.1358561515808105,6.043355941772461,2.7605361938476562
14-12-1989,5.950854778289795,6.012522220611572,1701886,6.043355941772461,6.012522220611572,2.7464516162872314
15-12-1989,5.889187812805176,6.074189186096191,2490396,6.105021953582764,6.105021953582764,2.7887039184570312
18-12-1989,5.920022010803223,6.043355941772461,2754314,6.074189186096191,5.950854778289795,2.7182841300964355
19-12-1989,5.920022010803223,5.920022010803223,2160397,6.105021953582764,6.043355941772461,2.7605361938476562
20-12-1989,6.012522220611572,6.074189186096191,1898101,6.074189186096191,6.012522220611572,2.7464516162872314
21-12-1989,6.043355941772461,6.043355941772461,3207150,6.105021953582764,6.074189186096191,2.774620294570923
22-12-1989,6.074189186096191,6.074189186096191,1491481,6.1358561515808105,6.1358561515808105,2.8027899265289307
26-12-1989,6.043355941772461,6.105021953582764,727700,6.1358561515808105,6.043355941772461,2.7605361938476562
27-12-1989,5.981688976287842,6.074189186096191,2800936,6.166688919067383,5.981688976287842,2.7323689460754395
28-12-1989,5.981688976287842,5.981688976287842,841213,6.105021953582764,6.105021953582764,2.7887039184570312
29-12-1989,6.105021953582764,6.105021953582764,2389451,6.166688919067383,6.166688919067383,2.816873073577881
02-01-1990,6.074189186096191,6.1358561515808105,2341613,6.320857048034668,6.290022850036621,2.8732104301452637
03-01-1990,6.320857048034668,6.35168981552124,5617682,6.475024223327637,6.44419002532959,2.943632125854492
04-01-1990,6.259190082550049,6.413356781005859,2632693,6.44419002532959,6.320857048034668,2.887296438217163
05-01-1990,6.228355884552002,6.259190082550049,2175803,6.290022850036621,6.228355884552002,2.8450417518615723
08-01-1990,6.166688919067383,6.19752311706543,1607832,6.290022850036621,6.290022850036621,2.8732104301452637
09-01-1990,6.228355884552002,6.320857048034668,2979719,6.382523059844971,6.259190082550049,2.8591268062591553
10-01-1990,6.043355941772461,6.228355884552002,3171069,6.259190082550049,6.1358561515808105,2.8027899265289307
11-01-1990,6.074189186096191,6.166688919067383,1370671,6.166688919067383,6.1358561515808105,2.8027899265289307
12-01-1990,5.950854778289795,6.012522220611572,1920804,6.074189186096191,5.950854778289795,2.7182841300964355
15-01-1990,5.889187812805176,5.981688976287842,1143239,5.981688976287842,5.950854778289795,2.7182841300964355
16-01-1990,5.7658538818359375,5.8583550453186035,3289042,5.981688976287842,5.950854778289795,2.7182841300964355
17-01-1990,5.920022010803223,5.950854778289795,2153100,6.043355941772461,5.950854778289795,2.7182841300964355
18-01-1990,5.889187812805176,5.950854778289795,2011614,6.043355941772461,6.012522220611572,2.7464516162872314
19-01-1990,6.012522220611572,6.043355941772461,2217154,6.074189186096191,6.074189186096191,2.774620294570923
22-01-1990,5.950854778289795,6.074189186096191,1443643,6.074189186096191,5.950854778289795,2.7182841300964355
23-01-1990,5.8583550453186035,5.981688976287842,1860399,6.012522220611572,5.8583550453186035,2.6760294437408447
24-01-1990,5.642520904541016,5.673354148864746,4179714,5.950854778289795,5.950854778289795,2.7182841300964355
25-01-1990,5.981688976287842,6.043355941772461,3815662,6.074189186096191,6.012522220611572,2.7464516162872314
26-01-1990,5.827520847320557,6.012522220611572,2672423,6.043355941772461,5.8583550453186035,2.6760294437408447
29-01-1990,5.735021114349365,5.889187812805176,1917155,6.074189186096191,5.7658538818359375,2.633776903152466
30-01-1990,5.642520904541016,5.7658538818359375,2399180,5.796688079833984,5.796688079833984,2.6478612422943115
31-01-1990,5.796688079833984,5.796688079833984,2101209,5.8583550453186035,5.8583550453186035,2.6760294437408447
01-02-1990,5.7658538818359375,5.8583550453186035,3283366,5.889187812805176,5.7658538818359375,2.633776903152466
02-02-1990,5.735021114349365,5.7658538818359375,3295528,5.8583550453186035,5.827520847320557,2.661945343017578
05-02-1990,5.7658538818359375,5.827520847320557,1061753,5.827520847320557,5.7658538818359375,2.633776903152466
06-02-1990,5.704187870025635,5.796688079833984,2530937,5.796688079833984,5.735021114349365,2.619692802429199
07-02-1990,5.735021114349365,5.7658538818359375,6832272,5.950854778289795,5.920022010803223,2.7041983604431152
08-02-1990,5.950854778289795,5.981688976287842,6161329,6.105021953582764,6.043355941772461,2.7605361938476562
09-02-1990,6.043355941772461,6.105021953582764,2081344,6.1358561515808105,6.074189186096191,2.774620294570923
12-02-1990,5.981688976287842,6.043355941772461,1548643,6.074189186096191,5.981688976287842,2.7323689460754395
13-02-1990,5.920022010803223,5.950854778289795,1227563,5.981688976287842,5.981688976287842,2.7323689460754395
14-02-1990,6.012522220611572,6.043355941772461,2423099,6.1358561515808105,6.012522220611572,2.7464516162872314
15-02-1990,6.012522220611572,6.074189186096191,2286073,6.1358561515808105,6.105021953582764,2.7887039184570312
16-02-1990,6.043355941772461,6.1358561515808105,3457690,6.166688919067383,6.043355941772461,2.7605361938476562
20-02-1990,5.889187812805176,5.981688976287842,1371481,5.981688976287842,5.889187812805176,2.6901144981384277
21-02-1990,5.796688079833984,5.796688079833984,2783503,5.920022010803223,5.889187812805176,2.6901144981384277
22-02-1990,5.920022010803223,5.950854778289795,1603372,6.012522220611572,5.920022010803223,2.7041983604431152
23-02-1990,5.7658538818359375,5.889187812805176,5049711,5.950854778289795,5.827520847320557,2.661945343017578
26-02-1990,5.673354148864746,5.7658538818359375,4651199,5.889187812805176,5.8583550453186035,2.6760294437408447
27-02-1990,5.827520847320557,5.8583550453186035,3655933,6.074189186096191,5.981688976287842,2.7323689460754395
28-02-1990,6.012522220611572,6.012522220611572,2269046,6.1358561515808105,6.1358561515808105,2.8027899265289307
01-03-1990,6.074189186096191,6.1358561515808105,2622153,6.1358561515808105,6.1358561515808105,2.8027899265289307
02-03-1990,6.043355941772461,6.1358561515808105,8428347,6.259190082550049,6.105021953582764,2.7887039184570312
05-03-1990,5.950854778289795,6.074189186096191,2869044,6.105021953582764,6.043355941772461,2.7605361938476562
06-03-1990,5.950854778289795,6.012522220611572,1595670,6.043355941772461,6.012522220611572,2.7464516162872314
07-03-1990,6.043355941772461,6.043355941772461,2837827,6.105021953582764,6.105021953582764,2.7887039184570312
08-03-1990,6.074189186096191,6.105021953582764,3238366,6.19752311706543,6.1358561515808105,2.82102632522583
09-03-1990,6.074189186096191,6.1358561515808105,2693098,6.19752311706543,6.1358561515808105,2.82102632522583
12-03-1990,6.012522220611572,6.074189186096191,1513778,6.105021953582764,6.074189186096191,2.792673110961914
13-03-1990,5.889187812805176,5.981688976287842,4574983,6.043355941772461,5.950854778289795,2.735971212387085
14-03-1990,5.920022010803223,5.950854778289795,1856750,6.012522220611572,5.981688976287842,2.75014591217041
15-03-1990,5.920022010803223,5.981688976287842,2957827,6.012522220611572,5.981688976287842,2.75014591217041
16-03-1990,5.920022010803223,6.012522220611572,3600392,6.043355941772461,5.981688976287842,2.75014591217041
19-03-1990,5.889187812805176,5.920022010803223,1664183,6.043355941772461,6.012522220611572,2.7643213272094727
20-03-1990,5.889187812805176,5.950854778289795,2152695,6.012522220611572,5.950854778289795,2.735971212387085
21-03-1990,5.827520847320557,5.981688976287842,2013641,6.012522220611572,5.889187812805176,2.7076172828674316
22-03-1990,5.827520847320557,5.889187812805176,4019985,6.012522220611572,5.889187812805176,2.7076172828674316
23-03-1990,5.920022010803223,5.950854778289795,1825939,5.981688976287842,5.920022010803223,2.721795082092285
26-03-1990,5.920022010803223,5.950854778289795,1333373,6.012522220611572,5.920022010803223,2.721795082092285
27-03-1990,5.889187812805176,5.920022010803223,1131077,6.012522220611572,6.012522220611572,2.7643213272094727
28-03-1990,5.950854778289795,5.981688976287842,890267,6.012522220611572,5.981688976287842,2.75014591217041
29-03-1990,5.950854778289795,5.981688976287842,1267293,6.043355941772461,6.043355941772461,2.778498411178589
30-03-1990,5.920022010803223,6.043355941772461,2185938,6.1358561515808105,5.981688976287842,2.75014591217041
02-04-1990,5.889187812805176,5.920022010803223,1273779,5.981688976287842,5.920022010803223,2.721795082092285
03-04-1990,5.981688976287842,5.981688976287842,2042830,6.105021953582764,6.074189186096191,2.792673110961914
04-04-1990,5.981688976287842,6.105021953582764,8886859,6.320857048034668,6.012522220611572,2.7643213272094727
05-04-1990,5.5808539390563965,6.105021953582764,18086690,6.1358561515808105,5.642520904541016,2.5942094326019287
06-04-1990,5.457520008087158,5.704187870025635,8394699,5.735021114349365,5.4883527755737305,2.523329257965088
09-04-1990,5.4883527755737305,5.4883527755737305,2518369,5.673354148864746,5.611687183380127,2.580034017562866
10-04-1990,5.550020217895508,5.5808539390563965,2866206,5.642520904541016,5.5808539390563965,2.565857410430908
11-04-1990,5.519186973571777,5.5808539390563965,2107695,5.642520904541016,5.5808539390563965,2.565857410430908
12-04-1990,5.4883527755737305,5.550020217895508,4767550,5.611687183380127,5.550020217895508,2.5516817569732666
16-04-1990,5.4883527755737305,5.550020217895508,3235123,5.5808539390563965,5.550020217895508,2.5516817569732666
17-04-1990,5.395853042602539,5.4883527755737305,2654990,5.519186973571777,5.426686763763428,2.4949779510498047
18-04-1990,5.3033528327941895,5.4883527755737305,2840260,5.4883527755737305,5.395853042602539,2.480802059173584
19-04-1990,5.210852146148682,5.395853042602539,5161197,5.395853042602539,5.33418607711792,2.452449083328247
20-04-1990,5.149186134338379,5.365019798278809,4620794,5.365019798278809,5.272519111633301,2.4240975379943848
23-04-1990,5.118351936340332,5.24168586730957,3604446,5.272519111633301,5.149186134338379,2.3673934936523438
24-04-1990,5.149186134338379,5.180018901824951,2314856,5.272519111633301,5.180018901824951,2.38157057762146
25-04-1990,5.149186134338379,5.210852146148682,1888777,5.272519111633301,5.180018901824951,2.38157057762146
26-04-1990,5.149186134338379,5.210852146148682,3569581,5.24168586730957,5.149186134338379,2.3673934936523438
27-04-1990,5.056684970855713,5.180018901824951,2077290,5.180018901824951,5.08751916885376,2.3390417098999023
30-04-1990,5.056684970855713,5.08751916885376,3417960,5.149186134338379,5.118351936340332,2.3532183170318604
01-05-1990,5.056684970855713,5.118351936340332,3989985,5.180018901824951,5.149186134338379,2.3673934936523438
02-05-1990,5.118351936340332,5.118351936340332,3525392,5.33418607711792,5.3033528327941895,2.438274621963501
03-05-1990,5.24168586730957,5.426686763763428,3984715,5.457520008087158,5.3033528327941895,2.438274621963501
04-05-1990,5.24168586730957,5.33418607711792,3337690,5.365019798278809,5.3033528327941895,2.438274621963501
07-05-1990,5.33418607711792,5.365019798278809,3137421,5.519186973571777,5.457520008087158,2.5091543197631836
08-05-1990,5.4883527755737305,5.519186973571777,3469041,5.642520904541016,5.642520904541016,2.5942094326019287
09-05-1990,5.611687183380127,5.642520904541016,4043499,5.735021114349365,5.673354148864746,2.608386993408203
10-05-1990,5.519186973571777,5.642520904541016,4121336,5.673354148864746,5.642520904541016,2.5942094326019287
11-05-1990,5.5808539390563965,5.673354148864746,4238498,5.735021114349365,5.673354148864746,2.608386993408203
14-05-1990,5.673354148864746,5.735021114349365,4791469,5.8583550453186035,5.735021114349365,2.6367387771606445
15-05-1990,5.611687183380127,5.673354148864746,2466477,5.704187870025635,5.642520904541016,2.5942094326019287
16-05-1990,5.550020217895508,5.642520904541016,1911479,5.642520904541016,5.5808539390563965,2.565857410430908
17-05-1990,5.611687183380127,5.642520904541016,2096344,5.704187870025635,5.673354148864746,2.608386993408203
18-05-1990,5.642520904541016,5.673354148864746,2720666,5.704187870025635,5.673354148864746,2.608386993408203
21-05-1990,5.642520904541016,5.704187870025635,2788774,5.7658538818359375,5.735021114349365,2.6367387771606445
22-05-1990,5.704187870025635,5.796688079833984,2226884,5.827520847320557,5.704187870025635,2.6225616931915283
23-05-1990,5.704187870025635,5.735021114349365,1466346,5.7658538818359375,5.735021114349365,2.6367387771606445
24-05-1990,5.611687183380127,5.735021114349365,2449856,5.735021114349365,5.611687183380127,2.580034017562866
25-05-1990,5.519186973571777,5.611687183380127,1516211,5.704187870025635,5.642520904541016,2.5942094326019287
29-05-1990,5.611687183380127,5.642520904541016,1937020,5.704187870025635,5.673354148864746,2.608386993408203
30-05-1990,5.673354148864746,5.673354148864746,4946333,5.7658538818359375,5.704187870025635,2.6225616931915283
31-05-1990,5.704187870025635,5.704187870025635,3799851,5.796688079833984,5.796688079833984,2.665090560913086
01-06-1990,5.673354148864746,5.7658538818359375,1718913,5.827520847320557,5.7658538818359375,2.650913953781128
04-06-1990,5.735021114349365,5.7658538818359375,4923225,5.8583550453186035,5.827520847320557,2.679265260696411
05-06-1990,5.735021114349365,5.8583550453186035,3916607,5.889187812805176,5.7658538818359375,2.650913953781128
06-06-1990,5.704187870025635,5.704187870025635,2356613,5.796688079833984,5.796688079833984,2.665090560913086
07-06-1990,5.704187870025635,5.735021114349365,4620794,5.796688079833984,5.796688079833984,2.683359146118164
08-06-1990,5.796688079833984,5.889187812805176,4717280,5.920022010803223,5.827520847320557,2.697634220123291
11-06-1990,5.796688079833984,5.796688079833984,3157286,5.981688976287842,5.950854778289795,2.7547271251678467
12-06-1990,5.981688976287842,5.981688976287842,6602408,6.166688919067383,6.1358561515808105,2.8403637409210205
13-06-1990,6.043355941772461,6.1358561515808105,7659296,6.19752311706543,6.1358561515808105,2.8403637409210205
14-06-1990,6.074189186096191,6.105021953582764,2712558,6.166688919067383,6.074189186096191,2.811816692352295
15-06-1990,6.074189186096191,6.105021953582764,8225240,6.19752311706543,6.19752311706543,2.868911027908325
18-06-1990,6.043355941772461,6.166688919067383,3016205,6.19752311706543,6.074189186096191,2.811816692352295
19-06-1990,6.012522220611572,6.074189186096191,2562964,6.105021953582764,6.043355941772461,2.7975451946258545
20-06-1990,6.074189186096191,6.105021953582764,2960665,6.166688919067383,6.166688919067383,2.8546383380889893
21-06-1990,6.105021953582764,6.1358561515808105,4109580,6.19752311706543,6.19752311706543,2.868911027908325
22-06-1990,6.1358561515808105,6.19752311706543,6454841,6.320857048034668,6.166688919067383,2.8546383380889893
25-06-1990,6.012522220611572,6.166688919067383,2211478,6.166688919067383,6.012522220611572,2.7832725048065186
26-06-1990,5.950854778289795,6.043355941772461,2361478,6.074189186096191,5.950854778289795,2.7547271251678467
27-06-1990,5.920022010803223,5.950854778289795,3248907,6.012522220611572,6.012522220611572,2.7832725048065186
28-06-1990,5.950854778289795,6.043355941772461,1680399,6.043355941772461,6.012522220611572,2.7832725048065186
29-06-1990,5.889187812805176,6.012522220611572,5039982,6.043355941772461,5.920022010803223,2.740452766418457
02-07-1990,5.8583550453186035,5.920022010803223,1795534,5.920022010803223,5.920022010803223,2.740452766418457
03-07-1990,5.889187812805176,5.920022010803223,2391883,6.012522220611572,5.950854778289795,2.7547271251678467
05-07-1990,5.950854778289795,5.950854778289795,1356887,6.012522220611572,5.950854778289795,2.7547271251678467
06-07-1990,5.981688976287842,5.981688976287842,2034317,6.105021953582764,6.105021953582764,2.8260915279388428
09-07-1990,6.043355941772461,6.105021953582764,1709994,6.105021953582764,6.074189186096191,2.811816692352295
10-07-1990,6.043355941772461,6.074189186096191,2334316,6.105021953582764,6.105021953582764,2.8260915279388428
11-07-1990,6.043355941772461,6.074189186096191,3936067,6.228355884552002,6.166688919067383,2.8546383380889893
12-07-1990,6.19752311706543,6.19752311706543,5526061,6.320857048034668,6.320857048034668,2.9260053634643555
13-07-1990,6.259190082550049,6.35168981552124,6016194,6.505856990814209,6.413356781005859,2.9688241481781006
16-07-1990,6.505856990814209,6.567523956298828,11031446,6.598358154296875,6.567523956298828,3.0401904582977295
17-07-1990,6.598358154296875,6.629190921783447,10824690,6.7525248527526855,6.721691131591797,3.1115565299987793
18-07-1990,6.598358154296875,6.721691131591797,7457000,6.721691131591797,6.629190921783447,3.0687355995178223
19-07-1990,6.505856990814209,6.629190921783447,2637963,6.660024166107178,6.660024166107178,3.0830092430114746
20-07-1990,6.567523956298828,6.629190921783447,7392540,6.783358097076416,6.567523956298828,3.0401904582977295
23-07-1990,6.043355941772461,6.536691188812256,9530235,6.536691188812256,6.413356781005859,2.9688241481781006
24-07-1990,6.290022850036621,6.413356781005859,3120799,6.413356781005859,6.382523059844971,2.9545512199401855
25-07-1990,6.35168981552124,6.382523059844971,2947286,6.567523956298828,6.536691188812256,3.025916576385498
26-07-1990,6.413356781005859,6.475024223327637,3348636,6.475024223327637,6.475024223327637,2.9973702430725098
27-07-1990,6.320857048034668,6.475024223327637,2155938,6.475024223327637,6.320857048034668,2.9260053634643555
30-07-1990,6.228355884552002,6.259190082550049,2528504,6.320857048034668,6.259190082550049,2.897458553314209
31-07-1990,6.259190082550049,6.320857048034668,2766071,6.35168981552124,6.320857048034668,2.9260053634643555
01-08-1990,6.290022850036621,6.320857048034668,2685801,6.44419002532959,6.413356781005859,2.9688241481781006
02-08-1990,6.228355884552002,6.35168981552124,2678098,6.35168981552124,6.320857048034668,2.9260053634643555
03-08-1990,5.920022010803223,6.320857048034668,5155116,6.320857048034668,6.166688919067383,2.8546383380889893
06-08-1990,5.7658538818359375,5.950854778289795,2824854,5.950854778289795,5.796688079833984,2.683359146118164
07-08-1990,5.920022010803223,6.012522220611572,3108232,6.074189186096191,5.981688976287842,2.7689976692199707
08-08-1990,5.950854778289795,6.012522220611572,2324586,6.166688919067383,6.105021953582764,2.8260915279388428
09-08-1990,6.012522220611572,6.1358561515808105,1500805,6.1358561515808105,6.1358561515808105,2.8403637409210205
10-08-1990,5.950854778289795,6.1358561515808105,1712021,6.1358561515808105,6.012522220611572,2.7832725048065186
13-08-1990,5.950854778289795,5.950854778289795,2571882,6.105021953582764,6.105021953582764,2.8260915279388428
14-08-1990,5.981688976287842,6.043355941772461,2874719,6.105021953582764,6.074189186096191,2.811816692352295
15-08-1990,6.074189186096191,6.1358561515808105,1815399,6.1358561515808105,6.105021953582764,2.8260915279388428
16-08-1990,5.981688976287842,6.105021953582764,1526346,6.105021953582764,5.981688976287842,2.7689976692199707
17-08-1990,5.735021114349365,5.796688079833984,5175386,5.8583550453186035,5.827520847320557,2.697634220123291
20-08-1990,5.704187870025635,5.796688079833984,2637963,5.796688079833984,5.735021114349365,2.654813528060913
21-08-1990,5.519186973571777,5.673354148864746,4594037,5.704187870025635,5.550020217895508,2.569174289703369
22-08-1990,5.426686763763428,5.611687183380127,3483636,5.611687183380127,5.457520008087158,2.526355028152466
23-08-1990,5.3033528327941895,5.365019798278809,3529852,5.4883527755737305,5.395853042602539,2.4978084564208984
24-08-1990,5.457520008087158,5.519186973571777,3806743,5.673354148864746,5.673354148864746,2.626267910003662
27-08-1990,5.735021114349365,5.796688079833984,1810534,5.8583550453186035,5.8583550453186035,2.7119057178497314
28-08-1990,5.7658538818359375,5.8583550453186035,3344177,5.8583550453186035,5.827520847320557,2.697634220123291
29-08-1990,5.673354148864746,5.7658538818359375,1716075,5.950854778289795,5.827520847320557,2.697634220123291
30-08-1990,5.704187870025635,5.796688079833984,1577427,5.827520847320557,5.735021114349365,2.654813528060913
31-08-1990,5.735021114349365,5.796688079833984,1429454,5.827520847320557,5.827520847320557,2.697634220123291
04-09-1990,5.704187870025635,5.7658538818359375,2326613,5.7658538818359375,5.7658538818359375,2.6690869331359863
05-09-1990,5.7658538818359375,5.7658538818359375,1884723,5.889187812805176,5.8583550453186035,2.7119057178497314
06-09-1990,5.7658538818359375,5.827520847320557,1536481,5.827520847320557,5.796688079833984,2.7015602588653564
07-09-1990,5.796688079833984,5.796688079833984,2116614,5.8583550453186035,5.8583550453186035,2.7302987575531006
10-09-1990,5.889187812805176,5.950854778289795,1964182,6.043355941772461,5.920022010803223,2.7590408325195312
11-09-1990,5.796688079833984,5.920022010803223,758916,5.950854778289795,5.8583550453186035,2.7302987575531006
12-09-1990,5.7658538818359375,5.8583550453186035,1611886,5.8583550453186035,5.8583550453186035,2.7302987575531006
13-09-1990,5.827520847320557,5.8583550453186035,1237698,5.889187812805176,5.8583550453186035,2.7302987575531006
14-09-1990,5.796688079833984,5.827520847320557,969726,5.8583550453186035,5.827520847320557,2.7159299850463867
17-09-1990,5.7658538818359375,5.796688079833984,1331752,5.8583550453186035,5.8583550453186035,2.7302987575531006
18-09-1990,5.704187870025635,5.796688079833984,2539450,5.796688079833984,5.7658538818359375,2.6871907711029053
19-09-1990,5.735021114349365,5.735021114349365,3434987,5.8583550453186035,5.8583550453186035,2.7302987575531006
20-09-1990,5.7658538818359375,5.827520847320557,2598639,5.827520847320557,5.796688079833984,2.7015602588653564
21-09-1990,5.704187870025635,5.735021114349365,3649446,5.8583550453186035,5.8583550453186035,2.7302987575531006
24-09-1990,5.5808539390563965,5.827520847320557,3399312,5.827520847320557,5.642520904541016,2.6297104358673096
25-09-1990,5.704187870025635,5.735021114349365,1727021,5.8583550453186035,5.827520847320557,2.7159299850463867
26-09-1990,5.7658538818359375,5.8583550453186035,2052155,5.8583550453186035,5.796688079833984,2.7015602588653564
27-09-1990,5.704187870025635,5.796688079833984,4427822,5.8583550453186035,5.704187870025635,2.6584506034851074
28-09-1990,5.673354148864746,5.673354148864746,4607416,5.981688976287842,5.950854778289795,2.7734107971191406
01-10-1990,5.950854778289795,6.043355941772461,6241599,6.166688919067383,6.166688919067383,2.874000310897827
02-10-1990,6.105021953582764,6.19752311706543,3942553,6.259190082550049,6.105021953582764,2.8452601432800293
03-10-1990,6.012522220611572,6.074189186096191,2194857,6.105021953582764,6.012522220611572,2.8021492958068848
04-10-1990,6.043355941772461,6.043355941772461,7452946,6.290022850036621,6.290022850036621,2.9314801692962646
05-10-1990,6.1358561515808105,6.166688919067383,4137958,6.320857048034668,6.259190082550049,2.9171104431152344
08-10-1990,6.166688919067383,6.259190082550049,3097286,6.290022850036621,6.259190082550049,2.9171104431152344
09-10-1990,6.105021953582764,6.19752311706543,4065796,6.228355884552002,6.105021953582764,2.8452601432800293
10-10-1990,6.043355941772461,6.105021953582764,3388771,6.166688919067383,6.105021953582764,2.8452601432800293
11-10-1990,5.920022010803223,6.074189186096191,3057151,6.105021953582764,5.950854778289795,2.7734107971191406
12-10-1990,5.889187812805176,6.012522220611572,3842418,6.105021953582764,6.074189186096191,2.830889940261841
15-10-1990,6.1358561515808105,6.1358561515808105,5639574,6.35168981552124,6.320857048034668,2.9458513259887695
16-10-1990,6.259190082550049,6.35168981552124,3561473,6.382523059844971,6.290022850036621,2.9314801692962646
17-10-1990,6.290022850036621,6.290022850036621,3164583,6.35168981552124,6.290022850036621,2.9314801692962646
18-10-1990,6.320857048034668,6.320857048034668,8933886,6.536691188812256,6.536691188812256,3.0464401245117188
19-10-1990,6.44419002532959,6.660024166107178,8891319,6.721691131591797,6.629190921783447,3.0895509719848633
22-10-1990,6.567523956298828,6.567523956298828,4241336,6.660024166107178,6.660024166107178,3.1039187908172607
23-10-1990,6.475024223327637,6.598358154296875,2869044,6.629190921783447,6.505856990814209,3.032069444656372
24-10-1990,6.413356781005859,6.505856990814209,2849179,6.629190921783447,6.567523956298828,3.060809373855591
25-10-1990,6.413356781005859,6.567523956298828,1765534,6.598358154296875,6.413356781005859,2.988959312438965
26-10-1990,6.320857048034668,6.413356781005859,2149857,6.413356781005859,6.320857048034668,2.9458513259887695
29-10-1990,6.228355884552002,6.382523059844971,2372018,6.413356781005859,6.290022850036621,2.9314801692962646
30-10-1990,6.166688919067383,6.259190082550049,2152289,6.35168981552124,6.35168981552124,2.9602205753326416
31-10-1990,6.228355884552002,6.413356781005859,2204992,6.44419002532959,6.259190082550049,2.9171104431152344
01-11-1990,6.228355884552002,6.290022850036621,1894047,6.320857048034668,6.290022850036621,2.9314801692962646
02-11-1990,6.228355884552002,6.290022850036621,1567292,6.413356781005859,6.382523059844971,2.9745893478393555
05-11-1990,6.35168981552124,6.382523059844971,3076205,6.598358154296875,6.598358154296875,3.0751793384552
06-11-1990,6.475024223327637,6.536691188812256,1564454,6.598358154296875,6.475024223327637,3.0177001953125
07-11-1990,6.320857048034668,6.44419002532959,1478508,6.44419002532959,6.382523059844971,2.9745893478393555
08-11-1990,6.228355884552002,6.320857048034668,2279586,6.320857048034668,6.290022850036621,2.9314801692962646
09-11-1990,6.320857048034668,6.35168981552124,1948371,6.475024223327637,6.44419002532959,3.0033295154571533
12-11-1990,6.413356781005859,6.475024223327637,2308370,6.536691188812256,6.505856990814209,3.032069444656372
13-11-1990,6.475024223327637,6.505856990814209,4433092,6.598358154296875,6.567523956298828,3.060809373855591
14-11-1990,6.536691188812256,6.598358154296875,3379852,6.629190921783447,6.536691188812256,3.0464401245117188
15-11-1990,6.413356781005859,6.44419002532959,2106073,6.475024223327637,6.44419002532959,3.0033295154571533
16-11-1990,6.44419002532959,6.44419002532959,3641338,6.567523956298828,6.567523956298828,3.060809373855591
19-11-1990,6.536691188812256,6.536691188812256,3190529,6.660024166107178,6.660024166107178,3.1039187908172607
20-11-1990,6.44419002532959,6.660024166107178,2952151,6.660024166107178,6.44419002532959,3.0033295154571533
21-11-1990,6.44419002532959,6.505856990814209,2007560,6.629190921783447,6.44419002532959,3.0033295154571533
23-11-1990,6.382523059844971,6.44419002532959,687970,6.44419002532959,6.413356781005859,2.988959312438965
26-11-1990,6.35168981552124,6.382523059844971,2040803,6.475024223327637,6.475024223327637,3.0177001953125
27-11-1990,6.505856990814209,6.536691188812256,6354301,6.690857887268066,6.660024166107178,3.1039187908172607
28-11-1990,6.660024166107178,6.721691131591797,4402687,6.783358097076416,6.721691131591797,3.132660388946533
29-11-1990,6.629190921783447,6.690857887268066,4618361,6.875858783721924,6.875858783721924,3.204511880874634
30-11-1990,6.7525248527526855,6.814191818237305,5046873,6.937524795532227,6.937524795532227,3.233248472213745
03-12-1990,6.875858783721924,6.999192237854004,3021881,6.999192237854004,6.937524795532227,3.233248472213745
04-12-1990,6.906692028045654,6.968358993530273,4529173,7.060859203338623,7.030025959014893,3.2763595581054688
05-12-1990,7.030025959014893,7.030025959014893,4338227,7.153359889984131,7.153359889984131,3.3338403701782227
06-12-1990,6.999192237854004,7.2458600997924805,5233359,7.276692867279053,7.030025959014893,3.2945361137390137
07-12-1990,6.845025062561035,6.999192237854004,3982688,7.030025959014893,6.875858783721924,3.222290277481079
10-12-1990,6.875858783721924,6.906692028045654,1960533,7.030025959014893,6.999192237854004,3.2800872325897217
11-12-1990,6.937524795532227,6.999192237854004,2212289,7.091692924499512,7.091692924499512,3.3234360218048096
12-12-1990,6.999192237854004,7.060859203338623,3892688,7.091692924499512,7.060859203338623,3.3089864253997803
13-12-1990,6.999192237854004,7.060859203338623,2703233,7.122526168823242,7.060859203338623,3.3089864253997803
14-12-1990,6.875858783721924,6.999192237854004,1653237,6.999192237854004,6.937524795532227,3.2511863708496094
17-12-1990,6.845025062561035,6.906692028045654,1019185,6.937524795532227,6.906692028045654,3.236738920211792
18-12-1990,6.875858783721924,6.875858783721924,1999858,6.999192237854004,6.968358993530273,3.2656373977661133
19-12-1990,6.906692028045654,6.968358993530273,1831209,6.999192237854004,6.999192237854004,3.2800872325897217
20-12-1990,6.875858783721924,6.937524795532227,2412964,7.030025959014893,6.937524795532227,3.2511863708496094
21-12-1990,6.845025062561035,6.968358993530273,2999178,6.968358993530273,6.906692028045654,3.236738920211792
24-12-1990,6.7525248527526855,6.875858783721924,964456,6.906692028045654,6.845025062561035,3.2078397274017334
26-12-1990,6.845025062561035,6.845025062561035,1071077,6.937524795532227,6.937524795532227,3.2511863708496094
27-12-1990,6.845025062561035,6.845025062561035,760132,6.906692028045654,6.845025062561035,3.2078397274017334
28-12-1990,6.814191818237305,6.845025062561035,1316752,6.875858783721924,6.875858783721924,3.222290277481079
31-12-1990,6.7525248527526855,6.845025062561035,1478508,6.906692028045654,6.875858783721924,3.222290277481079
02-01-1991,6.7525248527526855,6.906692028045654,2877557,6.906692028045654,6.7525248527526855,3.164490222930908
03-01-1991,6.629190921783447,6.7525248527526855,2037965,6.783358097076416,6.629190921783447,3.106691360473633
04-01-1991,6.320857048034668,6.660024166107178,3624311,6.660024166107178,6.475024223327637,3.0344419479370117
07-01-1991,6.320857048034668,6.475024223327637,1696210,6.505856990814209,6.320857048034668,2.9621946811676025
08-01-1991,6.320857048034668,6.382523059844971,2434451,6.44419002532959,6.35168981552124,2.9766433238983154
09-01-1991,6.35168981552124,6.536691188812256,2926205,6.629190921783447,6.44419002532959,3.019991636276245
10-01-1991,6.413356781005859,6.505856990814209,1523913,6.505856990814209,6.44419002532959,3.019991636276245
11-01-1991,6.413356781005859,6.505856990814209,3172286,6.598358154296875,6.567523956298828,3.0777902603149414
14-01-1991,6.44419002532959,6.475024223327637,3283366,6.536691188812256,6.536691188812256,3.063340902328491
15-01-1991,6.44419002532959,6.475024223327637,1850263,6.629190921783447,6.629190921783447,3.106691360473633
16-01-1991,6.598358154296875,6.598358154296875,2856881,6.7525248527526855,6.660024166107178,3.12113881111145
17-01-1991,6.814191818237305,7.030025959014893,4922009,7.091692924499512,6.845025062561035,3.2078397274017334
18-01-1991,6.814191818237305,6.845025062561035,3792148,6.937524795532227,6.906692028045654,3.236738920211792
21-01-1991,6.690857887268066,6.814191818237305,2433640,6.875858783721924,6.845025062561035,3.2078397274017334
22-01-1991,6.783358097076416,6.814191818237305,4846604,6.937524795532227,6.906692028045654,3.236738920211792
23-01-1991,6.937524795532227,7.030025959014893,4387687,7.122526168823242,7.060859203338623,3.3089864253997803
24-01-1991,7.153359889984131,7.153359889984131,5293359,7.276692867279053,7.215025901794434,3.3812360763549805
25-01-1991,7.060859203338623,7.184193134307861,2697558,7.215025901794434,7.184193134307861,3.3667855262756348
28-01-1991,7.091692924499512,7.091692924499512,1881480,7.215025901794434,7.184193134307861,3.3667855262756348
29-01-1991,7.091692924499512,7.184193134307861,2674450,7.184193134307861,7.153359889984131,3.3523356914520264
30-01-1991,7.091692924499512,7.091692924499512,4790658,7.338359832763672,7.276692867279053,3.4101340770721436
31-01-1991,7.153359889984131,7.276692867279053,2755530,7.276692867279053,7.276692867279053,3.4101340770721436
01-02-1991,7.184193134307861,7.338359832763672,3214448,7.338359832763672,7.215025901794434,3.3812360763549805
04-02-1991,7.153359889984131,7.215025901794434,3540392,7.338359832763672,7.2458600997924805,3.3956849575042725
05-02-1991,7.2458600997924805,7.3075270652771,4437957,7.400026798248291,7.400026798248291,3.4679338932037354
06-02-1991,7.338359832763672,7.338359832763672,6299166,7.492527008056641,7.430860996246338,3.4823832511901855
07-02-1991,7.369194030761719,7.430860996246338,4791469,7.585028171539307,7.46169376373291,3.496833086013794
08-02-1991,7.338359832763672,7.400026798248291,2165262,7.492527008056641,7.46169376373291,3.496833086013794
11-02-1991,7.46169376373291,7.492527008056641,3304853,7.677527904510498,7.615860939025879,3.5690805912017822
12-02-1991,7.5233612060546875,7.585028171539307,3353907,7.739194869995117,7.5233612060546875,3.5257318019866943
13-02-1991,7.400026798248291,7.55419397354126,3372961,7.585028171539307,7.55419397354126,3.5401811599731445
14-02-1991,7.430860996246338,7.585028171539307,4180525,7.708362102508545,7.46169376373291,3.496833086013794
15-02-1991,7.400026798248291,7.400026798248291,4484984,7.677527904510498,7.615860939025879,3.5690805912017822
19-02-1991,7.585028171539307,7.585028171539307,4129444,7.831695079803467,7.770029067993164,3.641331434249878
20-02-1991,7.5233612060546875,7.646695137023926,2489585,7.677527904510498,7.585028171539307,3.554630994796753
21-02-1991,7.585028171539307,7.585028171539307,2390261,7.739194869995117,7.677527904510498,3.597980260848999
22-02-1991,7.585028171539307,7.615860939025879,3013773,7.893362045288086,7.739194869995117,3.626880407333374
25-02-1991,7.492527008056641,7.800861835479736,2892152,7.831695079803467,7.55419397354126,3.5401811599731445
26-02-1991,7.400026798248291,7.400026798248291,2401613,7.646695137023926,7.646695137023926,3.583531379699707
27-02-1991,7.646695137023926,7.677527904510498,3104178,7.739194869995117,7.708362102508545,3.612431049346924
28-02-1991,7.492527008056641,7.708362102508545,2387829,7.739194869995117,7.708362102508545,3.612431049346924
01-03-1991,7.430860996246338,7.646695137023926,3756878,7.646695137023926,7.585028171539307,3.554630994796753
04-03-1991,7.55419397354126,7.646695137023926,2183911,7.770029067993164,7.739194869995117,3.626880407333374
05-03-1991,7.739194869995117,7.739194869995117,3835121,7.924195766448975,7.893362045288086,3.6991283893585205
06-03-1991,7.739194869995117,7.955029010772705,2305532,7.985863208770752,7.831695079803467,3.6702284812927246
07-03-1991,7.831695079803467,7.8625288009643555,2496477,8.047530174255371,7.955029010772705,3.7498764991760254
08-03-1991,7.8625288009643555,7.893362045288086,3169448,8.20169734954834,8.170863151550293,3.8516194820404053
11-03-1991,7.924195766448975,8.109195709228516,2337559,8.140029907226562,7.924195766448975,3.7353439331054688
12-03-1991,7.5233612060546875,7.831695079803467,2549991,7.893362045288086,7.55419397354126,3.5609312057495117
13-03-1991,7.615860939025879,7.615860939025879,2738503,7.955029010772705,7.893362045288086,3.720811128616333
14-03-1991,7.8625288009643555,7.924195766448975,4203228,8.140029907226562,7.985863208770752,3.7644143104553223
15-03-1991,7.770029067993164,8.047530174255371,4681604,8.047530174255371,7.8625288009643555,3.706275463104248
18-03-1991,7.646695137023926,7.800861835479736,2351343,7.924195766448975,7.770029067993164,3.6626734733581543
19-03-1991,7.55419397354126,7.585028171539307,2913638,7.739194869995117,7.615860939025879,3.5899994373321533
20-03-1991,7.615860939025879,7.677527904510498,2041614,7.831695079803467,7.831695079803467,3.6917409896850586
21-03-1991,7.831695079803467,7.831695079803467,3072556,8.047530174255371,7.924195766448975,3.7353439331054688
22-03-1991,7.924195766448975,7.924195766448975,1206077,8.109195709228516,8.016695976257324,3.7789459228515625
25-03-1991,8.078363418579102,8.078363418579102,2070803,8.232529640197754,8.232529640197754,3.8806843757629395
26-03-1991,8.140029907226562,8.170863151550293,2850800,8.4483642578125,8.4483642578125,3.982429265975952
27-03-1991,8.2633638381958,8.4483642578125,2530531,8.479198455810547,8.294197082519531,3.9097564220428467
28-03-1991,8.078363418579102,8.294197082519531,2220803,8.325031280517578,8.20169734954834,3.8661539554595947
01-04-1991,8.016695976257324,8.20169734954834,1818642,8.232529640197754,8.140029907226562,3.8370866775512695
02-04-1991,8.170863151550293,8.170863151550293,3267556,8.479198455810547,8.41753101348877,3.9678943157196045
03-04-1991,8.41753101348877,8.510030746459961,4883496,8.695032119750977,8.540864944458008,4.026030540466309
04-04-1991,8.510030746459961,8.602532386779785,3638500,8.695032119750977,8.66419792175293,4.084168910980225
05-04-1991,8.510030746459961,8.725865364074707,2447423,8.756698608398438,8.510030746459961,4.0114970207214355
08-04-1991,8.355863571166992,8.510030746459961,1302968,8.540864944458008,8.540864944458008,4.026030540466309
09-04-1991,8.479198455810547,8.540864944458008,2800936,8.602532386779785,8.510030746459961,4.0114970207214355
10-04-1991,8.479198455810547,8.479198455810547,2093911,8.571698188781738,8.540864944458008,4.026030540466309
11-04-1991,8.479198455810547,8.571698188781738,2072425,8.756698608398438,8.66419792175293,4.084168910980225
12-04-1991,8.695032119750977,8.818366050720215,2473369,8.880032539367676,8.695032119750977,4.0987043380737305
15-04-1991,8.787531852722168,8.818366050720215,2276343,8.880032539367676,8.849199295043945,4.171375751495361
16-04-1991,8.695032119750977,8.880032539367676,5207008,8.910865783691406,8.756698608398438,4.127773761749268
17-04-1991,8.880032539367676,8.910865783691406,7177676,8.972533226013184,8.972533226013184,4.229514122009277
18-04-1991,8.910865783691406,8.972533226013184,3241610,9.157533645629883,9.065032958984375,4.273116588592529
19-04-1991,8.818366050720215,9.065032958984375,2230532,9.095867156982422,8.849199295043945,4.171375751495361
22-04-1991,8.602532386779785,8.880032539367676,2647288,9.003366470336914,8.725865364074707,4.113236904144287
23-04-1991,8.756698608398438,8.756698608398438,2144181,8.849199295043945,8.849199295043945,4.171375751495361
24-04-1991,8.725865364074707,8.880032539367676,1336211,8.910865783691406,8.787531852722168,4.142305374145508
25-04-1991,8.41753101348877,8.6333646774292,5031873,8.6333646774292,8.571698188781738,4.04056453704834
26-04-1991,8.510030746459961,8.540864944458008,3188096,8.602532386779785,8.571698188781738,4.04056453704834
29-04-1991,8.41753101348877,8.571698188781738,2746612,8.6333646774292,8.41753101348877,3.9678943157196045
30-04-1991,8.386696815490723,8.386696815490723,2388234,8.571698188781738,8.479198455810547,3.996962785720825
01-05-1991,8.41753101348877,8.4483642578125,2523639,8.787531852722168,8.787531852722168,4.142305374145508
02-05-1991,8.66419792175293,8.818366050720215,2585261,8.910865783691406,8.756698608398438,4.127773761749268
03-05-1991,8.510030746459961,8.695032119750977,1697021,8.725865364074707,8.6333646774292,4.069633483886719
06-05-1991,8.571698188781738,8.602532386779785,1330941,8.66419792175293,8.6333646774292,4.069633483886719
07-05-1991,8.510030746459961,8.66419792175293,1525535,8.725865364074707,8.510030746459961,4.0114970207214355
08-05-1991,8.386696815490723,8.510030746459961,2018912,8.6333646774292,8.602532386779785,4.055100917816162
09-05-1991,8.602532386779785,8.6333646774292,2582423,8.725865364074707,8.695032119750977,4.0987043380737305
10-05-1991,8.386696815490723,8.6333646774292,2494856,8.6333646774292,8.386696815490723,3.953359842300415
13-05-1991,8.355863571166992,8.41753101348877,2053371,8.479198455810547,8.4483642578125,3.982429265975952
14-05-1991,8.232529640197754,8.4483642578125,2043236,8.4483642578125,8.294197082519531,3.9097564220428467
15-05-1991,7.955029010772705,8.294197082519531,2621342,8.325031280517578,8.078363418579102,3.808014392852783
16-05-1991,8.140029907226562,8.20169734954834,1272157,8.325031280517578,8.294197082519531,3.9097564220428467
17-05-1991,8.140029907226562,8.232529640197754,3359582,8.2633638381958,8.170863151550293,3.8516194820404053
20-05-1991,8.140029907226562,8.170863151550293,1071483,8.325031280517578,8.325031280517578,3.9242911338806152
21-05-1991,8.325031280517578,8.325031280517578,2451883,8.6333646774292,8.479198455810547,3.996962785720825
22-05-1991,8.41753101348877,8.540864944458008,1630940,8.602532386779785,8.571698188781738,4.04056453704834
23-05-1991,8.4483642578125,8.602532386779785,2308775,8.756698608398438,8.602532386779785,4.055100917816162
24-05-1991,8.571698188781738,8.571698188781738,1363779,8.818366050720215,8.695032119750977,4.0987043380737305
28-05-1991,8.540864944458008,8.787531852722168,1702696,8.787531852722168,8.725865364074707,4.113236904144287
29-05-1991,8.6333646774292,8.66419792175293,1784993,8.756698608398438,8.66419792175293,4.084168910980225
30-05-1991,8.6333646774292,8.66419792175293,1774048,8.756698608398438,8.6333646774292,4.069633483886719
31-05-1991,8.41753101348877,8.571698188781738,1913506,8.602532386779785,8.510030746459961,4.0114970207214355
03-06-1991,8.232529640197754,8.4483642578125,2282424,8.4483642578125,8.2633638381958,3.895223617553711
04-06-1991,8.170863151550293,8.294197082519531,1913912,8.386696815490723,8.386696815490723,3.953359842300415
05-06-1991,8.170863151550293,8.41753101348877,1813372,8.41753101348877,8.20169734954834,3.8661539554595947
06-06-1991,8.078363418579102,8.170863151550293,3059989,8.2633638381958,8.170863151550293,3.8731696605682373
07-06-1991,7.8625288009643555,8.109195709228516,2382964,8.109195709228516,7.985863208770752,3.7854766845703125
10-06-1991,7.770029067993164,8.016695976257324,3834716,8.047530174255371,7.893362045288086,3.7416293621063232
11-06-1991,7.893362045288086,7.893362045288086,2950935,8.078363418579102,7.955029010772705,3.770857572555542
12-06-1991,7.831695079803467,7.955029010772705,2903503,7.955029010772705,7.924195766448975,3.7562434673309326
13-06-1991,7.955029010772705,8.016695976257324,1836885,8.078363418579102,8.078363418579102,3.8293206691741943
14-06-1991,7.955029010772705,8.140029907226562,1795534,8.20169734954834,8.109195709228516,3.8439390659332275
17-06-1991,7.8625288009643555,8.109195709228516,1174050,8.140029907226562,7.893362045288086,3.7416293621063232
18-06-1991,7.831695079803467,7.8625288009643555,2500531,7.985863208770752,7.893362045288086,3.7416293621063232
19-06-1991,7.831695079803467,7.893362045288086,3448771,7.924195766448975,7.8625288009643555,3.7270126342773438
20-06-1991,7.831695079803467,7.8625288009643555,2219586,7.985863208770752,7.985863208770752,3.7854766845703125
21-06-1991,7.985863208770752,8.047530174255371,3702149,8.047530174255371,8.016695976257324,3.8000895977020264
24-06-1991,7.770029067993164,7.893362045288086,2081344,7.955029010772705,7.770029067993164,3.68316650390625
25-06-1991,7.800861835479736,7.800861835479736,2044857,7.985863208770752,7.955029010772705,3.770857572555542
26-06-1991,7.893362045288086,7.955029010772705,1310265,8.016695976257324,7.985863208770752,3.7854766845703125
27-06-1991,7.893362045288086,7.985863208770752,1661345,8.232529640197754,8.016695976257324,3.8000895977020264
28-06-1991,7.924195766448975,7.955029010772705,1460265,8.016695976257324,7.955029010772705,3.770857572555542
01-07-1991,7.955029010772705,7.955029010772705,5288089,8.078363418579102,8.078363418579102,3.8293206691741943
02-07-1991,7.985863208770752,8.078363418579102,1812966,8.078363418579102,8.078363418579102,3.8293206691741943
03-07-1991,7.985863208770752,8.047530174255371,1977966,8.078363418579102,8.016695976257324,3.8000895977020264
05-07-1991,8.016695976257324,8.016695976257324,1163915,8.078363418579102,8.078363418579102,3.8293206691741943
08-07-1991,8.016695976257324,8.047530174255371,2183505,8.140029907226562,8.109195709228516,3.8439390659332275
09-07-1991,8.047530174255371,8.140029907226562,2434045,8.170863151550293,8.078363418579102,3.8293206691741943
10-07-1991,8.016695976257324,8.140029907226562,2219992,8.232529640197754,8.078363418579102,3.8293206691741943
11-07-1991,7.985863208770752,8.047530174255371,1353644,8.078363418579102,8.016695976257324,3.8000895977020264
12-07-1991,7.985863208770752,8.078363418579102,1121753,8.078363418579102,7.985863208770752,3.7854766845703125
15-07-1991,7.985863208770752,7.985863208770752,2193641,8.140029907226562,8.078363418579102,3.8293206691741943
16-07-1991,8.109195709228516,8.170863151550293,3931607,8.232529640197754,8.232529640197754,3.9023971557617188
17-07-1991,8.20169734954834,8.232529640197754,2673639,8.571698188781738,8.41753101348877,3.990095376968384
18-07-1991,8.479198455810547,8.540864944458008,2049722,8.571698188781738,8.510030746459961,4.033941745758057
19-07-1991,8.386696815490723,8.540864944458008,2189992,8.540864944458008,8.4483642578125,4.004711627960205
22-07-1991,8.294197082519531,8.4483642578125,979050,8.4483642578125,8.294197082519531,3.9316320419311523
23-07-1991,8.20169734954834,8.294197082519531,1555535,8.325031280517578,8.20169734954834,3.8877854347229004
24-07-1991,8.109195709228516,8.20169734954834,2452694,8.232529640197754,8.20169734954834,3.8877854347229004
25-07-1991,8.232529640197754,8.232529640197754,2765666,8.386696815490723,8.386696815490723,3.9754796028137207
26-07-1991,8.355863571166992,8.386696815490723,2014047,8.540864944458008,8.540864944458008,4.048556327819824
29-07-1991,8.479198455810547,8.571698188781738,1759453,8.66419792175293,8.6333646774292,4.092403411865234
30-07-1991,8.695032119750977,8.725865364074707,2285667,8.818366050720215,8.695032119750977,4.121637344360352
31-07-1991,8.540864944458008,8.6333646774292,1448103,8.66419792175293,8.540864944458008,4.048556327819824
01-08-1991,8.479198455810547,8.510030746459961,1287157,8.6333646774292,8.602532386779785,4.077789783477783
02-08-1991,8.6333646774292,8.695032119750977,1449724,8.695032119750977,8.695032119750977,4.121637344360352
05-08-1991,8.540864944458008,8.6333646774292,1107158,8.6333646774292,8.571698188781738,4.063171863555908
06-08-1991,8.571698188781738,8.602532386779785,2027020,8.818366050720215,8.787531852722168,4.165482044219971
07-08-1991,8.725865364074707,8.849199295043945,1442833,8.880032539367676,8.756698608398438,4.150869369506836
08-08-1991,8.602532386779785,8.756698608398438,982294,8.818366050720215,8.6333646774292,4.092403411865234
09-08-1991,8.571698188781738,8.66419792175293,965267,8.818366050720215,8.818366050720215,4.180100917816162
12-08-1991,8.66419792175293,8.787531852722168,749186,8.818366050720215,8.787531852722168,4.165482044219971
13-08-1991,8.725865364074707,8.787531852722168,2466477,8.849199295043945,8.725865364074707,4.1362504959106445
14-08-1991,8.571698188781738,8.756698608398438,3477960,8.787531852722168,8.602532386779785,4.077789783477783
15-08-1991,8.6333646774292,8.66419792175293,1621616,8.725865364074707,8.695032119750977,4.121637344360352
16-08-1991,8.602532386779785,8.725865364074707,2663504,8.725865364074707,8.6333646774292,4.092403411865234
19-08-1991,8.078363418579102,8.140029907226562,2526072,8.479198455810547,8.294197082519531,3.9316320419311523
20-08-1991,8.355863571166992,8.4483642578125,2558099,8.479198455810547,8.4483642578125,4.004711627960205
21-08-1991,8.571698188781738,8.602532386779785,1695399,8.725865364074707,8.725865364074707,4.1362504959106445
22-08-1991,8.725865364074707,8.725865364074707,1980804,8.849199295043945,8.787531852722168,4.165482044219971
23-08-1991,8.756698608398438,8.756698608398438,1911074,8.941699028015137,8.818366050720215,4.180100917816162
26-08-1991,8.787531852722168,8.818366050720215,994050,8.941699028015137,8.849199295043945,4.19471549987793
27-08-1991,8.695032119750977,8.880032539367676,1868101,8.880032539367676,8.787531852722168,4.165482044219971
28-08-1991,8.756698608398438,8.787531852722168,1879047,8.880032539367676,8.880032539367676,4.209331512451172
29-08-1991,8.787531852722168,8.880032539367676,851348,8.880032539367676,8.849199295043945,4.19471549987793
30-08-1991,8.695032119750977,8.849199295043945,859051,8.849199295043945,8.787531852722168,4.165482044219971
03-09-1991,8.818366050720215,8.849199295043945,1699048,8.972533226013184,8.880032539367676,4.209331512451172
04-09-1991,8.695032119750977,8.972533226013184,2193641,9.003366470336914,8.787531852722168,4.165482044219971
05-09-1991,8.66419792175293,8.787531852722168,1085672,8.818366050720215,8.695032119750977,4.143153667449951
06-09-1991,8.540864944458008,8.695032119750977,1281887,8.756698608398438,8.571698188781738,4.084384918212891
09-09-1991,8.078363418579102,8.2633638381958,5402818,8.386696815490723,8.2633638381958,3.937464952468872
10-09-1991,8.232529640197754,8.386696815490723,3251745,8.386696815490723,8.232529640197754,3.9227731227874756
11-09-1991,8.2633638381958,8.294197082519531,1482157,8.325031280517578,8.325031280517578,3.9668493270874023
12-09-1991,8.140029907226562,8.355863571166992,1626886,8.355863571166992,8.140029907226562,3.8786964416503906
13-09-1991,8.047530174255371,8.2633638381958,3410663,8.2633638381958,8.109195709228516,3.864004373550415
16-09-1991,8.140029907226562,8.170863151550293,1664588,8.386696815490723,8.386696815490723,3.996232748031616
17-09-1991,8.355863571166992,8.355863571166992,1943912,8.479198455810547,8.479198455810547,4.040311813354492
18-09-1991,8.41753101348877,8.41753101348877,1350806,8.602532386779785,8.479198455810547,4.040311813354492
19-09-1991,8.41753101348877,8.479198455810547,1549048,8.571698188781738,8.540864944458008,4.069693088531494
20-09-1991,8.510030746459961,8.510030746459961,3438636,8.756698608398438,8.695032119750977,4.143153667449951
23-09-1991,8.2633638381958,8.6333646774292,2573099,8.725865364074707,8.355863571166992,3.981539011001587
24-09-1991,8.294197082519531,8.386696815490723,1260806,8.4483642578125,8.4483642578125,4.025616645812988
25-09-1991,8.41753101348877,8.41753101348877,865537,8.479198455810547,8.4483642578125,4.025616645812988
26-09-1991,8.386696815490723,8.41753101348877,1330536,8.479198455810547,8.41753101348877,4.010923862457275
27-09-1991,8.355863571166992,8.41753101348877,1330941,8.479198455810547,8.386696815490723,3.996232748031616
30-09-1991,8.294197082519531,8.355863571166992,2179046,8.386696815490723,8.294197082519531,3.952155113220215
01-10-1991,8.2633638381958,8.294197082519531,4959712,8.355863571166992,8.2633638381958,3.937464952468872
02-10-1991,8.232529640197754,8.232529640197754,3761338,8.355863571166992,8.325031280517578,3.9668493270874023
03-10-1991,8.325031280517578,8.325031280517578,3395663,8.479198455810547,8.4483642578125,4.025616645812988
04-10-1991,8.386696815490723,8.510030746459961,1588373,8.510030746459961,8.386696815490723,3.996232748031616
07-10-1991,8.355863571166992,8.355863571166992,3305664,8.479198455810547,8.4483642578125,4.025616645812988
08-10-1991,8.386696815490723,8.4483642578125,2561747,8.479198455810547,8.386696815490723,3.996232748031616
09-10-1991,8.170863151550293,8.386696815490723,2462829,8.41753101348877,8.170863151550293,3.89338755607605
10-10-1991,8.170863151550293,8.170863151550293,1711210,8.294197082519531,8.232529640197754,3.9227731227874756
11-10-1991,8.20169734954834,8.294197082519531,960807,8.294197082519531,8.2633638381958,3.937464952468872
14-10-1991,8.232529640197754,8.2633638381958,840402,8.386696815490723,8.386696815490723,3.996232748031616
15-10-1991,8.20169734954834,8.386696815490723,2071209,8.386696815490723,8.325031280517578,3.9668493270874023
16-10-1991,8.2633638381958,8.510030746459961,5389034,8.725865364074707,8.66419792175293,4.128460884094238
17-10-1991,8.602532386779785,8.6333646774292,2803773,8.849199295043945,8.787531852722168,4.187228202819824
18-10-1991,8.787531852722168,8.818366050720215,2750260,8.910865783691406,8.910865783691406,4.245997428894043
21-10-1991,8.756698608398438,8.880032539367676,1527562,8.910865783691406,8.849199295043945,4.216614723205566
22-10-1991,8.849199295043945,8.880032539367676,1693778,8.972533226013184,8.941699028015137,4.260689735412598
23-10-1991,8.910865783691406,8.941699028015137,2726341,9.126700401306152,9.095867156982422,4.334149360656738
24-10-1991,8.880032539367676,9.095867156982422,2106073,9.095867156982422,8.910865783691406,4.245997428894043
25-10-1991,8.818366050720215,8.880032539367676,1518643,8.941699028015137,8.941699028015137,4.260689735412598
28-10-1991,8.910865783691406,8.941699028015137,2190397,9.188366889953613,9.157533645629883,4.3635334968566895
29-10-1991,9.065032958984375,9.126700401306152,2235397,9.188366889953613,9.126700401306152,4.348840713500977
30-10-1991,9.095867156982422,9.095867156982422,1970668,9.21920108795166,9.157533645629883,4.3635334968566895
31-10-1991,9.126700401306152,9.188366889953613,1424589,9.25003433227539,9.25003433227539,4.407609939575195
01-11-1991,9.157533645629883,9.188366889953613,2957827,9.496702194213867,9.373368263244629,4.4663777351379395
04-11-1991,9.21920108795166,9.311700820922852,1656075,9.342534065246582,9.311700820922852,4.4369940757751465
05-11-1991,9.126700401306152,9.342534065246582,1335401,9.373368263244629,9.157533645629883,4.3635334968566895
06-11-1991,9.157533645629883,9.188366889953613,962023,9.280866622924805,9.25003433227539,4.407609939575195
07-11-1991,9.095867156982422,9.25003433227539,2028641,9.280866622924805,9.126700401306152,4.348840713500977
08-11-1991,9.126700401306152,9.126700401306152,1860399,9.342534065246582,9.21920108795166,4.392916202545166
11-11-1991,9.25003433227539,9.25003433227539,911753,9.496702194213867,9.496702194213867,4.525147438049316
12-11-1991,9.558367729187012,9.589201927185059,2084182,9.712535858154297,9.68170166015625,4.613296985626221
13-11-1991,9.404200553894043,9.496702194213867,1977155,9.589201927185059,9.496702194213867,4.525147438049316
14-11-1991,8.880032539367676,9.496702194213867,3782419,9.496702194213867,8.941699028015137,4.260689735412598
15-11-1991,8.6333646774292,8.941699028015137,9239561,9.126700401306152,8.6333646774292,4.113769054412842
18-11-1991,8.818366050720215,8.880032539367676,4300119,9.188366889953613,9.157533645629883,4.3635334968566895
19-11-1991,8.756698608398438,9.126700401306152,4870928,9.126700401306152,9.095867156982422,4.334149360656738
20-11-1991,8.972533226013184,9.126700401306152,1974317,9.157533645629883,8.972533226013184,4.275381565093994
21-11-1991,8.880032539367676,8.910865783691406,1795939,9.065032958984375,9.003366470336914,4.290073871612549
22-11-1991,8.880032539367676,8.941699028015137,2372829,8.972533226013184,8.910865783691406,4.245997428894043
25-11-1991,8.880032539367676,8.972533226013184,1458643,8.972533226013184,8.880032539367676,4.231304168701172
26-11-1991,8.880032539367676,8.941699028015137,2874719,9.095867156982422,9.003366470336914,4.290073871612549
27-11-1991,8.910865783691406,8.941699028015137,1919182,9.126700401306152,9.003366470336914,4.290073871612549
29-11-1991,8.941699028015137,9.003366470336914,709051,9.065032958984375,8.972533226013184,4.275381565093994
02-12-1991,8.818366050720215,8.941699028015137,4530794,8.972533226013184,8.910865783691406,4.245997428894043
03-12-1991,8.818366050720215,8.880032539367676,3974580,9.034199714660645,8.910865783691406,4.245997428894043
04-12-1991,8.880032539367676,8.880032539367676,3422825,9.095867156982422,9.065032958984375,4.319456577301025
05-12-1991,9.034199714660645,9.065032958984375,1554724,9.157533645629883,9.095867156982422,4.356078624725342
06-12-1991,9.065032958984375,9.095867156982422,1752156,9.280866622924805,9.157533645629883,4.385610103607178
09-12-1991,8.880032539367676,9.126700401306152,2114587,9.157533645629883,9.065032958984375,4.341311454772949
10-12-1991,8.972533226013184,8.972533226013184,1956479,9.25003433227539,9.25003433227539,4.429912090301514
11-12-1991,9.126700401306152,9.25003433227539,1137158,9.280866622924805,9.188366889953613,4.40037727355957
12-12-1991,9.188366889953613,9.25003433227539,1553508,9.342534065246582,9.311700820922852,4.459443092346191
13-12-1991,9.311700820922852,9.373368263244629,2221613,9.43503475189209,9.404200553894043,4.503740310668945
16-12-1991,9.404200553894043,9.43503475189209,2024182,9.620035171508789,9.589201927185059,4.592339515686035
17-12-1991,9.43503475189209,9.620035171508789,1353644,9.620035171508789,9.496702194213867,4.548040866851807
18-12-1991,9.25003433227539,9.46586799621582,1834858,9.46586799621582,9.311700820922852,4.459443092346191
19-12-1991,9.25003433227539,9.25003433227539,1592427,9.373368263244629,9.311700820922852,4.459443092346191
20-12-1991,9.373368263244629,9.527535438537598,3015394,9.527535438537598,9.527535438537598,4.562808036804199
23-12-1991,9.342534065246582,9.404200553894043,1802831,9.650869369506836,9.650869369506836,4.621870517730713
24-12-1991,9.46586799621582,9.68170166015625,1161482,9.712535858154297,9.527535438537598,4.562808036804199
26-12-1991,9.496702194213867,9.527535438537598,2057019,9.743369102478027,9.743369102478027,4.666172027587891
27-12-1991,9.743369102478027,9.743369102478027,2610396,9.835868835449219,9.805035591125488,4.69570255279541
30-12-1991,9.805035591125488,9.805035591125488,3491339,9.959202766418457,9.959202766418457,4.769536018371582
31-12-1991,9.866703033447266,9.990036964416504,2342424,10.082536697387695,9.866703033447266,4.72523832321167
02-01-1992,9.620035171508789,9.805035591125488,2404451,9.835868835449219,9.68170166015625,4.636638641357422
03-01-1992,9.620035171508789,9.650869369506836,2098776,9.805035591125488,9.743369102478027,4.666172027587891
06-01-1992,9.558367729187012,9.558367729187012,3969310,9.928370475769043,9.897536277770996,4.7400031089782715
07-01-1992,9.712535858154297,9.866703033447266,2633504,9.866703033447266,9.743369102478027,4.666172027587891
08-01-1992,9.620035171508789,9.620035171508789,3452825,9.959202766418457,9.897536277770996,4.7400031089782715
09-01-1992,9.805035591125488,9.928370475769043,2561342,9.990036964416504,9.805035591125488,4.69570255279541
10-01-1992,9.774203300476074,9.866703033447266,2612423,9.866703033447266,9.774203300476074,4.680936813354492
13-01-1992,9.558367729187012,9.712535858154297,2428369,9.743369102478027,9.712535858154297,4.651403427124023
14-01-1992,9.620035171508789,9.712535858154297,2809044,9.774203300476074,9.743369102478027,4.666172027587891
15-01-1992,9.404200553894043,9.774203300476074,4647551,9.835868835449219,9.620035171508789,4.60710334777832
16-01-1992,9.21920108795166,9.558367729187012,4946333,9.558367729187012,9.280866622924805,4.444675922393799
17-01-1992,9.003366470336914,9.21920108795166,3649851,9.373368263244629,9.342534065246582,4.474208354949951
20-01-1992,9.280866622924805,9.373368263244629,1336211,9.404200553894043,9.373368263244629,4.488976955413818
21-01-1992,9.157533645629883,9.311700820922852,2105668,9.342534065246582,9.21920108795166,4.415142059326172
22-01-1992,8.787531852722168,8.941699028015137,10928068,9.157533645629883,9.126700401306152,4.370843410491943
23-01-1992,9.095867156982422,9.188366889953613,6836326,9.373368263244629,9.126700401306152,4.370843410491943
24-01-1992,9.003366470336914,9.126700401306152,3919445,9.157533645629883,9.034199714660645,4.326544284820557
27-01-1992,8.910865783691406,9.034199714660645,3237150,9.095867156982422,8.910865783691406,4.267480373382568
28-01-1992,8.756698608398438,8.818366050720215,4022012,8.880032539367676,8.818366050720215,4.223179340362549
29-01-1992,8.756698608398438,8.787531852722168,5274710,8.910865783691406,8.787531852722168,4.2084150314331055
30-01-1992,8.756698608398438,8.849199295043945,3002827,9.034199714660645,8.972533226013184,4.297013282775879
31-01-1992,9.126700401306152,9.126700401306152,2742963,9.373368263244629,9.280866622924805,4.444675922393799
03-02-1992,9.157533645629883,9.311700820922852,2376478,9.311700820922852,9.188366889953613,4.40037727355957
04-02-1992,9.095867156982422,9.157533645629883,1636210,9.21920108795166,9.21920108795166,4.415142059326172
05-02-1992,9.095867156982422,9.21920108795166,3051475,9.311700820922852,9.280866622924805,4.444675922393799
06-02-1992,9.157533645629883,9.342534065246582,2941205,9.342534065246582,9.311700820922852,4.459443092346191
07-02-1992,9.003366470336914,9.342534065246582,2597017,9.342534065246582,9.065032958984375,4.341311454772949
10-02-1992,8.910865783691406,9.003366470336914,1732291,9.034199714660645,9.003366470336914,4.311779499053955
11-02-1992,8.941699028015137,9.003366470336914,2330262,9.065032958984375,8.972533226013184,4.297013282775879
12-02-1992,8.849199295043945,8.941699028015137,3272826,8.972533226013184,8.972533226013184,4.297013282775879
13-02-1992,8.849199295043945,8.972533226013184,2379721,9.003366470336914,8.910865783691406,4.267480373382568
14-02-1992,8.66419792175293,8.849199295043945,6546868,8.880032539367676,8.725865364074707,4.178881645202637
18-02-1992,8.510030746459961,8.6333646774292,6056329,8.695032119750977,8.510030746459961,4.0755157470703125
19-02-1992,8.4483642578125,8.4483642578125,3222556,8.602532386779785,8.571698188781738,4.1050496101379395
20-02-1992,8.602532386779785,8.66419792175293,2570666,8.725865364074707,8.695032119750977,4.1641154289245605
21-02-1992,8.6333646774292,8.725865364074707,2866206,8.787531852722168,8.66419792175293,4.14934778213501
24-02-1992,8.66419792175293,8.66419792175293,1946344,8.818366050720215,8.725865364074707,4.178881645202637
25-02-1992,8.6333646774292,8.695032119750977,1607021,8.818366050720215,8.818366050720215,4.223179340362549
26-02-1992,8.818366050720215,8.849199295043945,2397559,9.126700401306152,9.095867156982422,4.356078624725342
27-02-1992,8.910865783691406,9.065032958984375,1702291,9.095867156982422,8.941699028015137,4.2822465896606445
28-02-1992,8.849199295043945,8.941699028015137,1791480,9.003366470336914,8.880032539367676,4.252713203430176
02-03-1992,8.880032539367676,8.941699028015137,2381343,9.003366470336914,8.910865783691406,4.267480373382568
03-03-1992,8.910865783691406,8.972533226013184,2132830,9.034199714660645,8.941699028015137,4.2822465896606445
04-03-1992,8.880032539367676,8.941699028015137,2078506,8.941699028015137,8.880032539367676,4.252713203430176
05-03-1992,8.66419792175293,8.787531852722168,3300393,8.818366050720215,8.695032119750977,4.189133167266846
06-03-1992,8.66419792175293,8.66419792175293,1936615,8.725865364074707,8.725865364074707,4.203989028930664
09-03-1992,8.6333646774292,8.66419792175293,1972695,8.756698608398438,8.695032119750977,4.189133167266846
10-03-1992,8.725865364074707,8.725865364074707,2442559,9.095867156982422,8.910865783691406,4.293118476867676
11-03-1992,8.818366050720215,8.849199295043945,260269,8.910865783691406,8.849199295043945,4.263410568237305
12-03-1992,8.787531852722168,8.818366050720215,1836885,8.941699028015137,8.910865783691406,4.293118476867676
13-03-1992,8.849199295043945,8.910865783691406,1382833,8.972533226013184,8.910865783691406,4.293118476867676
16-03-1992,8.849199295043945,8.880032539367676,1643102,8.972533226013184,8.941699028015137,4.3079752922058105
17-03-1992,8.972533226013184,9.003366470336914,1607427,9.065032958984375,9.034199714660645,4.3525390625
18-03-1992,8.941699028015137,9.003366470336914,1365400,9.034199714660645,9.034199714660645,4.3525390625
19-03-1992,9.065032958984375,9.095867156982422,2366748,9.157533645629883,9.157533645629883,4.411961555480957
20-03-1992,9.034199714660645,9.157533645629883,2288100,9.188366889953613,9.126700401306152,4.397104263305664
23-03-1992,8.972533226013184,9.095867156982422,1499184,9.095867156982422,9.003366470336914,4.3376851081848145
24-03-1992,9.034199714660645,9.034199714660645,1709183,9.21920108795166,9.157533645629883,4.411961555480957
25-03-1992,9.034199714660645,9.157533645629883,1432292,9.188366889953613,9.034199714660645,4.3525390625
26-03-1992,9.034199714660645,9.126700401306152,1512967,9.126700401306152,9.034199714660645,4.3525390625
27-03-1992,8.910865783691406,8.972533226013184,1151753,9.003366470336914,8.910865783691406,4.293118476867676
30-03-1992,8.849199295043945,8.880032539367676,2258100,8.910865783691406,8.880032539367676,4.278263568878174
31-03-1992,8.880032539367676,8.880032539367676,1764318,8.972533226013184,8.910865783691406,4.293118476867676
01-04-1992,8.818366050720215,8.849199295043945,2769314,9.095867156982422,9.065032958984375,4.36739444732666
02-04-1992,9.065032958984375,9.065032958984375,2519991,9.188366889953613,9.126700401306152,4.397104263305664
03-04-1992,9.003366470336914,9.126700401306152,4111607,9.25003433227539,9.21920108795166,4.441668510437012
06-04-1992,9.188366889953613,9.21920108795166,5148630,9.311700820922852,9.21920108795166,4.441668510437012
07-04-1992,8.880032539367676,9.21920108795166,2271073,9.25003433227539,8.941699028015137,4.3079752922058105
08-04-1992,8.510030746459961,8.756698608398438,5340791,8.849199295043945,8.66419792175293,4.1742777824401855
09-04-1992,8.66419792175293,8.725865364074707,3269583,8.972533226013184,8.910865783691406,4.293118476867676
10-04-1992,9.003366470336914,9.065032958984375,2419045,9.157533645629883,9.065032958984375,4.36739444732666
13-04-1992,9.095867156982422,9.126700401306152,2409721,9.25003433227539,9.21920108795166,4.441668510437012
14-04-1992,9.25003433227539,9.311700820922852,4090931,9.620035171508789,9.527535438537598,4.590220928192139
15-04-1992,9.589201927185059,9.68170166015625,3453636,9.743369102478027,9.68170166015625,4.66449499130249
16-04-1992,9.25003433227539,9.650869369506836,3657554,9.68170166015625,9.342534065246582,4.501091957092285
20-04-1992,9.003366470336914,9.126700401306152,3030800,9.157533645629883,9.034199714660645,4.3525390625
21-04-1992,8.941699028015137,9.034199714660645,2075668,9.157533645629883,9.034199714660645,4.3525390625
22-04-1992,9.034199714660645,9.034199714660645,1808101,9.21920108795166,9.157533645629883,4.411961555480957
23-04-1992,8.756698608398438,9.126700401306152,3267961,9.157533645629883,8.910865783691406,4.293118476867676
24-04-1992,8.818366050720215,8.941699028015137,1877020,9.003366470336914,8.880032539367676,4.278263568878174
27-04-1992,8.941699028015137,8.941699028015137,1954047,9.157533645629883,9.126700401306152,4.397104263305664
28-04-1992,9.188366889953613,9.342534065246582,3294718,9.558367729187012,9.342534065246582,4.501091957092285
29-04-1992,9.126700401306152,9.311700820922852,1754994,9.342534065246582,9.157533645629883,4.411961555480957
30-04-1992,9.003366470336914,9.126700401306152,1505670,9.21920108795166,9.21920108795166,4.441668510437012
01-05-1992,9.126700401306152,9.188366889953613,1268914,9.311700820922852,9.311700820922852,4.486236572265625
04-05-1992,9.311700820922852,9.311700820922852,2614450,9.46586799621582,9.46586799621582,4.560510158538818
05-05-1992,9.25003433227539,9.46586799621582,1747291,9.527535438537598,9.25003433227539,4.456525802612305
06-05-1992,9.188366889953613,9.342534065246582,1707561,9.373368263244629,9.25003433227539,4.456525802612305
07-05-1992,9.188366889953613,9.25003433227539,1161888,9.43503475189209,9.373368263244629,4.515946865081787
08-05-1992,9.311700820922852,9.43503475189209,889051,9.496702194213867,9.311700820922852,4.486236572265625
11-05-1992,9.311700820922852,9.311700820922852,1814588,9.496702194213867,9.43503475189209,4.545657157897949
12-05-1992,9.311700820922852,9.404200553894043,1500805,9.43503475189209,9.373368263244629,4.515946865081787
13-05-1992,9.342534065246582,9.404200553894043,835537,9.404200553894043,9.373368263244629,4.515946865081787
14-05-1992,9.126700401306152,9.373368263244629,1333373,9.373368263244629,9.157533645629883,4.411961555480957
15-05-1992,9.034199714660645,9.095867156982422,2250803,9.157533645629883,9.065032958984375,4.36739444732666
18-05-1992,9.095867156982422,9.126700401306152,1062158,9.21920108795166,9.21920108795166,4.441668510437012
19-05-1992,9.311700820922852,9.373368263244629,2403234,9.558367729187012,9.496702194213867,4.575366497039795
20-05-1992,9.43503475189209,9.496702194213867,1820669,9.527535438537598,9.46586799621582,4.560510158538818
21-05-1992,9.342534065246582,9.43503475189209,1660940,9.43503475189209,9.342534065246582,4.501091957092285
22-05-1992,9.311700820922852,9.342534065246582,975402,9.43503475189209,9.373368263244629,4.515946865081787
26-05-1992,9.188366889953613,9.280866622924805,1448508,9.342534065246582,9.21920108795166,4.441668510437012
27-05-1992,9.188366889953613,9.188366889953613,1262022,9.342534065246582,9.342534065246582,4.501091957092285
28-05-1992,9.280866622924805,9.280866622924805,2118235,9.620035171508789,9.620035171508789,4.6347856521606445
29-05-1992,9.527535438537598,9.68170166015625,2861341,9.68170166015625,9.527535438537598,4.590220928192139
01-06-1992,9.373368263244629,9.496702194213867,1270536,9.589201927185059,9.589201927185059,4.619932174682617
02-06-1992,9.404200553894043,9.558367729187012,1865669,9.558367729187012,9.404200553894043,4.530801773071289
03-06-1992,9.188366889953613,9.311700820922852,1622021,9.373368263244629,9.342534065246582,4.501091957092285
04-06-1992,9.095867156982422,9.21920108795166,1674724,9.280866622924805,9.126700401306152,4.422207832336426
05-06-1992,9.034199714660645,9.095867156982422,980267,9.126700401306152,9.095867156982422,4.407268524169922
08-06-1992,8.602532386779785,9.003366470336914,3640122,9.003366470336914,8.910865783691406,4.317629337310791
09-06-1992,8.695032119750977,8.849199295043945,2008371,8.849199295043945,8.725865364074707,4.227989196777344
10-06-1992,8.325031280517578,8.6333646774292,3902418,8.66419792175293,8.41753101348877,4.07858943939209
11-06-1992,8.325031280517578,8.386696815490723,3904851,8.725865364074707,8.725865364074707,4.227989196777344
12-06-1992,8.571698188781738,8.849199295043945,2387424,8.880032539367676,8.725865364074707,4.227989196777344
15-06-1992,8.6333646774292,8.66419792175293,1935804,8.849199295043945,8.849199295043945,4.287749290466309
16-06-1992,8.849199295043945,8.910865783691406,1707967,8.972533226013184,8.910865783691406,4.317629337310791
17-06-1992,8.787531852722168,8.849199295043945,1818642,8.972533226013184,8.880032539367676,4.302689075469971
18-06-1992,8.66419792175293,8.818366050720215,2798503,8.880032539367676,8.695032119750977,4.213049411773682
19-06-1992,8.66419792175293,8.695032119750977,3098502,8.849199295043945,8.787531852722168,4.257867336273193
22-06-1992,8.725865364074707,8.787531852722168,1789858,8.818366050720215,8.818366050720215,4.272807598114014
23-06-1992,8.849199295043945,8.849199295043945,2920935,9.126700401306152,9.065032958984375,4.392327308654785
24-06-1992,9.003366470336914,9.034199714660645,1073915,9.095867156982422,9.003366470336914,4.362448692321777
25-06-1992,9.003366470336914,9.034199714660645,1211752,9.095867156982422,9.003366470336914,4.362448692321777
26-06-1992,8.910865783691406,8.941699028015137,762159,9.034199714660645,8.972533226013184,4.347507476806641
29-06-1992,8.849199295043945,9.065032958984375,1940263,9.095867156982422,8.849199295043945,4.287749290466309
30-06-1992,8.880032539367676,8.880032539367676,2191208,9.034199714660645,8.972533226013184,4.347507476806641
01-07-1992,8.910865783691406,8.910865783691406,2423505,9.126700401306152,9.126700401306152,4.422207832336426
02-07-1992,9.126700401306152,9.157533645629883,2508234,9.311700820922852,9.21920108795166,4.467027187347412
06-07-1992,9.21920108795166,9.21920108795166,1429860,9.373368263244629,9.373368263244629,4.541728496551514
07-07-1992,9.003366470336914,9.311700820922852,394863,9.342534065246582,9.034199714660645,4.3773884773254395
08-07-1992,9.003366470336914,9.003366470336914,2875935,9.188366889953613,9.126700401306152,4.422207832336426
09-07-1992,9.095867156982422,9.095867156982422,1953641,9.311700820922852,9.280866622924805,4.496906280517578
10-07-1992,9.21920108795166,9.280866622924805,1693372,9.342534065246582,9.25003433227539,4.481968879699707
13-07-1992,9.157533645629883,9.21920108795166,1889588,9.280866622924805,9.25003433227539,4.481968879699707
14-07-1992,9.157533645629883,9.188366889953613,1421346,9.21920108795166,9.188366889953613,4.452086448669434
15-07-1992,9.157533645629883,9.21920108795166,1476076,9.25003433227539,9.25003433227539,4.481968879699707
16-07-1992,9.126700401306152,9.126700401306152,1193104,9.25003433227539,9.25003433227539,4.481968879699707
17-07-1992,9.126700401306152,9.188366889953613,2621342,9.46586799621582,9.46586799621582,4.586545944213867
20-07-1992,9.25003433227539,9.311700820922852,1279860,9.43503475189209,9.373368263244629,4.541728496551514
21-07-1992,9.25003433227539,9.373368263244629,1909858,9.404200553894043,9.373368263244629,4.541728496551514
22-07-1992,9.188366889953613,9.280866622924805,2010398,9.311700820922852,9.25003433227539,4.481968879699707
23-07-1992,9.280866622924805,9.280866622924805,1436346,9.373368263244629,9.342534065246582,4.526787281036377
24-07-1992,9.280866622924805,9.280866622924805,605268,9.373368263244629,9.373368263244629,4.541728496551514
27-07-1992,9.21920108795166,9.342534065246582,1077158,9.43503475189209,9.373368263244629,4.541728496551514
28-07-1992,9.25003433227539,9.373368263244629,1749318,9.404200553894043,9.342534065246582,4.526787281036377
29-07-1992,9.342534065246582,9.496702194213867,2587288,9.589201927185059,9.373368263244629,4.541728496551514
30-07-1992,9.280866622924805,9.342534065246582,2969989,9.43503475189209,9.43503475189209,4.571609020233154
31-07-1992,9.373368263244629,9.43503475189209,1881480,9.496702194213867,9.496702194213867,4.601487636566162
03-08-1992,9.373368263244629,9.43503475189209,753646,9.496702194213867,9.46586799621582,4.586545944213867
04-08-1992,9.404200553894043,9.46586799621582,1018780,9.496702194213867,9.43503475189209,4.571609020233154
05-08-1992,9.280866622924805,9.43503475189209,1053239,9.43503475189209,9.342534065246582,4.526787281036377
06-08-1992,9.311700820922852,9.311700820922852,1214590,9.373368263244629,9.373368263244629,4.541728496551514
07-08-1992,9.311700820922852,9.373368263244629,1328103,9.43503475189209,9.373368263244629,4.541728496551514
10-08-1992,9.280866622924805,9.311700820922852,985132,9.342534065246582,9.311700820922852,4.511847019195557
11-08-1992,9.157533645629883,9.342534065246582,1000942,9.342534065246582,9.25003433227539,4.481968879699707
12-08-1992,9.21920108795166,9.25003433227539,1253914,9.373368263244629,9.25003433227539,4.481968879699707
13-08-1992,9.157533645629883,9.21920108795166,1488238,9.21920108795166,9.21920108795166,4.467027187347412
14-08-1992,9.21920108795166,9.25003433227539,1748507,9.43503475189209,9.373368263244629,4.541728496551514
17-08-1992,9.311700820922852,9.373368263244629,2271478,9.43503475189209,9.373368263244629,4.541728496551514
18-08-1992,9.373368263244629,9.373368263244629,1312292,9.43503475189209,9.404200553894043,4.556668758392334
19-08-1992,9.373368263244629,9.404200553894043,1404319,9.43503475189209,9.373368263244629,4.541728496551514
20-08-1992,9.311700820922852,9.373368263244629,1729859,9.43503475189209,9.404200553894043,4.556668758392334
21-08-1992,9.126700401306152,9.43503475189209,2101614,9.43503475189209,9.25003433227539,4.481968879699707
24-08-1992,9.126700401306152,9.157533645629883,1079591,9.21920108795166,9.126700401306152,4.422207832336426
25-08-1992,9.126700401306152,9.188366889953613,1693778,9.21920108795166,9.157533645629883,4.437150001525879
26-08-1992,9.126700401306152,9.188366889953613,771484,9.188366889953613,9.126700401306152,4.422207832336426
27-08-1992,9.034199714660645,9.188366889953613,1637426,9.21920108795166,9.065032958984375,4.392327308654785
28-08-1992,9.003366470336914,9.095867156982422,3038097,9.095867156982422,9.003366470336914,4.362448692321777
31-08-1992,8.880032539367676,9.003366470336914,1470400,9.003366470336914,8.941699028015137,4.332571029663086
01-09-1992,8.880032539367676,8.880032539367676,1360536,9.065032958984375,9.034199714660645,4.3773884773254395
02-09-1992,8.880032539367676,8.972533226013184,1802020,8.972533226013184,8.941699028015137,4.358152389526367
03-09-1992,8.910865783691406,8.972533226013184,2706071,9.065032958984375,9.065032958984375,4.418264389038086
04-09-1992,8.910865783691406,9.034199714660645,2630666,9.095867156982422,8.910865783691406,4.343123435974121
08-09-1992,8.6333646774292,8.910865783691406,3341744,8.910865783691406,8.6333646774292,4.207869529724121
09-09-1992,8.540864944458008,8.6333646774292,3541609,8.725865364074707,8.602532386779785,4.192842483520508
10-09-1992,8.510030746459961,8.602532386779785,2153100,8.6333646774292,8.6333646774292,4.207869529724121
11-09-1992,8.602532386779785,8.6333646774292,2159587,8.695032119750977,8.6333646774292,4.207869529724121
14-09-1992,8.695032119750977,8.725865364074707,3265934,8.818366050720215,8.787531852722168,4.283010959625244
15-09-1992,8.540864944458008,8.725865364074707,2153911,8.756698608398438,8.571698188781738,4.177814483642578
16-09-1992,8.4483642578125,8.479198455810547,3782824,8.602532386779785,8.540864944458008,4.16278600692749
17-09-1992,8.540864944458008,8.602532386779785,1730669,8.6333646774292,8.540864944458008,4.16278600692749
18-09-1992,8.540864944458008,8.571698188781738,2424315,8.66419792175293,8.6333646774292,4.207869529724121
21-09-1992,8.571698188781738,8.6333646774292,1192698,8.6333646774292,8.602532386779785,4.192842483520508
22-09-1992,8.540864944458008,8.602532386779785,1996614,8.602532386779785,8.540864944458008,4.16278600692749
23-09-1992,8.41753101348877,8.540864944458008,2801341,8.571698188781738,8.510030746459961,4.147759914398193
24-09-1992,8.479198455810547,8.571698188781738,1064996,8.571698188781738,8.510030746459961,4.147759914398193
25-09-1992,7.770029067993164,8.510030746459961,14859675,8.540864944458008,8.016695976257324,3.907308578491211
28-09-1992,7.955029010772705,8.109195709228516,3656338,8.140029907226562,8.016695976257324,3.907308578491211
29-09-1992,7.985863208770752,7.985863208770752,3730527,8.232529640197754,8.109195709228516,3.9523937702178955
30-09-1992,8.047530174255371,8.109195709228516,3869580,8.140029907226562,8.078363418579102,3.9373676776885986
01-10-1992,7.893362045288086,8.078363418579102,5141332,8.078363418579102,7.955029010772705,3.8772542476654053
02-10-1992,7.770029067993164,7.893362045288086,5132414,7.924195766448975,7.831695079803467,3.8171398639678955
05-10-1992,7.5233612060546875,7.708362102508545,5216332,7.770029067993164,7.770029067993164,3.7870848178863525
06-10-1992,7.585028171539307,7.770029067993164,2375667,7.831695079803467,7.585028171539307,3.696915864944458
07-10-1992,7.585028171539307,7.646695137023926,3791337,7.708362102508545,7.615860939025879,3.7119431495666504
08-10-1992,7.615860939025879,7.646695137023926,2841881,7.831695079803467,7.800861835479736,3.802112579345703
09-10-1992,7.708362102508545,7.770029067993164,3901202,7.831695079803467,7.708362102508545,3.757028818130493
12-10-1992,7.739194869995117,7.739194869995117,2220803,7.8625288009643555,7.800861835479736,3.802112579345703
13-10-1992,7.770029067993164,7.831695079803467,3349447,7.985863208770752,7.800861835479736,3.802112579345703
14-10-1992,7.770029067993164,7.800861835479736,2065938,8.016695976257324,7.955029010772705,3.8772542476654053
15-10-1992,7.8625288009643555,7.893362045288086,1434319,8.109195709228516,8.016695976257324,3.907308578491211
16-10-1992,7.831695079803467,8.047530174255371,2410126,8.047530174255371,8.047530174255371,3.922337532043457
19-10-1992,7.893362045288086,8.047530174255371,3569581,8.20169734954834,8.170863151550293,3.9824483394622803
20-10-1992,8.047530174255371,8.20169734954834,2382559,8.232529640197754,8.140029907226562,3.967421770095825
21-10-1992,8.078363418579102,8.140029907226562,874051,8.170863151550293,8.078363418579102,3.9373676776885986
22-10-1992,8.047530174255371,8.047530174255371,1274590,8.140029907226562,8.140029907226562,3.967421770095825
23-10-1992,8.047530174255371,8.140029907226562,1278644,8.140029907226562,8.078363418579102,3.9373676776885986
26-10-1992,8.016695976257324,8.078363418579102,1286347,8.170863151550293,8.170863151550293,3.9824483394622803
27-10-1992,8.140029907226562,8.232529640197754,1210536,8.2633638381958,8.170863151550293,3.9824483394622803
28-10-1992,8.078363418579102,8.170863151550293,1206887,8.170863151550293,8.078363418579102,3.9373676776885986
29-10-1992,8.047530174255371,8.078363418579102,1686075,8.170863151550293,8.170863151550293,3.9824483394622803
30-10-1992,8.170863151550293,8.170863151550293,2060263,8.325031280517578,8.2633638381958,4.027533054351807
02-11-1992,8.232529640197754,8.2633638381958,2526072,8.355863571166992,8.294197082519531,4.042562961578369
03-11-1992,8.140029907226562,8.294197082519531,1578643,8.294197082519531,8.20169734954834,3.9974782466888428
04-11-1992,8.016695976257324,8.20169734954834,1857155,8.232529640197754,8.047530174255371,3.922337532043457
05-11-1992,8.078363418579102,8.078363418579102,1561210,8.232529640197754,8.109195709228516,3.9523937702178955
06-11-1992,8.016695976257324,8.170863151550293,1700669,8.232529640197754,8.078363418579102,3.9373676776885986
09-11-1992,8.078363418579102,8.109195709228516,1687291,8.386696815490723,8.325031280517578,4.057590961456299
10-11-1992,8.294197082519531,8.355863571166992,2004317,8.479198455810547,8.355863571166992,4.07261848449707
11-11-1992,8.41753101348877,8.41753101348877,2414991,8.571698188781738,8.510030746459961,4.147759914398193
12-11-1992,8.602532386779785,8.6333646774292,3538771,8.725865364074707,8.725865364074707,4.252955436706543
13-11-1992,8.479198455810547,8.695032119750977,2468504,8.725865364074707,8.540864944458008,4.16278600692749
16-11-1992,8.479198455810547,8.510030746459961,1314725,8.6333646774292,8.510030746459961,4.147759914398193
17-11-1992,8.4483642578125,8.479198455810547,1916750,8.602532386779785,8.479198455810547,4.132730484008789
18-11-1992,8.540864944458008,8.540864944458008,2427964,8.6333646774292,8.602532386779785,4.192842483520508
19-11-1992,8.602532386779785,8.6333646774292,3704176,8.787531852722168,8.756698608398438,4.267983436584473
20-11-1992,8.787531852722168,8.849199295043945,5949302,9.034199714660645,9.034199714660645,4.4032368659973145
23-11-1992,8.910865783691406,9.034199714660645,2777422,9.034199714660645,8.972533226013184,4.373180866241455
24-11-1992,8.910865783691406,9.034199714660645,2722693,9.034199714660645,8.972533226013184,4.373180866241455
25-11-1992,8.66419792175293,8.941699028015137,3382690,8.941699028015137,8.66419792175293,4.222900867462158
27-11-1992,8.66419792175293,8.695032119750977,1797156,8.787531852722168,8.695032119750977,4.237928867340088
30-11-1992,8.4483642578125,8.6333646774292,2950124,8.6333646774292,8.540864944458008,4.16278600692749
01-12-1992,8.894621849060059,8.962519645690918,7165172,8.996468544006348,8.928570747375488,4.351752281188965
02-12-1992,8.928570747375488,8.962519645690918,3592159,9.234111785888672,9.166213989257812,4.4675798416137695
03-12-1992,9.132265090942383,9.132265090942383,1998958,9.234111785888672,9.132265090942383,4.479569435119629
04-12-1992,9.132265090942383,9.200162887573242,1541653,9.268060684204102,9.166213989257812,4.496223449707031
07-12-1992,9.132265090942383,9.166213989257812,1192600,9.200162887573242,9.200162887573242,4.512875080108643
08-12-1992,9.200162887573242,9.234111785888672,2567827,9.50570297241211,9.47175407409668,4.646097660064697
09-12-1992,9.302009582519531,9.50570297241211,1751527,9.539651870727539,9.335959434509277,4.57948637008667
10-12-1992,9.234111785888672,9.403857231140137,1389587,9.403857231140137,9.268060684204102,4.546180725097656
11-12-1992,9.200162887573242,9.268060684204102,1080299,9.302009582519531,9.268060684204102,4.546180725097656
14-12-1992,9.234111785888672,9.302009582519531,1205119,9.302009582519531,9.234111785888672,4.52952766418457
15-12-1992,9.064367294311523,9.234111785888672,1594306,9.268060684204102,9.098316192626953,4.462917327880859
16-12-1992,9.098316192626953,9.166213989257812,1274708,9.200162887573242,9.132265090942383,4.479569435119629
17-12-1992,9.132265090942383,9.132265090942383,1342457,9.200162887573242,9.132265090942383,4.479569435119629
18-12-1992,9.064367294311523,9.200162887573242,4988374,9.200162887573242,9.166213989257812,4.496223449707031
21-12-1992,9.098316192626953,9.098316192626953,2917985,9.335959434509277,9.268060684204102,4.546180725097656
22-12-1992,9.132265090942383,9.302009582519531,2231660,9.302009582519531,9.200162887573242,4.512875080108643
23-12-1992,8.928570747375488,9.200162887573242,1865669,9.200162887573242,8.996468544006348,4.412958145141602
24-12-1992,8.826725006103516,8.894621849060059,1157621,8.962519645690918,8.826725006103516,4.329695701599121
28-12-1992,8.65697956085205,8.860673904418945,3292444,8.894621849060059,8.690929412841797,4.263086318969727
29-12-1992,8.690929412841797,8.724878311157227,2375995,8.826725006103516,8.724878311157227,4.279738903045654
30-12-1992,8.65697956085205,8.758827209472656,1866774,8.792776107788086,8.758827209472656,4.296391010284424
31-12-1992,8.690929412841797,8.758827209472656,1655795,8.826725006103516,8.792776107788086,4.3130412101745605
04-01-1993,8.623030662536621,8.860673904418945,1587678,8.894621849060059,8.65697956085205,4.246432304382324
05-01-1993,8.555132865905762,8.724878311157227,1622657,8.758827209472656,8.589081764221191,4.213128089904785
06-01-1993,8.215643882751465,8.555132865905762,4467002,8.589081764221191,8.283541679382324,4.063254356384277
07-01-1993,8.147746086120605,8.249592781066895,3830385,8.385388374328613,8.147746086120605,3.9966421127319336
08-01-1993,8.249592781066895,8.249592781066895,3494586,8.521183967590332,8.521183967590332,4.179820537567139
11-01-1993,8.351439476013184,8.487235069274902,2930504,8.65697956085205,8.351439476013184,4.096559047698975
12-01-1993,8.283541679382324,8.351439476013184,2982420,8.487235069274902,8.351439476013184,4.096559047698975
13-01-1993,8.249592781066895,8.317489624023438,2588814,8.487235069274902,8.487235069274902,4.163168907165527
14-01-1993,8.351439476013184,8.487235069274902,2484982,8.521183967590332,8.419337272644043,4.1298651695251465
15-01-1993,8.385388374328613,8.419337272644043,2588078,8.487235069274902,8.419337272644043,4.1298651695251465
18-01-1993,8.419337272644043,8.419337272644043,1525821,8.521183967590332,8.487235069274902,4.163168907165527
19-01-1993,8.453286170959473,8.555132865905762,2407292,8.589081764221191,8.453286170959473,4.146515846252441
20-01-1993,8.453286170959473,8.453286170959473,2124882,8.555132865905762,8.487235069274902,4.163168907165527
21-01-1993,8.453286170959473,8.453286170959473,1221319,8.555132865905762,8.487235069274902,4.163168907165527
22-01-1993,8.487235069274902,8.521183967590332,2875642,8.589081764221191,8.487235069274902,4.163168907165527
25-01-1993,8.487235069274902,8.487235069274902,1768465,8.623030662536621,8.555132865905762,4.196475505828857
26-01-1993,8.419337272644043,8.555132865905762,2080698,8.65697956085205,8.453286170959473,4.146515846252441
27-01-1993,8.215643882751465,8.419337272644043,3883037,8.419337272644043,8.249592781066895,4.046600818634033
28-01-1993,8.215643882751465,8.249592781066895,2042405,8.317489624023438,8.283541679382324,4.063254356384277
29-01-1993,8.249592781066895,8.283541679382324,1713971,8.317489624023438,8.283541679382324,4.063254356384277
01-02-1993,8.249592781066895,8.249592781066895,1817435,8.351439476013184,8.283541679382324,4.063254356384277
02-02-1993,8.181694984436035,8.317489624023438,5236540,8.317489624023438,8.181694984436035,4.013294219970703
03-02-1993,8.181694984436035,8.283541679382324,4416927,8.521183967590332,8.453286170959473,4.146515846252441
04-02-1993,8.317489624023438,8.521183967590332,4577094,8.555132865905762,8.521183967590332,4.179820537567139
05-02-1993,8.487235069274902,8.521183967590332,3104662,8.65697956085205,8.589081764221191,4.213128089904785
08-02-1993,8.453286170959473,8.589081764221191,3413582,8.623030662536621,8.555132865905762,4.196475505828857
09-02-1993,8.419337272644043,8.521183967590332,2570036,8.521183967590332,8.521183967590332,4.179820537567139
10-02-1993,8.555132865905762,8.555132865905762,1574423,8.690929412841797,8.65697956085205,4.246432304382324
11-02-1993,8.623030662536621,8.65697956085205,2019577,8.690929412841797,8.65697956085205,4.246432304382324
12-02-1993,8.521183967590332,8.623030662536621,2260012,8.65697956085205,8.623030662536621,4.2297797203063965
16-02-1993,8.181694984436035,8.623030662536621,4015589,8.623030662536621,8.555132865905762,4.196475505828857
17-02-1993,8.181694984436035,8.181694984436035,5193829,8.317489624023438,8.249592781066895,4.046600818634033
18-02-1993,8.045899391174316,8.249592781066895,4402199,8.317489624023438,8.045899391174316,3.946685314178467
19-02-1993,7.366919994354248,8.045899391174316,11703237,8.045899391174316,7.604563236236572,3.7302002906799316
22-02-1993,7.502716064453125,7.638512134552002,5873526,7.672461032867432,7.570613861083984,3.713548183441162
23-02-1993,7.536664962768555,7.570613861083984,4375321,7.808256149291992,7.740358829498291,3.7968108654022217
24-02-1993,7.740358829498291,7.774306774139404,3470653,8.01194953918457,7.978001117706299,3.913379192352295
25-02-1993,7.774306774139404,7.978001117706299,3728761,7.978001117706299,7.808256149291992,3.830115795135498
26-02-1993,7.808256149291992,7.876153945922852,2375258,7.944052219390869,7.910102844238281,3.8800740242004395
01-03-1993,7.978001117706299,7.978001117706299,2086589,8.113797187805176,8.01194953918457,3.9300317764282227
02-03-1993,7.876153945922852,8.01194953918457,2353166,8.01194953918457,7.944052219390869,3.896725654602051
03-03-1993,7.910102844238281,8.01194953918457,2820412,8.01194953918457,7.944052219390869,3.896725654602051
04-03-1993,7.842205047607422,7.842205047607422,2360530,7.944052219390869,7.910102844238281,3.9135217666625977
05-03-1993,7.876153945922852,7.944052219390869,2246756,7.978001117706299,7.910102844238281,3.9135217666625977
08-03-1993,7.876153945922852,7.876153945922852,2824094,8.079848289489746,8.079848289489746,3.9975028038024902
09-03-1993,7.978001117706299,8.113797187805176,3135223,8.215643882751465,7.978001117706299,3.947115421295166
10-03-1993,7.978001117706299,8.045899391174316,3729130,8.317489624023438,8.283541679382324,4.0982818603515625
11-03-1993,8.283541679382324,8.351439476013184,4623487,8.385388374328613,8.351439476013184,4.131873607635498
12-03-1993,8.215643882751465,8.283541679382324,1966188,8.283541679382324,8.249592781066895,4.081483840942383
15-03-1993,8.181694984436035,8.283541679382324,1589519,8.283541679382324,8.215643882751465,4.064689636230469
16-03-1993,8.181694984436035,8.215643882751465,1311160,8.249592781066895,8.181694984436035,4.047893047332764
17-03-1993,8.113797187805176,8.147746086120605,2610538,8.181694984436035,8.147746086120605,4.031096458435059
18-03-1993,8.045899391174316,8.147746086120605,2226874,8.147746086120605,8.147746086120605,4.031096458435059
19-03-1993,8.045899391174316,8.181694984436035,2961801,8.181694984436035,8.045899391174316,3.9807069301605225
22-03-1993,7.978001117706299,8.045899391174316,1349821,8.045899391174316,8.045899391174316,3.9807069301605225
23-03-1993,8.01194953918457,8.01194953918457,2420915,8.147746086120605,8.079848289489746,3.9975028038024902
24-03-1993,7.910102844238281,8.079848289489746,6157040,8.113797187805176,8.045899391174316,3.9807069301605225
25-03-1993,7.978001117706299,8.079848289489746,2930136,8.113797187805176,8.01194953918457,3.9639110565185547
26-03-1993,7.774306774139404,8.01194953918457,2653249,8.045899391174316,7.808256149291992,3.863133668899536
29-03-1993,7.808256149291992,7.876153945922852,3146269,7.910102844238281,7.910102844238281,3.9135217666625977
30-03-1993,7.808256149291992,7.842205047607422,2668345,8.079848289489746,7.978001117706299,3.947115421295166
31-03-1993,8.045899391174316,8.045899391174316,3729866,8.181694984436035,8.147746086120605,4.031096458435059
01-04-1993,7.944052219390869,8.113797187805176,2372681,8.113797187805176,7.978001117706299,3.947115421295166
02-04-1993,7.808256149291992,7.876153945922852,2624898,8.01194953918457,7.876153945922852,3.896726608276367
05-04-1993,7.842205047607422,7.910102844238281,1770674,7.978001117706299,7.842205047607422,3.879929304122925
06-04-1993,7.740358829498291,7.876153945922852,3302754,7.910102844238281,7.808256149291992,3.863133668899536
07-04-1993,7.774306774139404,7.876153945922852,1411311,7.910102844238281,7.808256149291992,3.863133668899536
08-04-1993,7.434817790985107,7.638512134552002,5882731,7.638512134552002,7.434817790985107,3.678375482559204
12-04-1993,7.604563236236572,7.604563236236572,4527387,7.910102844238281,7.774306774139404,3.8463361263275146
13-04-1993,7.570613861083984,7.740358829498291,2628948,7.740358829498291,7.672461032867432,3.7959485054016113
14-04-1993,7.706409931182861,7.740358829498291,1715444,7.910102844238281,7.876153945922852,3.896726608276367
15-04-1993,7.774306774139404,7.774306774139404,1803444,7.978001117706299,7.944052219390869,3.9303195476531982
16-04-1993,7.910102844238281,8.01194953918457,2892211,8.045899391174316,8.045899391174316,3.9807069301605225
19-04-1993,7.808256149291992,8.01194953918457,3021081,8.01194953918457,7.876153945922852,3.896726608276367
20-04-1993,7.808256149291992,7.876153945922852,4314568,8.045899391174316,8.045899391174316,3.9807069301605225
21-04-1993,8.01194953918457,8.113797187805176,2517015,8.249592781066895,8.181694984436035,4.047893047332764
22-04-1993,7.910102844238281,8.147746086120605,3752694,8.147746086120605,7.910102844238281,3.9135217666625977
23-04-1993,7.774306774139404,7.910102844238281,3067106,7.944052219390869,7.774306774139404,3.8463361263275146
26-04-1993,7.536664962768555,7.774306774139404,2041301,7.842205047607422,7.604563236236572,3.762356996536255
27-04-1993,7.536664962768555,7.536664962768555,6984386,7.876153945922852,7.774306774139404,3.8463361263275146
28-04-1993,7.434817790985107,7.706409931182861,5334850,7.706409931182861,7.604563236236572,3.762356996536255
29-04-1993,7.400868892669678,7.604563236236572,4436810,7.604563236236572,7.468767166137695,3.695172071456909
30-04-1993,7.434817790985107,7.468767166137695,5557979,7.604563236236572,7.468767166137695,3.695172071456909
03-05-1993,7.434817790985107,7.502716064453125,7667029,7.672461032867432,7.604563236236572,3.762356996536255
04-05-1993,7.672461032867432,7.672461032867432,5202666,7.740358829498291,7.740358829498291,3.829543352127075
05-05-1993,7.774306774139404,7.774306774139404,5276306,8.045899391174316,8.01194953918457,3.9639110565185547
06-05-1993,8.045899391174316,8.147746086120605,5200825,8.147746086120605,8.113797187805176,4.01430082321167
07-05-1993,7.944052219390869,8.045899391174316,3110185,8.079848289489746,7.978001117706299,3.947115421295166
10-05-1993,8.01194953918457,8.01194953918457,2568195,8.079848289489746,8.045899391174316,3.9807069301605225
11-05-1993,8.01194953918457,8.045899391174316,1908381,8.113797187805176,8.079848289489746,3.9975028038024902
12-05-1993,8.01194953918457,8.045899391174316,2592496,8.113797187805176,8.079848289489746,3.9975028038024902
13-05-1993,7.944052219390869,8.045899391174316,2486086,8.113797187805176,7.944052219390869,3.9303195476531982
14-05-1993,7.876153945922852,7.978001117706299,2623057,8.01194953918457,7.876153945922852,3.896726608276367
17-05-1993,7.910102844238281,8.01194953918457,2549785,8.045899391174316,8.01194953918457,3.9639110565185547
18-05-1993,7.978001117706299,7.978001117706299,2426070,8.113797187805176,8.079848289489746,3.9975028038024902
19-05-1993,8.01194953918457,8.079848289489746,2834772,8.147746086120605,8.147746086120605,4.031096458435059
20-05-1993,8.113797187805176,8.147746086120605,1388114,8.283541679382324,8.283541679382324,4.0982818603515625
21-05-1993,8.181694984436035,8.249592781066895,2409133,8.283541679382324,8.181694984436035,4.047893047332764
24-05-1993,8.181694984436035,8.181694984436035,1990489,8.249592781066895,8.215643882751465,4.064689636230469
25-05-1993,8.113797187805176,8.249592781066895,3272562,8.249592781066895,8.147746086120605,4.031096458435059
26-05-1993,8.079848289489746,8.113797187805176,1508147,8.249592781066895,8.181694984436035,4.047893047332764
27-05-1993,8.079848289489746,8.215643882751465,1388114,8.249592781066895,8.113797187805176,4.01430082321167
28-05-1993,7.536664962768555,8.079848289489746,1138843,8.147746086120605,8.079848289489746,3.9975028038024902
01-06-1993,8.113797187805176,8.147746086120605,1932682,8.317489624023438,8.181694984436035,4.047893047332764
02-06-1993,8.147746086120605,8.181694984436035,3334419,8.249592781066895,8.215643882751465,4.064689636230469
03-06-1993,8.045899391174316,8.147746086120605,1689302,8.147746086120605,8.079848289489746,4.030815601348877
04-06-1993,7.978001117706299,8.113797187805176,3258202,8.113797187805176,8.01194953918457,3.996943712234497
07-06-1993,7.808256149291992,7.944052219390869,2161334,7.978001117706299,7.808256149291992,3.895326614379883
08-06-1993,7.808256149291992,7.808256149291992,1477587,7.944052219390869,7.910102844238281,3.946134567260742
09-06-1993,7.808256149291992,7.910102844238281,1678992,7.944052219390869,7.842205047607422,3.912261962890625
10-06-1993,7.774306774139404,7.808256149291992,2234238,7.910102844238281,7.842205047607422,3.912261962890625
11-06-1993,7.842205047607422,7.876153945922852,1073671,7.944052219390869,7.944052219390869,3.9630722999572754
14-06-1993,7.876153945922852,8.01194953918457,2310455,8.045899391174316,7.910102844238281,3.946134567260742
15-06-1993,7.774306774139404,7.910102844238281,2464731,7.910102844238281,7.774306774139404,3.8783891201019287
16-06-1993,7.706409931182861,7.808256149291992,2276212,7.808256149291992,7.808256149291992,3.895326614379883
17-06-1993,7.706409931182861,7.740358829498291,3067106,7.978001117706299,7.978001117706299,3.980008125305176
18-06-1993,7.774306774139404,7.978001117706299,2659877,7.978001117706299,7.774306774139404,3.8783891201019287
21-06-1993,7.740358829498291,7.808256149291992,1697770,7.842205047607422,7.808256149291992,3.895326614379883
22-06-1993,7.740358829498291,7.842205047607422,2665032,7.876153945922852,7.740358829498291,3.8614563941955566
23-06-1993,7.672461032867432,7.672461032867432,1543494,7.740358829498291,7.740358829498291,3.8614563941955566
24-06-1993,7.638512134552002,7.740358829498291,4054250,7.740358829498291,7.740358829498291,3.8614563941955566
25-06-1993,7.638512134552002,7.740358829498291,3250101,7.740358829498291,7.672461032867432,3.8275814056396484
28-06-1993,7.672461032867432,7.706409931182861,2118991,7.774306774139404,7.740358829498291,3.8614563941955566
29-06-1993,7.672461032867432,7.740358829498291,1993803,7.774306774139404,7.706409931182861,3.8445184230804443
30-06-1993,7.706409931182861,7.740358829498291,1517352,7.808256149291992,7.774306774139404,3.8783891201019287
01-07-1993,7.706409931182861,7.808256149291992,2395877,7.876153945922852,7.740358829498291,3.8614563941955566
02-07-1993,7.570613861083984,7.706409931182861,1373754,7.706409931182861,7.570613861083984,3.7767739295959473
06-07-1993,7.434817790985107,7.604563236236572,1877820,7.604563236236572,7.434817790985107,3.709028720855713
07-07-1993,7.502716064453125,7.502716064453125,2157652,7.638512134552002,7.638512134552002,3.8106448650360107
08-07-1993,7.638512134552002,7.638512134552002,1205855,7.842205047607422,7.740358829498291,3.8614563941955566
09-07-1993,7.265072822570801,7.604563236236572,8456449,7.604563236236572,7.299022197723389,3.641284942626953
12-07-1993,7.265072822570801,7.299022197723389,3572645,7.468767166137695,7.434817790985107,3.709028720855713
13-07-1993,7.400868892669678,7.434817790985107,1881870,7.570613861083984,7.536664962768555,3.759838342666626
14-07-1993,7.468767166137695,7.536664962768555,1689670,7.570613861083984,7.502716064453125,3.7429003715515137
15-07-1993,7.231123924255371,7.434817790985107,1815962,7.434817790985107,7.366919994354248,3.6751556396484375
16-07-1993,7.231123924255371,7.366919994354248,3224696,7.366919994354248,7.299022197723389,3.641284942626953
19-07-1993,7.299022197723389,7.332971096038818,872266,7.400868892669678,7.299022197723389,3.641284942626953
20-07-1993,7.197175025939941,7.299022197723389,1877452,7.536664962768555,7.502716064453125,3.7429003715515137
21-07-1993,7.332971096038818,7.468767166137695,2327760,7.502716064453125,7.332971096038818,3.658219337463379
22-07-1993,7.231123924255371,7.366919994354248,1141420,7.400868892669678,7.265072822570801,3.6243467330932617
23-07-1993,7.197175025939941,7.265072822570801,2396982,7.299022197723389,7.265072822570801,3.6243467330932617
26-07-1993,7.265072822570801,7.299022197723389,1843946,7.366919994354248,7.332971096038818,3.658219337463379
27-07-1993,7.129278182983398,7.265072822570801,1205855,7.299022197723389,7.163227081298828,3.573540687561035
28-07-1993,7.163227081298828,7.163227081298828,1704398,7.265072822570801,7.163227081298828,3.573540687561035
29-07-1993,7.061379909515381,7.0953288078308105,3234269,7.197175025939941,7.197175025939941,3.590475559234619
30-07-1993,7.129278182983398,7.163227081298828,1945569,7.197175025939941,7.197175025939941,3.590475559234619
02-08-1993,7.061379909515381,7.197175025939941,3266670,7.299022197723389,7.061379909515381,3.522731065750122
03-08-1993,7.0953288078308105,7.231123924255371,3033600,7.231123924255371,7.163227081298828,3.573540687561035
04-08-1993,7.129278182983398,7.197175025939941,1479428,7.231123924255371,7.163227081298828,3.573540687561035
05-08-1993,7.061379909515381,7.197175025939941,2708111,7.231123924255371,7.0953288078308105,3.5396668910980225
06-08-1993,7.0953288078308105,7.0953288078308105,1252985,7.265072822570801,7.197175025939941,3.590475559234619
09-08-1993,7.129278182983398,7.197175025939941,2450003,7.265072822570801,7.197175025939941,3.590475559234619
10-08-1993,6.959533214569092,7.197175025939941,4073765,7.197175025939941,7.027431011199951,3.5057952404022217
11-08-1993,6.9934821128845215,7.027431011199951,3276980,7.061379909515381,7.061379909515381,3.522731065750122
12-08-1993,6.959533214569092,7.027431011199951,3065265,7.061379909515381,6.9934821128845215,3.4888577461242676
13-08-1993,6.042911052703857,7.027431011199951,12540892,7.0953288078308105,6.518197059631348,3.251750946044922
16-08-1993,6.653992176055908,6.653992176055908,8281186,7.061379909515381,6.959533214569092,3.4719226360321045
17-08-1993,6.789787769317627,6.925583839416504,5800623,6.959533214569092,6.8576860427856445,3.421112537384033
18-08-1993,6.823737144470215,6.925583839416504,2998989,6.9934821128845215,6.925583839416504,3.4549849033355713
19-08-1993,6.959533214569092,6.959533214569092,2590655,7.0953288078308105,7.061379909515381,3.522731065750122
20-08-1993,7.027431011199951,7.0953288078308105,3288394,7.0953288078308105,7.0953288078308105,3.5396668910980225
23-08-1993,6.9934821128845215,7.027431011199951,2610538,7.0953288078308105,7.061379909515381,3.522731065750122
24-08-1993,7.061379909515381,7.061379909515381,2253016,7.231123924255371,7.231123924255371,3.607412576675415
25-08-1993,7.163227081298828,7.231123924255371,5590012,7.231123924255371,7.163227081298828,3.573540687561035
26-08-1993,7.129278182983398,7.197175025939941,1812280,7.197175025939941,7.129278182983398,3.5566039085388184
27-08-1993,7.0953288078308105,7.163227081298828,1437453,7.265072822570801,7.231123924255371,3.607412576675415
30-08-1993,7.265072822570801,7.265072822570801,1634808,7.366919994354248,7.299022197723389,3.641284942626953
31-08-1993,7.197175025939941,7.299022197723389,2962537,7.299022197723389,7.265072822570801,3.6243467330932617
01-09-1993,7.197175025939941,7.231123924255371,4300944,7.366919994354248,7.332971096038818,3.692730665206909
02-09-1993,7.299022197723389,7.468767166137695,7719681,7.536664962768555,7.332971096038818,3.692730665206909
03-09-1993,7.231123924255371,7.299022197723389,1201437,7.332971096038818,7.265072822570801,3.658539295196533
07-09-1993,7.163227081298828,7.265072822570801,2466572,7.265072822570801,7.163227081298828,3.607250928878784
08-09-1993,6.076859951019287,6.178707122802734,20066532,6.246604919433594,6.246604919433594,3.145658493041992
09-09-1993,5.941064834594727,6.144758224487305,17404078,6.144758224487305,5.941064834594727,2.9917972087860107
10-09-1993,5.873167037963867,5.9750142097473145,8500265,6.008963108062744,5.941064834594727,2.9917972087860107
13-09-1993,5.635523796081543,5.8392181396484375,8362927,5.873167037963867,5.7034220695495605,2.8721253871917725
14-09-1993,5.7034220695495605,5.7034220695495605,7389406,5.873167037963867,5.8392181396484375,2.940507173538208
15-09-1993,5.669473171234131,5.77131986618042,10111140,5.80526876449585,5.7034220695495605,2.8721253871917725
16-09-1993,5.533677101135254,5.7034220695495605,7340067,5.7034220695495605,5.567625999450684,2.8037407398223877
17-09-1993,5.431830883026123,5.499728202819824,15520735,5.567625999450684,5.499728202819824,2.7695484161376953
20-09-1993,5.465778827667236,5.601574897766113,8929955,5.635523796081543,5.499728202819824,2.7695484161376953
21-09-1993,5.431830883026123,5.465778827667236,11831739,5.567625999450684,5.567625999450684,2.8037407398223877
22-09-1993,5.635523796081543,5.7034220695495605,4995001,5.73737096786499,5.73737096786499,2.8892204761505127
23-09-1993,5.601574897766113,5.669473171234131,6510512,5.941064834594727,5.941064834594727,2.9917972087860107
24-09-1993,5.80526876449585,5.80526876449585,5561661,6.008963108062744,5.9750142097473145,3.00889253616333
27-09-1993,5.907115936279297,5.907115936279297,4271856,6.076859951019287,5.941064834594727,2.9917972087860107
28-09-1993,5.80526876449585,5.941064834594727,2831826,5.9750142097473145,5.873167037963867,2.9576046466827393
29-09-1993,5.941064834594727,6.042911052703857,4737629,6.042911052703857,6.008963108062744,3.0259876251220703
30-09-1993,5.941064834594727,6.008963108062744,3732443,6.042911052703857,6.042911052703857,3.0430848598480225
01-10-1993,6.008963108062744,6.008963108062744,2505601,6.144758224487305,6.110808849334717,3.0772757530212402
04-10-1993,5.9750142097473145,6.144758224487305,1910958,6.144758224487305,5.9750142097473145,3.00889253616333
05-10-1993,5.80526876449585,5.9750142097473145,4573044,6.076859951019287,6.076859951019287,3.060180187225342
06-10-1993,5.9750142097473145,6.076859951019287,2808630,6.110808849334717,6.008963108062744,3.0259876251220703
07-10-1993,5.9750142097473145,6.178707122802734,2462890,6.178707122802734,5.9750142097473145,3.00889253616333
08-10-1993,5.941064834594727,6.008963108062744,3009299,6.042911052703857,5.9750142097473145,3.00889253616333
11-10-1993,5.907115936279297,5.9750142097473145,1527662,6.110808849334717,6.076859951019287,3.060180187225342
12-10-1993,6.042911052703857,6.076859951019287,4631220,6.348452091217041,6.280553817749023,3.1627557277679443
13-10-1993,6.178707122802734,6.280553817749023,1793134,6.314503192901611,6.246604919433594,3.145658493041992
14-10-1993,6.178707122802734,6.246604919433594,2504128,6.280553817749023,6.178707122802734,3.111466884613037
15-10-1993,6.144758224487305,6.246604919433594,2916512,6.246604919433594,6.212656021118164,3.1285653114318848
18-10-1993,6.076859951019287,6.178707122802734,3376762,6.212656021118164,6.178707122802734,3.111466884613037
19-10-1993,6.042911052703857,6.178707122802734,2178271,6.178707122802734,6.076859951019287,3.060180187225342
20-10-1993,5.941064834594727,6.076859951019287,3711824,6.110808849334717,6.110808849334717,3.0772757530212402
21-10-1993,6.076859951019287,6.110808849334717,7129088,6.314503192901611,6.246604919433594,3.145658493041992
22-10-1993,6.178707122802734,6.280553817749023,6348504,6.314503192901611,6.212656021118164,3.1285653114318848
25-10-1993,6.178707122802734,6.212656021118164,2630789,6.246604919433594,6.212656021118164,3.1285653114318848
26-10-1993,6.246604919433594,6.246604919433594,5697895,6.382400989532471,6.382400989532471,3.2140448093414307
27-10-1993,6.382400989532471,6.382400989532471,3796142,6.552145957946777,6.518197059631348,3.2824273109436035
28-10-1993,6.484248161315918,6.518197059631348,5879418,6.62004280090332,6.552145957946777,3.2995247840881348
29-10-1993,6.45029878616333,6.518197059631348,3527724,6.586094856262207,6.484248161315918,3.2653329372406006
01-11-1993,6.45029878616333,6.45029878616333,3020345,6.518197059631348,6.518197059631348,3.2824273109436035
02-11-1993,6.484248161315918,6.518197059631348,2697801,6.653992176055908,6.62004280090332,3.3337159156799316
03-11-1993,6.484248161315918,6.62004280090332,3240160,6.687941074371338,6.62004280090332,3.3337159156799316
04-11-1993,6.484248161315918,6.552145957946777,1775829,6.552145957946777,6.484248161315918,3.2653329372406006
05-11-1993,6.45029878616333,6.518197059631348,1174926,6.552145957946777,6.518197059631348,3.2824273109436035
08-11-1993,6.45029878616333,6.518197059631348,1214324,6.552145957946777,6.45029878616333,3.2482357025146484
09-11-1993,6.4163498878479,6.484248161315918,1867142,6.586094856262207,6.586094856262207,3.316620349884033
10-11-1993,6.484248161315918,6.586094856262207,2042405,6.586094856262207,6.552145957946777,3.2995247840881348
11-11-1993,6.45029878616333,6.586094856262207,1086926,6.586094856262207,6.484248161315918,3.2653329372406006
12-11-1993,6.348452091217041,6.45029878616333,1899544,6.552145957946777,6.518197059631348,3.2824273109436035
15-11-1993,6.484248161315918,6.518197059631348,1296064,6.552145957946777,6.552145957946777,3.2995247840881348
16-11-1993,6.586094856262207,6.687941074371338,8851160,6.755838871002197,6.586094856262207,3.316620349884033
17-11-1993,6.4163498878479,6.484248161315918,4767454,6.552145957946777,6.45029878616333,3.2482357025146484
18-11-1993,6.314503192901611,6.45029878616333,2142188,6.484248161315918,6.484248161315918,3.2653329372406006
19-11-1993,6.382400989532471,6.484248161315918,2522538,6.484248161315918,6.45029878616333,3.2482357025146484
22-11-1993,6.314503192901611,6.45029878616333,1704030,6.45029878616333,6.314503192901611,3.179851531982422
23-11-1993,6.314503192901611,6.348452091217041,2040196,6.45029878616333,6.45029878616333,3.2482357025146484
24-11-1993,6.348452091217041,6.4163498878479,1956247,6.45029878616333,6.382400989532471,3.2140448093414307
26-11-1993,6.348452091217041,6.382400989532471,517321,6.4163498878479,6.4163498878479,3.231140375137329
29-11-1993,6.314503192901611,6.382400989532471,1585837,6.4163498878479,6.314503192901611,3.179851531982422
30-11-1993,6.314503192901611,6.348452091217041,1389955,6.4163498878479,6.4163498878479,3.231140375137329
01-12-1993,6.314503192901611,6.382400989532471,2681601,6.4163498878479,6.348452091217041,3.1969478130340576
02-12-1993,6.246604919433594,6.314503192901611,2346539,6.348452091217041,6.348452091217041,3.2315094470977783
03-12-1993,6.246604919433594,6.280553817749023,2749349,6.348452091217041,6.246604919433594,3.17966628074646
06-12-1993,6.076859951019287,6.280553817749023,3719925,6.314503192901611,6.110808849334717,3.1105446815490723
07-12-1993,6.042911052703857,6.110808849334717,3513364,6.246604919433594,6.178707122802734,3.145104169845581
08-12-1993,6.144758224487305,6.144758224487305,4198953,6.280553817749023,6.212656021118164,3.1623852252960205
09-12-1993,6.178707122802734,6.178707122802734,4377530,6.280553817749023,6.246604919433594,3.17966628074646
10-12-1993,6.144758224487305,6.246604919433594,1819644,6.246604919433594,6.144758224487305,3.127824306488037
13-12-1993,6.110808849334717,6.110808849334717,1951092,6.212656021118164,6.212656021118164,3.1623852252960205
14-12-1993,6.178707122802734,6.212656021118164,3930535,6.314503192901611,6.314503192901611,3.2142281532287598
15-12-1993,6.212656021118164,6.280553817749023,3793196,6.314503192901611,6.246604919433594,3.17966628074646
16-12-1993,6.212656021118164,6.246604919433594,2560463,6.314503192901611,6.246604919433594,3.17966628074646
17-12-1993,6.212656021118164,6.314503192901611,3480595,6.348452091217041,6.280553817749023,3.196948289871216
20-12-1993,6.212656021118164,6.280553817749023,2783960,6.314503192901611,6.280553817749023,3.196948289871216
21-12-1993,6.246604919433594,6.280553817749023,1860515,6.314503192901611,6.314503192901611,3.2142281532287598
22-12-1993,6.314503192901611,6.382400989532471,2685283,6.4163498878479,6.382400989532471,3.2487919330596924
23-12-1993,6.076859951019287,6.178707122802734,5454515,6.280553817749023,6.246604919433594,3.17966628074646
27-12-1993,6.212656021118164,6.246604919433594,2884111,6.348452091217041,6.348452091217041,3.2315094470977783
28-12-1993,6.314503192901611,6.314503192901611,2992730,6.45029878616333,6.4163498878479,3.266070604324341
29-12-1993,6.45029878616333,6.45029878616333,5238381,6.653992176055908,6.653992176055908,3.3870365619659424
30-12-1993,6.552145957946777,6.653992176055908,2390354,6.653992176055908,6.62004280090332,3.369755744934082
31-12-1993,6.552145957946777,6.586094856262207,3028077,6.653992176055908,6.62004280090332,3.369755744934082
03-01-1994,6.484248161315918,6.552145957946777,3222855,6.62004280090332,6.62004280090332,3.369755744934082
04-01-1994,6.552145957946777,6.586094856262207,3965514,6.721889972686768,6.653992176055908,3.3870365619659424
05-01-1994,6.586094856262207,6.653992176055908,2817466,6.687941074371338,6.586094856262207,3.3524746894836426
06-01-1994,6.586094856262207,6.653992176055908,4123840,6.721889972686768,6.62004280090332,3.369755744934082
07-01-1994,6.62004280090332,6.653992176055908,1740850,6.687941074371338,6.653992176055908,3.3870365619659424
10-01-1994,6.552145957946777,6.687941074371338,1405051,6.687941074371338,6.653992176055908,3.3870365619659424
11-01-1994,6.586094856262207,6.62004280090332,1520666,6.653992176055908,6.62004280090332,3.369755744934082
12-01-1994,6.518197059631348,6.62004280090332,1850941,6.653992176055908,6.518197059631348,3.3179144859313965
13-01-1994,6.484248161315918,6.518197059631348,1073303,6.552145957946777,6.518197059631348,3.3179144859313965
14-01-1994,6.484248161315918,6.552145957946777,1779511,6.62004280090332,6.518197059631348,3.3179144859313965
17-01-1994,6.518197059631348,6.552145957946777,665337,6.586094856262207,6.552145957946777,3.3351962566375732
18-01-1994,6.552145957946777,6.552145957946777,2738672,6.721889972686768,6.687941074371338,3.4043169021606445
19-01-1994,6.552145957946777,6.687941074371338,2343961,6.755838871002197,6.62004280090332,3.369755744934082
20-01-1994,6.518197059631348,6.552145957946777,1664632,6.586094856262207,6.518197059631348,3.3179144859313965
21-01-1994,6.4163498878479,6.552145957946777,1973552,6.552145957946777,6.484248161315918,3.3006341457366943
24-01-1994,6.382400989532471,6.484248161315918,1186340,6.484248161315918,6.4163498878479,3.266070604324341
25-01-1994,6.348452091217041,6.4163498878479,1492683,6.45029878616333,6.4163498878479,3.266070604324341
26-01-1994,6.246604919433594,6.4163498878479,2892211,6.45029878616333,6.314503192901611,3.2142281532287598
27-01-1994,6.144758224487305,6.348452091217041,2368631,6.348452091217041,6.314503192901611,3.2142281532287598
28-01-1994,6.246604919433594,6.314503192901611,2276949,6.382400989532471,6.246604919433594,3.17966628074646
31-01-1994,6.212656021118164,6.280553817749023,3434938,6.45029878616333,6.45029878616333,3.283353328704834
01-02-1994,6.4163498878479,6.4163498878479,2952228,6.586094856262207,6.552145957946777,3.3351962566375732
02-02-1994,6.484248161315918,6.518197059631348,2339543,6.62004280090332,6.62004280090332,3.369755744934082
03-02-1994,6.348452091217041,6.586094856262207,2065234,6.586094856262207,6.4163498878479,3.266070604324341
04-02-1994,6.178707122802734,6.45029878616333,2858705,6.45029878616333,6.178707122802734,3.145104169845581
07-02-1994,6.110808849334717,6.110808849334717,3052378,6.280553817749023,6.212656021118164,3.1623852252960205
08-02-1994,6.246604919433594,6.314503192901611,2229083,6.348452091217041,6.348452091217041,3.2315094470977783
09-02-1994,6.348452091217041,6.382400989532471,2005954,6.45029878616333,6.4163498878479,3.266070604324341
10-02-1994,6.382400989532471,6.4163498878479,3110185,6.518197059631348,6.518197059631348,3.3179144859313965
11-02-1994,6.45029878616333,6.484248161315918,1014391,6.518197059631348,6.45029878616333,3.283353328704834
14-02-1994,6.45029878616333,6.484248161315918,1289805,6.484248161315918,6.45029878616333,3.283353328704834
15-02-1994,6.4163498878479,6.45029878616333,2698906,6.484248161315918,6.45029878616333,3.283353328704834
16-02-1994,6.348452091217041,6.4163498878479,1856464,6.484248161315918,6.4163498878479,3.266070604324341
17-02-1994,6.348452091217041,6.45029878616333,5344055,6.518197059631348,6.484248161315918,3.3006341457366943
18-02-1994,6.314503192901611,6.45029878616333,2585132,6.518197059631348,6.4163498878479,3.266070604324341
22-02-1994,6.348452091217041,6.45029878616333,1597252,6.518197059631348,6.518197059631348,3.3179144859313965
23-02-1994,6.212656021118164,6.518197059631348,4916943,6.552145957946777,6.314503192901611,3.2142281532287598
24-02-1994,6.110808849334717,6.246604919433594,4390049,6.246604919433594,6.144758224487305,3.127824306488037
25-02-1994,6.042911052703857,6.110808849334717,2525852,6.144758224487305,6.110808849334717,3.1105446815490723
28-02-1994,6.110808849334717,6.144758224487305,2757082,6.246604919433594,6.178707122802734,3.145104169845581
01-03-1994,6.042911052703857,6.178707122802734,1811176,6.178707122802734,6.076859951019287,3.0932624340057373
02-03-1994,5.9750142097473145,6.008963108062744,1789820,6.178707122802734,6.178707122802734,3.145104169845581
03-03-1994,6.042911052703857,6.110808849334717,1225370,6.144758224487305,6.110808849334717,3.1451051235198975
04-03-1994,6.076859951019287,6.076859951019287,1865301,6.178707122802734,6.110808849334717,3.1451051235198975
07-03-1994,6.110808849334717,6.110808849334717,1164617,6.212656021118164,6.144758224487305,3.162578582763672
08-03-1994,5.941064834594727,6.144758224487305,2060815,6.178707122802734,6.008963108062744,3.09268856048584
09-03-1994,5.9750142097473145,5.9750142097473145,3504528,6.212656021118164,6.178707122802734,3.1800501346588135
10-03-1994,6.144758224487305,6.178707122802734,3161365,6.280553817749023,6.246604919433594,3.2149951457977295
11-03-1994,6.212656021118164,6.212656021118164,3519256,6.348452091217041,6.246604919433594,3.2149951457977295
14-03-1994,6.212656021118164,6.246604919433594,3574854,6.314503192901611,6.246604919433594,3.2149951457977295
15-03-1994,6.246604919433594,6.314503192901611,2697065,6.348452091217041,6.246604919433594,3.2149951457977295
16-03-1994,6.246604919433594,6.314503192901611,1776197,6.314503192901611,6.314503192901611,3.249941825866699
17-03-1994,6.280553817749023,6.280553817749023,1767360,6.348452091217041,6.314503192901611,3.249941825866699
18-03-1994,6.280553817749023,6.314503192901611,5537728,6.484248161315918,6.45029878616333,3.319833755493164
21-03-1994,6.314503192901611,6.4163498878479,1590992,6.45029878616333,6.4163498878479,3.3023600578308105
22-03-1994,6.314503192901611,6.45029878616333,2967692,6.586094856262207,6.518197059631348,3.354779005050659
23-03-1994,6.552145957946777,6.552145957946777,2975792,6.586094856262207,6.552145957946777,3.372252941131592
24-03-1994,6.4163498878479,6.552145957946777,2743826,6.552145957946777,6.45029878616333,3.319833755493164
25-03-1994,6.314503192901611,6.4163498878479,1791661,6.484248161315918,6.348452091217041,3.2674152851104736
28-03-1994,6.246604919433594,6.382400989532471,2211777,6.45029878616333,6.4163498878479,3.3023600578308105
29-03-1994,6.246604919433594,6.4163498878479,2183426,6.45029878616333,6.280553817749023,3.2324700355529785
30-03-1994,6.178707122802734,6.246604919433594,2905834,6.280553817749023,6.212656021118164,3.197523355484009
31-03-1994,5.907115936279297,6.144758224487305,3031391,6.178707122802734,6.144758224487305,3.162578582763672
04-04-1994,5.873167037963867,5.941064834594727,3695623,6.110808849334717,5.9750142097473145,3.075214385986328
05-04-1994,6.110808849334717,6.110808849334717,2328129,6.212656021118164,6.212656021118164,3.197523355484009
06-04-1994,6.008963108062744,6.144758224487305,3371976,6.246604919433594,6.008963108062744,3.09268856048584
07-04-1994,6.008963108062744,6.042911052703857,3021817,6.280553817749023,6.280553817749023,3.2324700355529785
08-04-1994,6.212656021118164,6.246604919433594,2641467,6.314503192901611,6.280553817749023,3.2324700355529785
11-04-1994,6.178707122802734,6.280553817749023,1827377,6.280553817749023,6.246604919433594,3.2149951457977295
12-04-1994,6.110808849334717,6.212656021118164,1624130,6.212656021118164,6.212656021118164,3.197523355484009
13-04-1994,6.110808849334717,6.178707122802734,1647327,6.246604919433594,6.246604919433594,3.2149951457977295
14-04-1994,6.178707122802734,6.178707122802734,1272131,6.280553817749023,6.212656021118164,3.197523355484009
15-04-1994,6.144758224487305,6.178707122802734,1498206,6.212656021118164,6.178707122802734,3.1800501346588135
18-04-1994,6.008963108062744,6.178707122802734,2751559,6.280553817749023,6.246604919433594,3.2149951457977295
19-04-1994,6.212656021118164,6.246604919433594,1741218,6.314503192901611,6.246604919433594,3.2149951457977295
20-04-1994,6.076859951019287,6.212656021118164,1637017,6.212656021118164,6.144758224487305,3.162578582763672
21-04-1994,6.110808849334717,6.212656021118164,1884448,6.246604919433594,6.246604919433594,3.2149951457977295
22-04-1994,6.144758224487305,6.212656021118164,2611643,6.280553817749023,6.178707122802734,3.1800501346588135
25-04-1994,6.110808849334717,6.110808849334717,1949987,6.348452091217041,6.348452091217041,3.2674152851104736
26-04-1994,6.246604919433594,6.348452091217041,1211746,6.348452091217041,6.348452091217041,3.2674152851104736
28-04-1994,6.212656021118164,6.280553817749023,1542390,6.314503192901611,6.246604919433594,3.2149951457977295
29-04-1994,6.212656021118164,6.246604919433594,1542758,6.314503192901611,6.212656021118164,3.197523355484009
02-05-1994,6.144758224487305,6.178707122802734,3579640,6.586094856262207,6.552145957946777,3.372252941131592
03-05-1994,6.518197059631348,6.552145957946777,4421714,6.653992176055908,6.653992176055908,3.424669027328491
04-05-1994,6.586094856262207,6.653992176055908,2419810,6.687941074371338,6.653992176055908,3.424669027328491
05-05-1994,6.552145957946777,6.62004280090332,2424597,6.653992176055908,6.653992176055908,3.424669027328491
06-05-1994,6.484248161315918,6.518197059631348,1780615,6.586094856262207,6.586094856262207,3.3897242546081543
09-05-1994,6.518197059631348,6.552145957946777,1923477,6.586094856262207,6.586094856262207,3.3897242546081543
10-05-1994,6.552145957946777,6.586094856262207,2279158,6.687941074371338,6.687941074371338,3.4421439170837402
11-05-1994,6.62004280090332,6.653992176055908,3337365,6.755838871002197,6.755838871002197,3.47708797454834
12-05-1994,6.721889972686768,6.755838871002197,4236509,6.925583839416504,6.789787769317627,3.494560718536377
13-05-1994,6.823737144470215,6.8576860427856445,3334051,6.959533214569092,6.925583839416504,3.564453601837158
16-05-1994,6.8576860427856445,6.891634941101074,3177566,6.9934821128845215,6.959533214569092,3.5819270610809326
17-05-1994,6.959533214569092,6.959533214569092,4779972,7.129278182983398,7.061379909515381,3.634345054626465
18-05-1994,6.959533214569092,7.027431011199951,2975792,7.061379909515381,7.061379909515381,3.634345054626465
19-05-1994,6.891634941101074,6.9934821128845215,1387378,6.9934821128845215,6.925583839416504,3.564453601837158
20-05-1994,6.755838871002197,6.8576860427856445,3087357,6.8576860427856445,6.823737144470215,3.512033462524414
23-05-1994,6.789787769317627,6.789787769317627,2454053,6.959533214569092,6.959533214569092,3.5819270610809326
24-05-1994,6.925583839416504,6.959533214569092,1389587,7.027431011199951,6.959533214569092,3.5819270610809326
25-05-1994,6.891634941101074,6.891634941101074,1869720,7.027431011199951,7.027431011199951,3.616872787475586
26-05-1994,6.891634941101074,7.027431011199951,1127060,7.027431011199951,6.891634941101074,3.546980619430542
27-05-1994,6.721889972686768,6.8576860427856445,1804548,6.8576860427856445,6.755838871002197,3.47708797454834
31-05-1994,6.721889972686768,6.721889972686768,2060079,7.027431011199951,6.9934821128845215,3.5993995666503906
01-06-1994,6.8576860427856445,6.925583839416504,1618239,7.027431011199951,6.925583839416504,3.564453601837158
02-06-1994,6.925583839416504,6.925583839416504,2375258,7.0953288078308105,7.061379909515381,3.6703274250030518
03-06-1994,7.027431011199951,7.027431011199951,2081435,7.0953288078308105,7.061379909515381,3.6703274250030518
06-06-1994,6.8576860427856445,7.061379909515381,3084780,7.129278182983398,6.8576860427856445,3.564453601837158
07-06-1994,6.8576860427856445,6.8576860427856445,1300114,6.9934821128845215,6.9934821128845215,3.635037660598755
08-06-1994,6.9934821128845215,7.061379909515381,2199627,7.129278182983398,7.0953288078308105,3.687974691390991
09-06-1994,6.9934821128845215,7.0953288078308105,1811176,7.129278182983398,7.027431011199951,3.6526827812194824
10-06-1994,7.061379909515381,7.061379909515381,2338070,7.163227081298828,7.163227081298828,3.7232656478881836
13-06-1994,7.129278182983398,7.129278182983398,1738640,7.163227081298828,7.163227081298828,3.7232656478881836
14-06-1994,7.129278182983398,7.163227081298828,3070052,7.265072822570801,7.197175025939941,3.7409098148345947
15-06-1994,7.061379909515381,7.163227081298828,1279495,7.197175025939941,7.061379909515381,3.6703274250030518
16-06-1994,7.0953288078308105,7.163227081298828,3378971,7.231123924255371,7.163227081298828,3.7232656478881836
17-06-1994,7.0953288078308105,7.163227081298828,4335187,7.231123924255371,7.129278182983398,3.705620765686035
20-06-1994,6.891634941101074,6.9934821128845215,1906171,7.027431011199951,6.925583839416504,3.599745273590088
21-06-1994,6.8576860427856445,6.925583839416504,2307878,6.9934821128845215,6.9934821128845215,3.635037660598755
22-06-1994,7.027431011199951,7.027431011199951,2720998,7.197175025939941,7.197175025939941,3.7409098148345947
23-06-1994,6.925583839416504,7.0953288078308105,2290572,7.163227081298828,6.925583839416504,3.599745273590088
24-06-1994,6.687941074371338,6.925583839416504,2100949,6.925583839416504,6.687941074371338,3.4762234687805176
27-06-1994,6.62004280090332,6.653992176055908,1568164,6.789787769317627,6.755838871002197,3.511514902114868
28-06-1994,6.721889972686768,6.755838871002197,1405788,6.959533214569092,6.959533214569092,3.6173903942108154
29-06-1994,6.8576860427856445,6.8576860427856445,2054924,6.9934821128845215,6.959533214569092,3.6173903942108154
30-06-1994,6.959533214569092,6.9934821128845215,5632724,7.163227081298828,7.129278182983398,3.705620765686035
01-07-1994,7.129278182983398,7.163227081298828,3501214,7.197175025939941,7.197175025939941,3.7409098148345947
05-07-1994,7.197175025939941,7.231123924255371,4690500,7.332971096038818,7.265072822570801,3.77620267868042
06-07-1994,7.129278182983398,7.231123924255371,1606457,7.265072822570801,7.163227081298828,3.7232656478881836
07-07-1994,7.061379909515381,7.197175025939941,1952196,7.197175025939941,7.0953288078308105,3.687974691390991
08-07-1994,6.959533214569092,6.9934821128845215,1853887,7.197175025939941,7.163227081298828,3.7232656478881836
11-07-1994,7.061379909515381,7.129278182983398,1943360,7.231123924255371,7.231123924255371,3.758557081222534
12-07-1994,7.129278182983398,7.231123924255371,1509988,7.231123924255371,7.163227081298828,3.7232656478881836
13-07-1994,7.0953288078308105,7.129278182983398,1076617,7.163227081298828,7.0953288078308105,3.687974691390991
14-07-1994,7.0953288078308105,7.0953288078308105,2955910,7.265072822570801,7.231123924255371,3.758557081222534
15-07-1994,7.0953288078308105,7.197175025939941,3620879,7.197175025939941,7.0953288078308105,3.687974691390991
18-07-1994,7.061379909515381,7.129278182983398,1791661,7.197175025939941,7.163227081298828,3.7232656478881836
19-07-1994,7.129278182983398,7.163227081298828,788316,7.197175025939941,7.129278182983398,3.705620765686035
20-07-1994,7.061379909515381,7.0953288078308105,1550490,7.163227081298828,7.163227081298828,3.7232656478881836
21-07-1994,7.0953288078308105,7.129278182983398,1426039,7.197175025939941,7.197175025939941,3.7409098148345947
22-07-1994,6.9934821128845215,7.061379909515381,2955173,7.129278182983398,7.129278182983398,3.705620765686035
25-07-1994,7.129278182983398,7.129278182983398,2032096,7.400868892669678,7.332971096038818,3.811493158340454
26-07-1994,7.197175025939941,7.299022197723389,2036882,7.299022197723389,7.197175025939941,3.7409098148345947
27-07-1994,6.925583839416504,7.197175025939941,3623824,7.197175025939941,6.925583839416504,3.599745273590088
28-07-1994,6.8576860427856445,6.959533214569092,3784360,6.9934821128845215,6.959533214569092,3.6173903942108154
29-07-1994,6.959533214569092,7.027431011199951,2127460,7.163227081298828,7.163227081298828,3.7232656478881836
01-08-1994,7.129278182983398,7.129278182983398,1459913,7.197175025939941,7.197175025939941,3.7409098148345947
02-08-1994,7.129278182983398,7.129278182983398,1894389,7.265072822570801,7.265072822570801,3.77620267868042
03-08-1994,7.129278182983398,7.163227081298828,925287,7.197175025939941,7.197175025939941,3.7409098148345947
04-08-1994,7.0953288078308105,7.129278182983398,1402842,7.231123924255371,7.163227081298828,3.7232656478881836
05-08-1994,7.027431011199951,7.0953288078308105,1321102,7.163227081298828,7.027431011199951,3.6526827812194824
08-08-1994,6.959533214569092,7.027431011199951,1275445,7.027431011199951,6.9934821128845215,3.635037660598755
09-08-1994,6.959533214569092,6.959533214569092,1142893,7.129278182983398,7.0953288078308105,3.687974691390991
10-08-1994,7.061379909515381,7.0953288078308105,1413520,7.197175025939941,7.163227081298828,3.7232656478881836
11-08-1994,7.129278182983398,7.129278182983398,1833636,7.265072822570801,7.129278182983398,3.705620765686035
12-08-1994,7.129278182983398,7.129278182983398,1462490,7.197175025939941,7.163227081298828,3.7232656478881836
15-08-1994,7.163227081298828,7.163227081298828,2603542,7.400868892669678,7.332971096038818,3.811493158340454
16-08-1994,7.332971096038818,7.332971096038818,2783224,7.468767166137695,7.468767166137695,3.8820762634277344
17-08-1994,7.434817790985107,7.434817790985107,2732412,7.570613861083984,7.570613861083984,3.9350178241729736
18-08-1994,7.366919994354248,7.570613861083984,2408028,7.570613861083984,7.366919994354248,3.829139232635498
19-08-1994,7.299022197723389,7.366919994354248,1392532,7.400868892669678,7.366919994354248,3.829139232635498
22-08-1994,7.299022197723389,7.332971096038818,1603879,7.502716064453125,7.502716064453125,3.899723529815674
23-08-1994,7.502716064453125,7.502716064453125,2144029,7.604563236236572,7.502716064453125,3.899723529815674
24-08-1994,7.502716064453125,7.536664962768555,2135560,7.638512134552002,7.570613861083984,3.9350178241729736
25-08-1994,7.400868892669678,7.536664962768555,1296432,7.570613861083984,7.400868892669678,3.8467862606048584
26-08-1994,7.366919994354248,7.434817790985107,1386641,7.604563236236572,7.536664962768555,3.9173715114593506
29-08-1994,7.536664962768555,7.536664962768555,2829617,7.808256149291992,7.774306774139404,4.040889739990234
30-08-1994,7.638512134552002,7.808256149291992,1283913,7.808256149291992,7.706409931182861,4.005598545074463
31-08-1994,7.604563236236572,7.604563236236572,1576264,7.706409931182861,7.706409931182861,4.0429301261901855
01-09-1994,7.604563236236572,7.672461032867432,2153234,7.706409931182861,7.672461032867432,4.025119781494141
02-09-1994,7.638512134552002,7.638512134552002,1256667,7.706409931182861,7.672461032867432,4.025119781494141
06-09-1994,7.604563236236572,7.638512134552002,885889,7.672461032867432,7.672461032867432,4.025119781494141
07-09-1994,7.638512134552002,7.638512134552002,1718758,7.706409931182861,7.672461032867432,4.025119781494141
08-09-1994,7.672461032867432,7.672461032867432,1327361,7.706409931182861,7.672461032867432,4.025119781494141
09-09-1994,7.536664962768555,7.638512134552002,2753768,7.672461032867432,7.536664962768555,3.953878164291382
12-09-1994,7.502716064453125,7.536664962768555,1799762,7.604563236236572,7.604563236236572,3.9894983768463135
13-09-1994,7.570613861083984,7.570613861083984,1662055,7.638512134552002,7.604563236236572,3.9894983768463135
14-09-1994,7.502716064453125,7.570613861083984,1294223,7.604563236236572,7.536664962768555,3.953878164291382
15-09-1994,7.536664962768555,7.570613861083984,2139610,7.774306774139404,7.774306774139404,4.078548908233643
16-09-1994,7.604563236236572,7.706409931182861,2588446,7.706409931182861,7.706409931182861,4.0429301261901855
19-09-1994,7.536664962768555,7.672461032867432,1092818,7.740358829498291,7.570613861083984,3.9716880321502686
20-09-1994,7.332971096038818,7.434817790985107,3367189,7.536664962768555,7.332971096038818,3.8470160961151123
21-09-1994,7.332971096038818,7.366919994354248,1727226,7.434817790985107,7.434817790985107,3.900446891784668
22-09-1994,7.400868892669678,7.434817790985107,1667946,7.604563236236572,7.536664962768555,3.953878164291382
23-09-1994,7.468767166137695,7.536664962768555,1519193,7.536664962768555,7.536664962768555,3.953878164291382
26-09-1994,7.366919994354248,7.468767166137695,3014822,7.468767166137695,7.434817790985107,3.900446891784668
27-09-1994,7.265072822570801,7.434817790985107,4137832,7.434817790985107,7.434817790985107,3.900446891784668
28-09-1994,7.400868892669678,7.434817790985107,3987238,7.570613861083984,7.570613861083984,3.9716880321502686
29-09-1994,7.536664962768555,7.570613861083984,1664264,7.638512134552002,7.638512134552002,4.0073089599609375
30-09-1994,7.536664962768555,7.604563236236572,2155811,7.672461032867432,7.638512134552002,4.0073089599609375
03-10-1994,7.604563236236572,7.706409931182861,1750055,7.706409931182861,7.604563236236572,3.9894983768463135
04-10-1994,7.468767166137695,7.604563236236572,2628212,7.638512134552002,7.536664962768555,3.953878164291382
05-10-1994,7.366919994354248,7.570613861083984,2152865,7.570613861083984,7.468767166137695,3.9182543754577637
06-10-1994,7.400868892669678,7.468767166137695,1318892,7.468767166137695,7.434817790985107,3.900446891784668
07-10-1994,7.332971096038818,7.400868892669678,2103527,7.434817790985107,7.366919994354248,3.8648264408111572
10-10-1994,7.332971096038818,7.366919994354248,1002609,7.434817790985107,7.400868892669678,3.882636785507202
11-10-1994,7.434817790985107,7.434817790985107,2674237,7.536664962768555,7.536664962768555,3.953878164291382
12-10-1994,7.502716064453125,7.570613861083984,1130742,7.570613861083984,7.502716064453125,3.936068296432495
13-10-1994,7.570613861083984,7.570613861083984,2524379,7.706409931182861,7.638512134552002,4.0073089599609375
14-10-1994,7.502716064453125,7.638512134552002,1414993,7.638512134552002,7.536664962768555,3.953878164291382
17-10-1994,7.468767166137695,7.536664962768555,832132,7.536664962768555,7.468767166137695,3.9182543754577637
18-10-1994,7.366919994354248,7.468767166137695,1357922,7.502716064453125,7.468767166137695,3.9182543754577637
19-10-1994,7.366919994354248,7.434817790985107,1308583,7.502716064453125,7.400868892669678,3.882636785507202
20-10-1994,7.265072822570801,7.366919994354248,1846155,7.400868892669678,7.299022197723389,3.8292059898376465
21-10-1994,7.0953288078308105,7.231123924255371,2022523,7.299022197723389,7.299022197723389,3.8292059898376465
24-10-1994,7.197175025939941,7.265072822570801,1131479,7.299022197723389,7.197175025939941,3.7757747173309326
25-10-1994,6.45029878616333,7.163227081298828,14061558,7.163227081298828,6.789787769317627,3.5620503425598145
26-10-1994,6.721889972686768,6.789787769317627,4595872,6.891634941101074,6.755838871002197,3.5442402362823486
27-10-1994,6.721889972686768,6.755838871002197,5201561,6.9934821128845215,6.925583839416504,3.6332945823669434
28-10-1994,6.925583839416504,6.925583839416504,2838822,7.129278182983398,7.0953288078308105,3.722343683242798
31-10-1994,7.027431011199951,7.061379909515381,1571846,7.0953288078308105,7.061379909515381,3.704535484313965
01-11-1994,7.061379909515381,7.061379909515381,3477281,7.231123924255371,7.061379909515381,3.704535484313965
02-11-1994,7.027431011199951,7.027431011199951,1924950,7.129278182983398,7.061379909515381,3.704535484313965
03-11-1994,7.027431011199951,7.061379909515381,1803075,7.129278182983398,7.061379909515381,3.704535484313965
04-11-1994,7.061379909515381,7.061379909515381,4711487,7.400868892669678,7.366919994354248,3.8648264408111572
07-11-1994,7.231123924255371,7.265072822570801,3899606,7.383894920349121,7.332971096038818,3.8470160961151123
08-11-1994,7.366919994354248,7.366919994354248,6622813,7.638512134552002,7.604563236236572,3.9894983768463135
09-11-1994,7.570613861083984,7.638512134552002,6879817,7.740358829498291,7.570613861083984,3.9716880321502686
10-11-1994,7.502716064453125,7.536664962768555,1423093,7.570613861083984,7.536664962768555,3.953878164291382
11-11-1994,7.434817790985107,7.468767166137695,1004818,7.536664962768555,7.468767166137695,3.9182543754577637
14-11-1994,7.468767166137695,7.536664962768555,1008132,7.570613861083984,7.502716064453125,3.936068296432495
15-11-1994,7.366919994354248,7.434817790985107,2379677,7.502716064453125,7.468767166137695,3.9182543754577637
16-11-1994,7.332971096038818,7.434817790985107,1295328,7.468767166137695,7.400868892669678,3.882636785507202
17-11-1994,7.265072822570801,7.332971096038818,5292139,7.366919994354248,7.332971096038818,3.8470160961151123
18-11-1994,7.299022197723389,7.299022197723389,3654385,7.349946022033691,7.299022197723389,3.8292059898376465
21-11-1994,7.197175025939941,7.299022197723389,1359763,7.299022197723389,7.231123924255371,3.7935853004455566
22-11-1994,6.891634941101074,7.163227081298828,3958150,7.197175025939941,7.027431011199951,3.6867241859436035
23-11-1994,6.823737144470215,6.823737144470215,2456262,7.027431011199951,7.027431011199951,3.6867241859436035
25-11-1994,6.9934821128845215,7.027431011199951,657237,7.129278182983398,7.061379909515381,3.704535484313965
28-11-1994,6.925583839416504,7.027431011199951,895094,7.061379909515381,7.027431011199951,3.6867241859436035
29-11-1994,6.925583839416504,6.9934821128845215,1051579,7.027431011199951,7.027431011199951,3.6867241859436035
30-11-1994,6.959533214569092,6.9934821128845215,2292045,7.027431011199951,6.9934821128845215,3.6689131259918213
01-12-1994,6.789787769317627,6.891634941101074,1582524,6.9934821128845215,6.959533214569092,3.688633441925049
02-12-1994,6.823737144470215,6.959533214569092,1783929,7.027431011199951,6.891634941101074,3.6526479721069336
05-12-1994,6.823737144470215,6.823737144470215,2112363,6.891634941101074,6.891634941101074,3.6526479721069336
06-12-1994,6.8576860427856445,6.8576860427856445,1330307,7.027431011199951,7.027431011199951,3.724618434906006
07-12-1994,6.9934821128845215,6.9934821128845215,1584365,7.0953288078308105,7.027431011199951,3.724618434906006
08-12-1994,6.891634941101074,6.959533214569092,2747877,7.027431011199951,6.891634941101074,3.6526479721069336
09-12-1994,6.8576860427856445,6.891634941101074,2774387,6.925583839416504,6.925583839416504,3.6706414222717285
12-12-1994,6.8576860427856445,6.8576860427856445,1779142,7.061379909515381,7.061379909515381,3.74261474609375
13-12-1994,6.9934821128845215,7.027431011199951,1861619,7.0953288078308105,7.027431011199951,3.724618434906006
14-12-1994,7.027431011199951,7.027431011199951,3552025,7.265072822570801,7.197175025939941,3.814587354660034
15-12-1994,7.129278182983398,7.197175025939941,1690774,7.265072822570801,7.231123924255371,3.8325798511505127
16-12-1994,7.231123924255371,7.265072822570801,5169160,7.536664962768555,7.536664962768555,3.994520902633667
19-12-1994,7.400868892669678,7.434817790985107,1392901,7.468767166137695,7.434817790985107,3.940540313720703
20-12-1994,7.400868892669678,7.400868892669678,1775829,7.570613861083984,7.536664962768555,3.994520902633667
21-12-1994,7.502716064453125,7.536664962768555,3320059,7.672461032867432,7.536664962768555,3.994520902633667
22-12-1994,7.434817790985107,7.536664962768555,2762973,7.570613861083984,7.536664962768555,3.994520902633667
23-12-1994,7.502716064453125,7.502716064453125,768802,7.604563236236572,7.536664962768555,3.994520902633667
27-12-1994,7.502716064453125,7.570613861083984,703630,7.604563236236572,7.536664962768555,3.994520902633667
28-12-1994,7.502716064453125,7.536664962768555,2935659,7.638512134552002,7.638512134552002,4.048501014709473
29-12-1994,7.604563236236572,7.604563236236572,2913567,7.808256149291992,7.740358829498291,4.102480888366699
30-12-1994,7.672461032867432,7.740358829498291,2555308,7.842205047607422,7.672461032867432,4.066493034362793
03-01-1995,7.536664962768555,7.638512134552002,3045014,7.638512134552002,7.638512134552002,4.048501014709473
04-01-1995,7.570613861083984,7.672461032867432,1447026,7.740358829498291,7.740358829498291,4.102480888366699
05-01-1995,7.672461032867432,7.740358829498291,1587310,7.774306774139404,7.740358829498291,4.102480888366699
06-01-1995,7.638512134552002,7.672461032867432,2541316,7.842205047607422,7.808256149291992,4.138467311859131
09-01-1995,7.638512134552002,7.774306774139404,2680128,7.842205047607422,7.672461032867432,4.066493034362793
10-01-1995,7.604563236236572,7.706409931182861,2713266,7.706409931182861,7.604563236236572,4.030506610870361
11-01-1995,7.502716064453125,7.604563236236572,1415361,7.604563236236572,7.570613861083984,4.012515068054199
12-01-1995,7.434817790985107,7.502716064453125,2876010,7.536664962768555,7.434817790985107,3.940540313720703
13-01-1995,7.332971096038818,7.468767166137695,2635207,7.468767166137695,7.434817790985107,3.940540313720703
16-01-1995,7.366919994354248,7.400868892669678,2497132,7.502716064453125,7.468767166137695,3.958533763885498
17-01-1995,7.468767166137695,7.468767166137695,1504097,7.604563236236572,7.604563236236572,4.030506610870361
18-01-1995,7.468767166137695,7.570613861083984,2194472,7.604563236236572,7.502716064453125,3.9765288829803467
19-01-1995,7.434817790985107,7.468767166137695,1850205,7.502716064453125,7.502716064453125,3.9765288829803467
20-01-1995,7.366919994354248,7.468767166137695,2602069,7.468767166137695,7.400868892669678,3.9225480556488037
23-01-1995,7.332971096038818,7.332971096038818,1982757,7.434817790985107,7.366919994354248,3.904553174972534
24-01-1995,7.265072822570801,7.400868892669678,2669082,7.400868892669678,7.366919994354248,3.904553174972534
25-01-1995,7.366919994354248,7.366919994354248,2304196,7.502716064453125,7.502716064453125,3.9765288829803467
26-01-1995,7.468767166137695,7.502716064453125,1797921,7.570613861083984,7.502716064453125,3.9765288829803467
27-01-1995,7.570613861083984,7.570613861083984,5373879,7.774306774139404,7.706409931182861,4.084488391876221
30-01-1995,7.706409931182861,7.740358829498291,2620479,7.842205047607422,7.842205047607422,4.156459808349609
31-01-1995,7.774306774139404,7.842205047607422,4932775,8.01194953918457,8.01194953918457,4.246427059173584
01-02-1995,7.910102844238281,8.113797187805176,6718545,8.113797187805176,7.944052219390869,4.2104411125183105
02-02-1995,7.808256149291992,7.910102844238281,2028414,7.978001117706299,7.944052219390869,4.2104411125183105
03-02-1995,7.876153945922852,7.944052219390869,2436011,7.978001117706299,7.978001117706299,4.228433132171631
06-02-1995,7.876153945922852,7.944052219390869,2730939,7.944052219390869,7.944052219390869,4.2104411125183105
07-02-1995,7.910102844238281,7.910102844238281,1780615,7.978001117706299,7.910102844238281,4.192446708679199
08-02-1995,7.808256149291992,7.910102844238281,2753031,7.910102844238281,7.842205047607422,4.156459808349609
09-02-1995,7.672461032867432,7.842205047607422,4190116,7.876153945922852,7.842205047607422,4.156459808349609
10-02-1995,7.808256149291992,7.842205047607422,3045382,7.910102844238281,7.876153945922852,4.1744537353515625
13-02-1995,7.910102844238281,7.944052219390869,5223285,8.181694984436035,8.147746086120605,4.318400859832764
14-02-1995,8.079848289489746,8.147746086120605,3667640,8.215643882751465,8.113797187805176,4.3004069328308105
15-02-1995,8.045899391174316,8.045899391174316,7080486,8.351439476013184,8.249592781066895,4.372379302978516
16-02-1995,8.317489624023438,8.351439476013184,7301038,8.453286170959473,8.385388374328613,4.444355010986328
17-02-1995,8.351439476013184,8.419337272644043,5861744,8.487235069274902,8.419337272644043,4.462347030639648
21-02-1995,8.385388374328613,8.419337272644043,3712561,8.453286170959473,8.453286170959473,4.480340480804443
22-02-1995,8.419337272644043,8.419337272644043,4082602,8.521183967590332,8.487235069274902,4.498333930969238
23-02-1995,8.419337272644043,8.487235069274902,3723607,8.589081764221191,8.555132865905762,4.5343217849731445
24-02-1995,8.487235069274902,8.487235069274902,2032832,8.555132865905762,8.555132865905762,4.5343217849731445
27-02-1995,8.385388374328613,8.419337272644043,2980211,8.453286170959473,8.419337272644043,4.462347030639648
28-02-1995,8.385388374328613,8.385388374328613,2539844,8.453286170959473,8.453286170959473,4.480340480804443
01-03-1995,8.317489624023438,8.385388374328613,1428616,8.453286170959473,8.351439476013184,4.426360607147217
02-03-1995,8.351439476013184,8.351439476013184,5185361,8.453286170959473,8.453286170959473,4.480340480804443
03-03-1995,8.385388374328613,8.385388374328613,1951092,8.487235069274902,8.487235069274902,4.498333930969238
06-03-1995,8.385388374328613,8.419337272644043,1639226,8.453286170959473,8.419337272644043,4.462347030639648
07-03-1995,8.351439476013184,8.419337272644043,5504222,8.453286170959473,8.385388374328613,4.444355010986328
08-03-1995,8.385388374328613,8.385388374328613,2458471,8.487235069274902,8.453286170959473,4.480340480804443
09-03-1995,8.385388374328613,8.419337272644043,2851341,8.453286170959473,8.419337272644043,4.500228404998779
10-03-1995,8.419337272644043,8.419337272644043,2060079,8.589081764221191,8.589081764221191,4.5909600257873535
13-03-1995,8.623030662536621,8.623030662536621,4077447,8.928570747375488,8.928570747375488,4.772420883178711
14-03-1995,8.894621849060059,8.928570747375488,3144796,8.996468544006348,8.928570747375488,4.772420883178711
15-03-1995,8.928570747375488,8.962519645690918,3535825,9.030418395996094,8.996468544006348,4.808713436126709
16-03-1995,8.928570747375488,9.030418395996094,4648893,9.064367294311523,8.962519645690918,4.790565013885498
17-03-1995,8.996468544006348,8.996468544006348,3616092,9.166213989257812,9.064367294311523,4.845004558563232
20-03-1995,9.030418395996094,9.030418395996094,2111259,9.166213989257812,9.166213989257812,4.899442195892334
21-03-1995,9.166213989257812,9.166213989257812,3072261,9.335959434509277,9.234111785888672,4.935734272003174
22-03-1995,8.962519645690918,9.234111785888672,2611274,9.234111785888672,9.098316192626953,4.863150119781494
23-03-1995,8.962519645690918,9.098316192626953,1789452,9.098316192626953,9.064367294311523,4.845004558563232
24-03-1995,9.098316192626953,9.132265090942383,2489768,9.268060684204102,9.200162887573242,4.917590618133545
27-03-1995,9.200162887573242,9.200162887573242,3330001,9.47175407409668,9.403857231140137,5.026466369628906
28-03-1995,9.132265090942383,9.403857231140137,9471577,9.437806129455566,9.234111785888672,4.935734272003174
29-03-1995,8.928570747375488,9.200162887573242,3959623,9.302009582519531,8.962519645690918,4.790565013885498
30-03-1995,8.928570747375488,8.996468544006348,2826303,8.996468544006348,8.962519645690918,4.790565013885498
31-03-1995,8.690929412841797,8.894621849060059,3721397,8.894621849060059,8.894621849060059,4.754273414611816
03-04-1995,8.860673904418945,8.860673904418945,1400265,8.962519645690918,8.962519645690918,4.790565013885498
04-04-1995,8.928570747375488,8.962519645690918,1236784,9.030418395996094,9.030418395996094,4.8268585205078125
05-04-1995,8.996468544006348,9.030418395996094,1369704,9.098316192626953,9.064367294311523,4.845004558563232
06-04-1995,8.962519645690918,9.030418395996094,1482005,9.064367294311523,9.064367294311523,4.845004558563232
07-04-1995,9.030418395996094,9.064367294311523,2017368,9.132265090942383,9.098316192626953,4.863150119781494
10-04-1995,9.064367294311523,9.064367294311523,3883405,9.302009582519531,9.234111785888672,4.935734272003174
11-04-1995,9.098316192626953,9.268060684204102,2939709,9.268060684204102,9.098316192626953,4.863150119781494
12-04-1995,9.064367294311523,9.098316192626953,878893,9.166213989257812,9.098316192626953,4.863150119781494
13-04-1995,9.098316192626953,9.132265090942383,1558591,9.268060684204102,9.268060684204102,4.953883171081543
17-04-1995,9.302009582519531,9.335959434509277,2488664,9.47175407409668,9.437806129455566,5.044611930847168
18-04-1995,9.335959434509277,9.437806129455566,2186740,9.437806129455566,9.335959434509277,4.990174770355225
19-04-1995,8.928570747375488,9.369908332824707,3075575,9.437806129455566,8.962519645690918,4.790565013885498
20-04-1995,8.860673904418945,8.962519645690918,2813048,9.166213989257812,9.098316192626953,4.863150119781494
21-04-1995,9.030418395996094,9.132265090942383,2267376,9.200162887573242,9.200162887573242,4.917590618133545
24-04-1995,9.098316192626953,9.200162887573242,1165353,9.234111785888672,9.234111785888672,4.935734272003174
25-04-1995,9.132265090942383,9.234111785888672,1134056,9.268060684204102,9.132265090942383,4.881299018859863
26-04-1995,9.030418395996094,9.132265090942383,2692278,9.166213989257812,9.030418395996094,4.8268585205078125
27-04-1995,8.826725006103516,9.030418395996094,3292813,9.064367294311523,8.928570747375488,4.772420883178711
28-04-1995,8.996468544006348,9.030418395996094,3082202,9.47175407409668,9.437806129455566,5.044611930847168
01-05-1995,9.268060684204102,9.369908332824707,2211409,9.403857231140137,9.302009582519531,4.9720258712768555
02-05-1995,9.234111785888672,9.268060684204102,1704766,9.335959434509277,9.335959434509277,4.990174770355225
03-05-1995,9.302009582519531,9.335959434509277,1723912,9.403857231140137,9.302009582519531,4.9720258712768555
04-05-1995,9.302009582519531,9.369908332824707,5335218,9.50570297241211,9.335959434509277,4.990174770355225
05-05-1995,9.369908332824707,9.403857231140137,2624161,9.50570297241211,9.437806129455566,5.044611930847168
08-05-1995,9.403857231140137,9.437806129455566,1973920,9.607549667358398,9.607549667358398,5.135341644287109
09-05-1995,9.573600769042969,9.573600769042969,2896629,9.675448417663574,9.573600769042969,5.117195129394531
10-05-1995,9.403857231140137,9.573600769042969,4118685,9.607549667358398,9.47175407409668,5.062758922576904
11-05-1995,9.47175407409668,9.50570297241211,5590012,9.573600769042969,9.539651870727539,5.099048614501953
12-05-1995,9.132265090942383,9.539651870727539,5802464,9.539651870727539,9.234111785888672,4.935734272003174
15-05-1995,9.030418395996094,9.200162887573242,2035410,9.268060684204102,9.098316192626953,4.863150119781494
16-05-1995,9.098316192626953,9.098316192626953,1621185,9.302009582519531,9.234111785888672,4.935734272003174
17-05-1995,9.166213989257812,9.234111785888672,1651745,9.234111785888672,9.234111785888672,4.935734272003174
18-05-1995,9.098316192626953,9.200162887573242,1512197,9.234111785888672,9.132265090942383,4.881299018859863
19-05-1995,9.030418395996094,9.030418395996094,2385936,9.166213989257812,9.132265090942383,4.881299018859863
22-05-1995,9.098316192626953,9.166213989257812,1389219,9.200162887573242,9.132265090942383,4.881299018859863
23-05-1995,8.962519645690918,9.098316192626953,2433066,9.234111785888672,9.234111785888672,4.935734272003174
24-05-1995,9.200162887573242,9.234111785888672,2146238,9.335959434509277,9.268060684204102,4.953883171081543
25-05-1995,9.234111785888672,9.268060684204102,1771410,9.50570297241211,9.403857231140137,5.026466369628906
26-05-1995,9.403857231140137,9.437806129455566,2213987,9.47175407409668,9.437806129455566,5.044611930847168
30-05-1995,9.369908332824707,9.47175407409668,3482067,9.47175407409668,9.369908332824707,5.008318901062012
31-05-1995,9.335959434509277,9.369908332824707,2983525,9.47175407409668,9.47175407409668,5.062758922576904
01-06-1995,9.437806129455566,9.437806129455566,897303,9.47175407409668,9.437806129455566,5.044611930847168
02-06-1995,9.369908332824707,9.437806129455566,1323311,9.50570297241211,9.437806129455566,5.044611930847168
05-06-1995,9.403857231140137,9.437806129455566,1088767,9.573600769042969,9.50570297241211,5.080903053283691
06-06-1995,9.403857231140137,9.50570297241211,1789452,9.539651870727539,9.437806129455566,5.044611930847168
07-06-1995,9.268060684204102,9.403857231140137,1895125,9.47175407409668,9.335959434509277,4.990174770355225
08-06-1995,9.302009582519531,9.302009582519531,1142525,9.403857231140137,9.369908332824707,5.008318901062012
09-06-1995,9.234111785888672,9.369908332824707,1127060,9.403857231140137,9.335959434509277,4.990174770355225
12-06-1995,9.234111785888672,9.268060684204102,1649904,9.437806129455566,9.302009582519531,5.013153553009033
13-06-1995,9.335959434509277,9.369908332824707,996717,9.47175407409668,9.369908332824707,5.049745559692383
14-06-1995,9.268060684204102,9.369908332824707,717622,9.403857231140137,9.403857231140137,5.0680437088012695
15-06-1995,9.302009582519531,9.403857231140137,989353,9.437806129455566,9.302009582519531,5.013153553009033
16-06-1995,9.369908332824707,9.403857231140137,3730234,9.573600769042969,9.573600769042969,5.159522533416748
19-06-1995,9.47175407409668,9.539651870727539,1438926,9.539651870727539,9.50570297241211,5.122929573059082
20-06-1995,9.50570297241211,9.50570297241211,4035472,9.845192909240723,9.777295112609863,5.2692975997924805
21-06-1995,9.777295112609863,9.777295112609863,3227641,10.0488862991333,9.947039604187012,5.360782146453857
22-06-1995,9.879141807556152,10.014938354492188,2328865,10.0488862991333,10.014938354492188,5.397373676300049
23-06-1995,9.811244010925293,9.947039604187012,1299378,9.980989456176758,9.845192909240723,5.3058929443359375
26-06-1995,9.641498565673828,9.845192909240723,2603174,9.879141807556152,9.709397315979004,5.2327070236206055
27-06-1995,9.607549667358398,9.675448417663574,2223560,9.811244010925293,9.777295112609863,5.2692975997924805
28-06-1995,9.47175407409668,9.675448417663574,2135560,9.709397315979004,9.607549667358398,5.177819728851318
29-06-1995,9.539651870727539,9.539651870727539,1508147,9.709397315979004,9.675448417663574,5.214411735534668
30-06-1995,9.777295112609863,9.777295112609863,2159125,9.980989456176758,9.879141807556152,5.32418966293335
03-07-1995,9.777295112609863,9.811244010925293,692216,9.845192909240723,9.794268608093262,5.278448104858398
05-07-1995,9.675448417663574,9.811244010925293,1157989,9.845192909240723,9.675448417663574,5.214411735534668
06-07-1995,9.573600769042969,9.675448417663574,1881134,9.743346214294434,9.641498565673828,5.196115016937256
07-07-1995,9.302009582519531,9.607549667358398,2272530,9.607549667358398,9.403857231140137,5.0680437088012695
10-07-1995,9.234111785888672,9.403857231140137,2535793,9.437806129455566,9.335959434509277,5.031450271606445
11-07-1995,9.302009582519531,9.302009582519531,1846523,9.573600769042969,9.50570297241211,5.122929573059082
12-07-1995,9.403857231140137,9.539651870727539,1782456,9.573600769042969,9.47175407409668,5.104636192321777
13-07-1995,9.166213989257812,9.403857231140137,2418338,9.403857231140137,9.335959434509277,5.031450271606445
14-07-1995,9.200162887573242,9.302009582519531,1833268,9.369908332824707,9.234111785888672,4.976560592651367
17-07-1995,9.200162887573242,9.234111785888672,2075543,9.47175407409668,9.437806129455566,5.086338520050049
18-07-1995,9.47175407409668,9.50570297241211,4475103,9.845192909240723,9.709397315979004,5.2327070236206055
19-07-1995,9.47175407409668,9.641498565673828,4331505,9.777295112609863,9.777295112609863,5.2692975997924805
20-07-1995,9.573600769042969,9.675448417663574,4564207,9.709397315979004,9.641498565673828,5.196115016937256
21-07-1995,9.641498565673828,9.709397315979004,3380812,9.777295112609863,9.777295112609863,5.2692975997924805
24-07-1995,9.641498565673828,9.675448417663574,1058575,9.743346214294434,9.709397315979004,5.2327070236206055
25-07-1995,9.777295112609863,9.777295112609863,1700348,9.947039604187012,9.947039604187012,5.360782146453857
26-07-1995,9.947039604187012,9.947039604187012,3041700,10.18468189239502,9.947039604187012,5.360782146453857
27-07-1995,9.947039604187012,9.980989456176758,1464700,10.252579689025879,10.21863079071045,5.507150650024414
28-07-1995,10.15073299407959,10.18468189239502,1240098,10.252579689025879,10.252579689025879,5.525446891784668
31-07-1995,10.08283519744873,10.21863079071045,1311160,10.252579689025879,10.11678409576416,5.452260494232178
01-08-1995,10.08283519744873,10.15073299407959,1748214,10.21863079071045,10.11678409576416,5.452260494232178
02-08-1995,9.811244010925293,10.08283519744873,1836213,10.11678409576416,9.913090705871582,5.342483997344971
03-08-1995,9.845192909240723,9.845192909240723,1076617,10.0488862991333,10.0488862991333,5.4156694412231445
04-08-1995,10.014938354492188,10.014938354492188,891412,10.18468189239502,10.18468189239502,5.488852500915527
07-08-1995,10.08283519744873,10.18468189239502,831027,10.21863079071045,10.18468189239502,5.488852500915527
08-08-1995,10.014938354492188,10.18468189239502,1912799,10.18468189239502,10.18468189239502,5.488852500915527
09-08-1995,10.08283519744873,10.11678409576416,988617,10.15073299407959,10.11678409576416,5.452260494232178
10-08-1995,10.15073299407959,10.15073299407959,1744532,10.354427337646484,10.320478439331055,5.562037944793701
11-08-1995,10.15073299407959,10.320478439331055,2808998,10.320478439331055,10.15073299407959,5.470557689666748
14-08-1995,10.11678409576416,10.15073299407959,1110491,10.21863079071045,10.18468189239502,5.488852500915527
15-08-1995,10.08283519744873,10.15073299407959,1296064,10.320478439331055,10.15073299407959,5.470557689666748
16-08-1995,10.014938354492188,10.15073299407959,1930473,10.18468189239502,10.11678409576416,5.452260494232178
17-08-1995,10.0488862991333,10.11678409576416,1692615,10.18468189239502,10.08283519744873,5.433966159820557
18-08-1995,10.08283519744873,10.11678409576416,1809703,10.15073299407959,10.08283519744873,5.433966159820557
21-08-1995,10.08283519744873,10.08283519744873,1043111,10.18468189239502,10.11678409576416,5.452260494232178
22-08-1995,10.11678409576416,10.11678409576416,711731,10.18468189239502,10.15073299407959,5.470557689666748
23-08-1995,10.08283519744873,10.11678409576416,926759,10.21863079071045,10.18468189239502,5.488852500915527
24-08-1995,10.15073299407959,10.21863079071045,1354240,10.21863079071045,10.18468189239502,5.488852500915527
25-08-1995,10.21863079071045,10.21863079071045,1315947,10.354427337646484,10.320478439331055,5.562037944793701
28-08-1995,10.320478439331055,10.354427337646484,2808998,10.490222930908203,10.422325134277344,5.616926670074463
29-08-1995,10.456274032592773,10.456274032592773,2802002,10.558120727539062,10.558120727539062,5.6901140213012695
30-08-1995,10.524171829223633,10.524171829223633,1882607,10.626017570495605,10.592069625854492,5.708407878875732
31-08-1995,10.558120727539062,10.592069625854492,1863092,10.76181411743164,10.592069625854492,5.708407878875732
01-09-1995,10.490222930908203,10.592069625854492,1269922,10.592069625854492,10.524171829223633,5.67181396484375
05-09-1995,10.490222930908203,10.558120727539062,1319629,10.558120727539062,10.524171829223633,5.67181396484375
06-09-1995,10.456274032592773,10.456274032592773,5364674,10.693916320800781,10.659967422485352,5.744999885559082
07-09-1995,10.524171829223633,10.592069625854492,3899974,10.693916320800781,10.693916320800781,5.763296604156494
08-09-1995,10.422325134277344,10.693916320800781,12227186,10.727865219116211,10.558120727539062,5.6901140213012695
11-09-1995,10.320478439331055,10.456274032592773,2988311,10.490222930908203,10.354427337646484,5.621110439300537
12-09-1995,10.21863079071045,10.422325134277344,2299041,10.422325134277344,10.286528587341309,5.5842509269714355
13-09-1995,10.21863079071045,10.286528587341309,2968797,10.388376235961914,10.320478439331055,5.6026811599731445
14-09-1995,10.286528587341309,10.354427337646484,1482373,10.388376235961914,10.388376235961914,5.639541149139404
15-09-1995,10.388376235961914,10.558120727539062,4053514,10.558120727539062,10.456274032592773,5.676400661468506
18-09-1995,10.354427337646484,10.456274032592773,2571141,10.524171829223633,10.490222930908203,5.69482946395874
19-09-1995,10.422325134277344,10.490222930908203,2778805,10.524171829223633,10.456274032592773,5.676400661468506
20-09-1995,10.354427337646484,10.388376235961914,4197112,10.490222930908203,10.490222930908203,5.69482946395874
21-09-1995,10.388376235961914,10.456274032592773,4522601,10.558120727539062,10.524171829223633,5.713261127471924
22-09-1995,10.456274032592773,10.490222930908203,2819307,10.558120727539062,10.524171829223633,5.713261127471924
25-09-1995,10.524171829223633,10.558120727539062,2629684,10.659967422485352,10.659967422485352,5.786979675292969
26-09-1995,10.609044075012207,10.659967422485352,2362739,10.79576301574707,10.727865219116211,5.823842525482178
27-09-1995,10.626017570495605,10.659967422485352,4156242,10.931558609008789,10.8297119140625,5.8791279792785645
28-09-1995,10.727865219116211,10.79576301574707,2338806,10.931558609008789,10.931558609008789,5.934417724609375
29-09-1995,10.89760971069336,10.999457359313965,2786169,11.237098693847656,11.169201850891113,6.063429355621338
02-10-1995,10.965508460998535,11.135252952575684,2098372,11.237098693847656,11.033406257629395,5.989707946777344
03-10-1995,10.999457359313965,11.101304054260254,3037282,11.169201850891113,11.101304054260254,6.026566505432129
04-10-1995,11.101304054260254,11.101304054260254,1210642,11.271047592163086,11.203149795532227,6.081854820251465
05-10-1995,10.89760971069336,11.135252952575684,1785402,11.135252952575684,11.101304054260254,6.026566505432129
06-10-1995,11.033406257629395,11.101304054260254,1346139,11.406844139099121,11.372895240783691,6.174007415771484
09-10-1995,10.965508460998535,11.338946342468262,1157253,11.338946342468262,10.999457359313965,5.971279621124268
10-10-1995,10.86366081237793,10.86366081237793,1526189,11.135252952575684,11.067355155944824,6.0081377029418945
11-10-1995,10.86366081237793,11.067355155944824,1565955,11.067355155944824,10.965508460998535,5.952846050262451
12-10-1995,10.8297119140625,10.965508460998535,1977602,10.999457359313965,10.931558609008789,5.934417724609375
13-10-1995,10.727865219116211,10.965508460998535,2677550,10.965508460998535,10.86366081237793,5.897562026977539
16-10-1995,10.659967422485352,10.89760971069336,1658005,10.931558609008789,10.79576301574707,5.860697269439697
17-10-1995,10.626017570495605,10.76181411743164,2252648,10.89760971069336,10.89760971069336,5.915987968444824
18-10-1995,10.79576301574707,10.931558609008789,1431930,10.999457359313965,10.89760971069336,5.915987968444824
19-10-1995,10.86366081237793,10.931558609008789,2197049,11.033406257629395,11.033406257629395,5.989707946777344
20-10-1995,10.86366081237793,10.999457359313965,2528798,10.999457359313965,10.999457359313965,5.971279621124268
23-10-1995,10.79576301574707,10.89760971069336,1423093,10.965508460998535,10.931558609008789,5.934417724609375
24-10-1995,10.727865219116211,10.89760971069336,3859104,10.999457359313965,10.79576301574707,5.860697269439697
25-10-1995,10.659967422485352,10.79576301574707,3899606,10.86366081237793,10.693916320800781,5.805408000946045
26-10-1995,10.354427337646484,10.693916320800781,3086252,10.727865219116211,10.354427337646484,5.621110439300537
27-10-1995,10.320478439331055,10.388376235961914,3332946,10.490222930908203,10.388376235961914,5.639541149139404
30-10-1995,10.388376235961914,10.422325134277344,1454390,10.659967422485352,10.626017570495605,5.768549919128418
31-10-1995,10.490222930908203,10.626017570495605,3931271,10.626017570495605,10.490222930908203,5.69482946395874
01-11-1995,10.456274032592773,10.456274032592773,2064866,10.592069625854492,10.558120727539062,5.731689453125
02-11-1995,10.15073299407959,10.558120727539062,2286522,10.558120727539062,10.286528587341309,5.5842509269714355
03-11-1995,10.15073299407959,10.286528587341309,2315242,10.320478439331055,10.286528587341309,5.5842509269714355
06-11-1995,10.18468189239502,10.252579689025879,1556750,10.252579689025879,10.252579689025879,5.565821647644043
07-11-1995,10.18468189239502,10.252579689025879,1880029,10.456274032592773,10.456274032592773,5.676400661468506
08-11-1995,10.388376235961914,10.422325134277344,1413888,10.524171829223633,10.422325134277344,5.657970428466797
09-11-1995,10.320478439331055,10.388376235961914,831027,10.422325134277344,10.354427337646484,5.621110439300537
10-11-1995,10.252579689025879,10.320478439331055,1658373,10.490222930908203,10.422325134277344,5.657970428466797
13-11-1995,10.286528587341309,10.354427337646484,1006659,10.490222930908203,10.456274032592773,5.676400661468506
14-11-1995,10.490222930908203,10.558120727539062,1434139,10.626017570495605,10.490222930908203,5.69482946395874
15-11-1995,10.456274032592773,10.456274032592773,1165721,10.558120727539062,10.558120727539062,5.731689453125
16-11-1995,10.558120727539062,10.558120727539062,1671996,10.693916320800781,10.659967422485352,5.786979675292969
17-11-1995,10.456274032592773,10.693916320800781,2236447,10.727865219116211,10.524171829223633,5.713261127471924
20-11-1995,10.18468189239502,10.456274032592773,3085516,10.490222930908203,10.21863079071045,5.54739236831665
21-11-1995,10.11678409576416,10.252579689025879,2048665,10.320478439331055,10.18468189239502,5.528960704803467
22-11-1995,9.980989456176758,10.18468189239502,3173884,10.21863079071045,10.08283519744873,5.473673343658447
24-11-1995,10.014938354492188,10.11678409576416,717990,10.21863079071045,10.18468189239502,5.528960704803467
27-11-1995,10.18468189239502,10.18468189239502,1697402,10.456274032592773,10.456274032592773,5.676400661468506
28-11-1995,11.135252952575684,12.15372085571289,21248086,12.15372085571289,11.237098693847656,6.100285053253174
29-11-1995,11.033406257629395,11.169201850891113,7108837,11.406844139099121,11.406844139099121,6.192436218261719
30-11-1995,11.372895240783691,11.372895240783691,2456999,11.44079303741455,11.372895240783691,6.174007415771484
01-12-1995,10.79576301574707,11.203149795532227,9639108,11.54263973236084,11.44079303741455,6.210868835449219
04-12-1995,11.338946342468262,11.406844139099121,5846648,11.44079303741455,11.372895240783691,6.174007415771484
05-12-1995,11.237098693847656,11.304997444152832,1523980,11.44079303741455,11.372895240783691,6.174007415771484
06-12-1995,11.372895240783691,11.372895240783691,1942255,11.54263973236084,11.54263973236084,6.266157627105713
07-12-1995,11.47474193572998,11.57658863067627,1314106,11.57658863067627,11.47474193572998,6.229295253753662
08-12-1995,11.203149795532227,11.47474193572998,1129269,11.50869083404541,11.203149795532227,6.081854820251465
11-12-1995,11.067355155944824,11.067355155944824,1678624,11.237098693847656,11.135252952575684,6.086608409881592
12-12-1995,11.101304054260254,11.101304054260254,20218230,11.271047592163086,11.203149795532227,6.123720645904541
13-12-1995,11.135252952575684,11.135252952575684,2864228,11.54263973236084,11.44079303741455,6.253621578216553
14-12-1995,11.47474193572998,11.47474193572998,2862755,11.6105375289917,11.54263973236084,6.309286594390869
15-12-1995,11.372895240783691,11.50869083404541,5058700,11.54263973236084,11.372895240783691,6.216506481170654
18-12-1995,11.067355155944824,11.271047592163086,1567427,11.304997444152832,11.101304054260254,6.068050861358643
19-12-1995,11.033406257629395,11.101304054260254,2439325,11.47474193572998,11.406844139099121,6.235062122344971
20-12-1995,11.033406257629395,11.406844139099121,1379277,11.47474193572998,11.033406257629395,6.030937194824219
21-12-1995,11.101304054260254,11.135252952575684,1181186,11.271047592163086,11.237098693847656,6.142276763916016
22-12-1995,11.169201850891113,11.169201850891113,925655,11.237098693847656,11.169201850891113,6.105165481567383
26-12-1995,11.135252952575684,11.203149795532227,890676,11.304997444152832,11.135252952575684,6.086608409881592
27-12-1995,11.101304054260254,11.135252952575684,1391428,11.237098693847656,11.203149795532227,6.123720645904541
28-12-1995,11.101304054260254,11.169201850891113,2132246,11.44079303741455,11.338946342468262,6.197947025299072
29-12-1995,11.304997444152832,11.406844139099121,2148815,11.44079303741455,11.372895240783691,6.216506481170654
02-01-1996,11.271047592163086,11.372895240783691,2003008,11.406844139099121,11.304997444152832,6.179394245147705
03-01-1996,11.338946342468262,11.372895240783691,2031728,11.54263973236084,11.54263973236084,6.309286594390869
04-01-1996,11.57658863067627,11.57658863067627,3443038,11.814230918884277,11.678436279296875,6.383516311645508
05-01-1996,11.54263973236084,11.57658863067627,2241970,11.712385177612305,11.6105375289917,6.346403121948242
08-01-1996,11.57658863067627,11.57658863067627,638827,11.712385177612305,11.712385177612305,6.402072906494141
09-01-1996,11.47474193572998,11.678436279296875,1017337,11.678436279296875,11.47474193572998,6.272174835205078
10-01-1996,10.79576301574707,11.338946342468262,1838791,11.406844139099121,10.86366081237793,5.938156604766846
11-01-1996,11.101304054260254,11.135252952575684,2758554,11.44079303741455,11.44079303741455,6.253621578216553
12-01-1996,11.203149795532227,11.44079303741455,1353503,11.50869083404541,11.304997444152832,6.179394245147705
15-01-1996,11.271047592163086,11.304997444152832,1443344,11.406844139099121,11.338946342468262,6.197947025299072
16-01-1996,11.304997444152832,11.372895240783691,1997117,11.372895240783691,11.372895240783691,6.216506481170654
17-01-1996,11.271047592163086,11.338946342468262,1653218,11.372895240783691,11.271047592163086,6.160836219787598
18-01-1996,11.169201850891113,11.304997444152832,3484645,11.372895240783691,11.372895240783691,6.216506481170654
19-01-1996,11.237098693847656,11.271047592163086,3717347,11.644487380981445,11.644487380981445,6.364958763122559
22-01-1996,11.57658863067627,11.6105375289917,3641498,11.780282020568848,11.780282020568848,6.439186096191406
23-01-1996,11.678436279296875,11.746334075927734,3938267,11.780282020568848,11.746334075927734,6.420630931854248
24-01-1996,11.712385177612305,11.746334075927734,4496827,12.051874160766602,11.950027465820312,6.53196907043457
25-01-1996,11.916077613830566,11.950027465820312,2357585,12.25556755065918,12.18766975402832,6.661866188049316
26-01-1996,12.051874160766602,12.15372085571289,2466940,12.22161865234375,12.18766975402832,6.661866188049316
29-01-1996,12.017925262451172,12.119771957397461,1158357,12.15372085571289,12.085823059082031,6.606200695037842
30-01-1996,12.017925262451172,12.085823059082031,1846523,12.561107635498047,12.493209838867188,6.828875541687012
31-01-1996,12.25556755065918,12.357414245605469,1618239,12.391363143920898,12.357414245605469,6.754652500152588
01-02-1996,12.085823059082031,12.357414245605469,1318524,12.391363143920898,12.22161865234375,6.68042516708374
02-02-1996,11.135252952575684,11.338946342468262,16489837,11.644487380981445,11.54263973236084,6.309286594390869
05-02-1996,11.067355155944824,11.372895240783691,7446477,11.44079303741455,11.135252952575684,6.086608409881592
06-02-1996,11.169201850891113,11.169201850891113,18678786,11.54263973236084,11.50869083404541,6.290733337402344
07-02-1996,11.6105375289917,11.678436279296875,7817991,11.882128715515137,11.678436279296875,6.383516311645508
08-02-1996,11.678436279296875,11.712385177612305,5851434,11.950027465820312,11.950027465820312,6.53196907043457
09-02-1996,11.712385177612305,11.882128715515137,3859104,11.882128715515137,11.780282020568848,6.439186096191406
12-02-1996,11.678436279296875,11.780282020568848,1682306,11.882128715515137,11.678436279296875,6.383516311645508
13-02-1996,11.678436279296875,11.780282020568848,3796142,11.882128715515137,11.712385177612305,6.402072906494141
14-02-1996,11.6105375289917,11.6105375289917,3940476,11.814230918884277,11.712385177612305,6.402072906494141
15-02-1996,11.47474193572998,11.712385177612305,2999725,11.712385177612305,11.50869083404541,6.290733337402344
16-02-1996,11.304997444152832,11.50869083404541,3216963,11.50869083404541,11.406844139099121,6.235062122344971
20-02-1996,11.169201850891113,11.372895240783691,2137401,11.406844139099121,11.237098693847656,6.142276763916016
21-02-1996,11.237098693847656,11.237098693847656,4285848,11.712385177612305,11.712385177612305,6.402072906494141
22-02-1996,11.746334075927734,11.746334075927734,4071556,12.119771957397461,11.916077613830566,6.513411998748779
23-02-1996,12.15372085571289,12.357414245605469,8828700,12.493209838867188,12.15372085571289,6.643312454223633
26-02-1996,11.950027465820312,12.119771957397461,5312021,12.323466300964355,12.289517402648926,6.717539310455322
27-02-1996,12.22161865234375,12.289517402648926,4449697,12.323466300964355,12.289517402648926,6.717539310455322
28-02-1996,12.323466300964355,12.357414245605469,6011601,12.696904182434082,12.493209838867188,6.828875541687012
29-02-1996,12.357414245605469,12.357414245605469,4198585,12.527158737182617,12.425312042236328,6.791762351989746
01-03-1996,12.425312042236328,12.493209838867188,2912094,12.527158737182617,12.493209838867188,6.828875541687012
04-03-1996,12.459260940551758,12.493209838867188,5577125,12.90059757232666,12.798750877380371,6.995889186859131
05-03-1996,12.425312042236328,12.493209838867188,7112151,12.595056533813477,12.561107635498047,6.865992069244385
06-03-1996,12.22161865234375,12.561107635498047,3712929,12.595056533813477,12.22161865234375,6.68042516708374
07-03-1996,12.289517402648926,12.289517402648926,5270783,12.764801979064941,12.730853080749512,6.958773612976074
08-03-1996,11.916077613830566,12.595056533813477,4529965,12.595056533813477,11.916077613830566,6.513411998748779
11-03-1996,11.848179817199707,11.882128715515137,3969932,12.425312042236328,12.391363143920898,6.817025661468506
12-03-1996,12.017925262451172,12.323466300964355,20991450,12.595056533813477,12.459260940551758,6.854376316070557
13-03-1996,12.357414245605469,12.459260940551758,2730939,12.561107635498047,12.391363143920898,6.817025661468506
14-03-1996,12.289517402648926,12.357414245605469,2810102,12.527158737182617,12.459260940551758,6.854376316070557
15-03-1996,12.357414245605469,12.459260940551758,3419842,12.459260940551758,12.357414245605469,6.798344135284424
18-03-1996,12.119771957397461,12.25556755065918,2449635,12.323466300964355,12.22161865234375,6.723640441894531
19-03-1996,12.119771957397461,12.22161865234375,2133351,12.289517402648926,12.15372085571289,6.686285495758057
20-03-1996,12.119771957397461,12.15372085571289,3570067,12.22161865234375,12.15372085571289,6.686285495758057
21-03-1996,12.15372085571289,12.15372085571289,2184899,12.391363143920898,12.289517402648926,6.760990619659424
22-03-1996,12.323466300964355,12.323466300964355,4243873,12.629006385803223,12.595056533813477,6.929083347320557
25-03-1996,12.459260940551758,12.595056533813477,1404683,12.696904182434082,12.527158737182617,6.891727924346924
26-03-1996,12.493209838867188,12.493209838867188,1238993,12.561107635498047,12.561107635498047,6.910404682159424
27-03-1996,12.493209838867188,12.493209838867188,2158020,12.662955284118652,12.561107635498047,6.910404682159424
28-03-1996,12.425312042236328,12.527158737182617,3219909,12.629006385803223,12.595056533813477,6.929083347320557
29-03-1996,12.289517402648926,12.595056533813477,4376793,12.595056533813477,12.289517402648926,6.760990619659424
01-04-1996,12.25556755065918,12.289517402648926,2817835,12.493209838867188,12.391363143920898,6.817025661468506
02-04-1996,12.323466300964355,12.391363143920898,4600659,12.459260940551758,12.459260940551758,6.854376316070557
03-04-1996,12.18766975402832,12.425312042236328,3697096,12.425312042236328,12.323466300964355,6.779668807983398
04-04-1996,12.017925262451172,12.289517402648926,2491241,12.289517402648926,12.15372085571289,6.686285495758057
08-04-1996,11.848179817199707,11.983976364135742,3076311,12.119771957397461,12.017925262451172,6.61157751083374
09-04-1996,11.882128715515137,12.051874160766602,3133382,12.119771957397461,12.017925262451172,6.61157751083374
10-04-1996,11.54263973236084,11.950027465820312,4182752,11.983976364135742,11.6105375289917,6.387456893920898
11-04-1996,11.135252952575684,11.6105375289917,4135254,11.6105375289917,11.338946342468262,6.238041877746582
12-04-1996,11.406844139099121,11.406844139099121,3328160,11.644487380981445,11.50869083404541,6.331425189971924
15-04-1996,11.848179817199707,11.848179817199707,2168330,11.950027465820312,11.882128715515137,6.536870002746582
16-04-1996,11.644487380981445,11.848179817199707,6004974,11.848179817199707,11.746334075927734,6.462162494659424
17-04-1996,11.6105375289917,11.746334075927734,5110984,11.780282020568848,11.644487380981445,6.406133651733398
18-04-1996,11.644487380981445,11.678436279296875,3050169,12.017925262451172,11.950027465820312,6.574224948883057
19-04-1996,11.916077613830566,11.950027465820312,3206286,12.017925262451172,11.916077613830566,6.555546760559082
22-04-1996,11.712385177612305,11.983976364135742,2482036,11.983976364135742,11.746334075927734,6.462162494659424
23-04-1996,11.678436279296875,11.746334075927734,4402936,11.814230918884277,11.780282020568848,6.480839252471924
24-04-1996,11.678436279296875,11.780282020568848,4151455,12.017925262451172,11.712385177612305,6.443490982055664
25-04-1996,11.54263973236084,11.644487380981445,4918416,11.916077613830566,11.780282020568848,6.480839252471924
26-04-1996,11.814230918884277,11.848179817199707,2319292,12.051874160766602,11.882128715515137,6.536870002746582
29-04-1996,11.712385177612305,11.814230918884277,1980916,11.916077613830566,11.882128715515137,6.536870002746582
30-04-1996,11.814230918884277,11.882128715515137,1310424,12.119771957397461,12.017925262451172,6.61157751083374
01-05-1996,11.950027465820312,11.983976364135742,1246725,12.085823059082031,12.085823059082031,6.648934841156006
02-05-1996,11.882128715515137,12.017925262451172,1406156,12.017925262451172,11.882128715515137,6.536870002746582
03-05-1996,11.44079303741455,11.916077613830566,2106472,11.916077613830566,11.50869083404541,6.331425189971924
06-05-1996,11.203149795532227,11.406844139099121,3028077,11.44079303741455,11.203149795532227,6.163334369659424
07-05-1996,11.237098693847656,11.237098693847656,1804180,11.338946342468262,11.304997444152832,6.219366073608398
08-05-1996,11.101304054260254,11.237098693847656,1750423,11.338946342468262,11.338946342468262,6.238041877746582
09-05-1996,11.304997444152832,11.304997444152832,2474304,11.47474193572998,11.372895240783691,6.25671911239624
10-05-1996,11.372895240783691,11.47474193572998,1361235,11.50869083404541,11.44079303741455,6.294075012207031
13-05-1996,11.47474193572998,11.50869083404541,1985703,11.712385177612305,11.678436279296875,6.42480993270874
14-05-1996,11.50869083404541,11.678436279296875,1341721,11.712385177612305,11.54263973236084,6.350101947784424
15-05-1996,11.47474193572998,11.50869083404541,2158757,11.678436279296875,11.644487380981445,6.406133651733398
16-05-1996,11.644487380981445,11.644487380981445,1929736,11.950027465820312,11.916077613830566,6.555546760559082
17-05-1996,11.814230918884277,11.950027465820312,2025468,11.983976364135742,11.916077613830566,6.555546760559082
20-05-1996,11.916077613830566,11.983976364135742,2096531,12.119771957397461,12.085823059082031,6.648934841156006
21-05-1996,12.051874160766602,12.085823059082031,1834372,12.15372085571289,12.15372085571289,6.686285495758057
22-05-1996,12.051874160766602,12.15372085571289,2811943,12.18766975402832,12.119771957397461,6.667609691619873
23-05-1996,11.882128715515137,12.017925262451172,3836644,12.051874160766602,11.950027465820312,6.574224948883057
24-05-1996,11.916077613830566,11.916077613830566,1364549,12.051874160766602,12.017925262451172,6.61157751083374
28-05-1996,11.882128715515137,12.085823059082031,2049769,12.085823059082031,12.051874160766602,6.630255222320557
29-05-1996,11.950027465820312,11.983976364135742,1186340,12.06884765625,11.950027465820312,6.574224948883057
30-05-1996,11.916077613830566,11.950027465820312,1597988,12.051874160766602,11.950027465820312,6.574224948883057
31-05-1996,11.950027465820312,11.983976364135742,1572214,12.051874160766602,12.017925262451172,6.61157751083374
03-06-1996,11.950027465820312,11.950027465820312,1097604,12.085823059082031,12.051874160766602,6.630255222320557
04-06-1996,12.051874160766602,12.051874160766602,4611705,12.629006385803223,12.561107635498047,6.910404682159424
05-06-1996,12.425312042236328,12.561107635498047,2077016,12.696904182434082,12.696904182434082,6.985113620758057
06-06-1996,12.629006385803223,12.629006385803223,2173853,12.798750877380371,12.730853080749512,7.003791332244873
07-06-1996,12.459260940551758,12.629006385803223,2119359,12.629006385803223,12.595056533813477,6.929083347320557
10-06-1996,12.289517402648926,12.561107635498047,2015527,12.561107635498047,12.357414245605469,6.842905521392822
11-06-1996,12.391363143920898,12.391363143920898,12391035,12.798750877380371,12.696904182434082,7.030899524688721
12-06-1996,12.696904182434082,12.696904182434082,3335892,12.93454647064209,12.90059757232666,7.143696308135986
13-06-1996,12.696904182434082,12.90059757232666,1908381,12.93454647064209,12.696904182434082,7.030899524688721
14-06-1996,12.629006385803223,12.696904182434082,1989753,12.798750877380371,12.764801979064941,7.06850004196167
17-06-1996,12.730853080749512,12.764801979064941,2575191,12.8326997756958,12.730853080749512,7.0497002601623535
18-06-1996,12.764801979064941,12.798750877380371,3522201,12.86664867401123,12.764801979064941,7.06850004196167
19-06-1996,12.730853080749512,12.764801979064941,2288731,12.86664867401123,12.8326997756958,7.106098175048828
20-06-1996,12.493209838867188,12.798750877380371,3329264,12.8326997756958,12.527158737182617,6.936901569366455
21-06-1996,12.459260940551758,12.527158737182617,3484645,12.561107635498047,12.561107635498047,6.95570182800293
24-06-1996,12.561107635498047,12.595056533813477,3288026,12.764801979064941,12.696904182434082,7.030899524688721
25-06-1996,12.730853080749512,12.730853080749512,6598144,13.00244426727295,12.96849536895752,7.181296348571777
26-06-1996,12.96849536895752,13.00244426727295,2161702,13.070342063903809,13.00244426727295,7.200094699859619
27-06-1996,12.781776428222656,12.96849536895752,1957351,13.00244426727295,12.96849536895752,7.181296348571777
28-06-1996,12.798750877380371,13.00244426727295,2235342,13.036393165588379,12.8326997756958,7.106098175048828
01-07-1996,12.86664867401123,12.90059757232666,2414656,13.00244426727295,12.96849536895752,7.181296348571777
02-07-1996,12.662955284118652,12.93454647064209,9411928,12.93454647064209,12.696904182434082,7.030899524688721
03-07-1996,12.696904182434082,12.730853080749512,1400633,12.764801979064941,12.730853080749512,7.0497002601623535
05-07-1996,12.357414245605469,12.629006385803223,937437,12.629006385803223,12.357414245605469,6.842905521392822
08-07-1996,12.18766975402832,12.289517402648926,1743059,12.323466300964355,12.22161865234375,6.7677130699157715
09-07-1996,12.119771957397461,12.22161865234375,1453654,12.25556755065918,12.25556755065918,6.786510944366455
10-07-1996,12.051874160766602,12.289517402648926,1853519,12.323466300964355,12.22161865234375,6.7677130699157715
11-07-1996,12.085823059082031,12.22161865234375,2371208,12.25556755065918,12.085823059082031,6.692517280578613
12-07-1996,12.085823059082031,12.085823059082031,1352030,12.22161865234375,12.15372085571289,6.730113506317139
15-07-1996,11.848179817199707,12.119771957397461,2602069,12.15372085571289,11.848179817199707,6.560919761657715
16-07-1996,11.54263973236084,11.6105375289917,5299503,12.017925262451172,11.916077613830566,6.598517894744873
17-07-1996,11.882128715515137,12.051874160766602,1525453,12.051874160766602,12.017925262451172,6.654916286468506
18-07-1996,12.017925262451172,12.085823059082031,2028782,12.493209838867188,12.357414245605469,6.842905521392822
19-07-1996,12.085823059082031,12.357414245605469,1441135,12.357414245605469,12.15372085571289,6.730113506317139
22-07-1996,11.848179817199707,12.085823059082031,1620816,12.085823059082031,11.848179817199707,6.560919761657715
23-07-1996,11.6105375289917,11.882128715515137,2698906,11.882128715515137,11.6105375289917,6.429326057434082
24-07-1996,11.44079303741455,11.54263973236084,3087725,11.678436279296875,11.47474193572998,6.354130744934082
25-07-1996,11.101304054260254,11.44079303741455,6418094,11.47474193572998,11.237098693847656,6.222534656524658
26-07-1996,11.372895240783691,11.47474193572998,5262314,11.746334075927734,11.712385177612305,6.485726356506348
29-07-1996,11.57658863067627,11.678436279296875,2756345,11.746334075927734,11.644487380981445,6.448124408721924
30-07-1996,11.203149795532227,11.6105375289917,3416528,11.644487380981445,11.44079303741455,6.335330009460449
31-07-1996,11.135252952575684,11.338946342468262,6852570,11.338946342468262,11.304997444152832,6.260133266448975
01-08-1996,11.237098693847656,11.271047592163086,2552362,11.678436279296875,11.678436279296875,6.46692419052124
02-08-1996,11.983976364135742,12.051874160766602,11097180,12.25556755065918,12.085823059082031,6.692517280578613
05-08-1996,11.814230918884277,12.119771957397461,3046487,12.15372085571289,11.882128715515137,6.579718112945557
06-08-1996,11.848179817199707,11.848179817199707,2455894,11.950027465820312,11.916077613830566,6.598517894744873
07-08-1996,11.746334075927734,11.916077613830566,2447057,11.950027465820312,11.746334075927734,6.504521369934082
08-08-1996,11.6105375289917,11.780282020568848,3584059,11.780282020568848,11.712385177612305,6.485726356506348
09-08-1996,11.50869083404541,11.780282020568848,2160598,11.780282020568848,11.6105375289917,6.429326057434082
12-08-1996,11.47474193572998,11.644487380981445,2072230,11.644487380981445,11.644487380981445,6.448124408721924
13-08-1996,11.57658863067627,11.57658863067627,2212146,11.780282020568848,11.712385177612305,6.485726356506348
14-08-1996,11.746334075927734,11.746334075927734,2154706,11.882128715515137,11.848179817199707,6.560919761657715
15-08-1996,11.678436279296875,11.848179817199707,1644381,11.848179817199707,11.678436279296875,6.46692419052124
16-08-1996,11.678436279296875,11.712385177612305,2457367,11.848179817199707,11.814230918884277,6.542120933532715
19-08-1996,11.814230918884277,11.916077613830566,1553804,11.950027465820312,11.882128715515137,6.579718112945557
20-08-1996,11.678436279296875,11.882128715515137,3132277,11.882128715515137,11.780282020568848,6.523320198059082
21-08-1996,11.644487380981445,11.814230918884277,1937837,11.814230918884277,11.678436279296875,6.46692419052124
22-08-1996,11.57658863067627,11.678436279296875,2595074,11.678436279296875,11.678436279296875,6.46692419052124
23-08-1996,11.44079303741455,11.678436279296875,2174957,11.678436279296875,11.44079303741455,6.335330009460449
26-08-1996,11.237098693847656,11.44079303741455,3369766,11.44079303741455,11.304997444152832,6.260133266448975
27-08-1996,11.304997444152832,11.338946342468262,3585900,11.644487380981445,11.57658863067627,6.410525798797607
28-08-1996,11.6105375289917,11.644487380981445,2429384,11.814230918884277,11.644487380981445,6.448124408721924
29-08-1996,11.780282020568848,11.780282020568848,6220739,12.391363143920898,12.323466300964355,6.824109077453613
30-08-1996,12.085823059082031,12.323466300964355,3292444,12.323466300964355,12.15372085571289,6.730113506317139
03-09-1996,11.746334075927734,12.017925262451172,3857263,12.017925262451172,11.848179817199707,6.560919761657715
04-09-1996,11.848179817199707,11.916077613830566,2392564,12.017925262451172,12.017925262451172,6.654916286468506
05-09-1996,11.814230918884277,11.950027465820312,1665737,11.983976364135742,11.814230918884277,6.542120933532715
06-09-1996,11.712385177612305,11.780282020568848,2165016,12.085823059082031,12.085823059082031,6.692517280578613
09-09-1996,11.983976364135742,12.051874160766602,1884448,12.22161865234375,12.22161865234375,6.813954830169678
10-09-1996,11.882128715515137,12.18766975402832,2588446,12.18766975402832,11.916077613830566,6.643604278564453
11-09-1996,11.848179817199707,11.882128715515137,2620111,12.22161865234375,12.15372085571289,6.776099681854248
12-09-1996,11.950027465820312,12.119771957397461,2251543,12.15372085571289,12.017925262451172,6.700387477874756
13-09-1996,12.085823059082031,12.119771957397461,2781383,12.357414245605469,12.323466300964355,6.870737075805664
16-09-1996,12.25556755065918,12.357414245605469,4394835,12.561107635498047,12.391363143920898,6.908595085144043
17-09-1996,12.22161865234375,12.391363143920898,1454758,12.391363143920898,12.25556755065918,6.832882881164551
18-09-1996,12.15372085571289,12.15372085571289,2110522,12.289517402648926,12.15372085571289,6.776099681854248
19-09-1996,11.848179817199707,12.22161865234375,4444542,12.25556755065918,11.882128715515137,6.624675750732422
20-09-1996,11.848179817199707,11.916077613830566,10184044,12.18766975402832,12.18766975402832,6.79502534866333
23-09-1996,12.119771957397461,12.18766975402832,3183089,12.25556755065918,12.119771957397461,6.75717306137085
24-09-1996,11.983976364135742,12.119771957397461,3436779,12.289517402648926,12.017925262451172,6.700387477874756
25-09-1996,12.017925262451172,12.051874160766602,5654447,12.25556755065918,12.18766975402832,6.79502534866333
26-09-1996,12.15372085571289,12.18766975402832,4004911,12.595056533813477,12.493209838867188,6.9653754234313965
27-09-1996,12.493209838867188,12.527158737182617,3375658,12.629006385803223,12.561107635498047,7.00322961807251
30-09-1996,12.527158737182617,12.527158737182617,2425702,12.696904182434082,12.629006385803223,7.0410871505737305
01-10-1996,11.678436279296875,11.678436279296875,7375782,12.119771957397461,12.085823059082031,7.303692817687988
02-10-1996,12.119771957397461,12.119771957397461,6612504,12.323466300964355,12.22161865234375,7.38575553894043
03-10-1996,12.22161865234375,12.289517402648926,3191926,12.323466300964355,12.289517402648926,7.426782608032227
04-10-1996,12.323466300964355,12.357414245605469,2696329,12.595056533813477,12.425312042236328,7.508847236633301
07-10-1996,12.391363143920898,12.493209838867188,3255993,12.595056533813477,12.561107635498047,7.590913772583008
08-10-1996,12.289517402648926,12.696904182434082,3375658,12.696904182434082,12.459260940551758,7.529367446899414
09-10-1996,12.323466300964355,12.493209838867188,2308246,12.493209838867188,12.357414245605469,7.4678168296813965
10-10-1996,12.170695304870605,12.323466300964355,2105736,12.323466300964355,12.22161865234375,7.38575553894043
11-10-1996,12.22161865234375,12.25556755065918,1569637,12.25556755065918,12.22161865234375,7.38575553894043
14-10-1996,12.22161865234375,12.25556755065918,1136633,12.323466300964355,12.25556755065918,7.406268119812012
15-10-1996,12.18766975402832,12.289517402648926,2367526,12.289517402648926,12.22161865234375,7.38575553894043
16-10-1996,12.15372085571289,12.22161865234375,1674574,12.25556755065918,12.18766975402832,7.365238189697266
17-10-1996,11.950027465820312,12.119771957397461,4778131,12.15372085571289,12.017925262451172,7.26265811920166
18-10-1996,12.017925262451172,12.051874160766602,3165784,12.289517402648926,12.289517402648926,7.426782608032227
21-10-1996,12.22161865234375,12.289517402648926,3789514,12.391363143920898,12.357414245605469,7.4678168296813965
22-10-1996,11.950027465820312,12.323466300964355,17567190,12.391363143920898,11.983976364135742,7.2421441078186035
23-10-1996,11.271047592163086,11.882128715515137,9060297,11.950027465820312,11.678436279296875,7.057497501373291
24-10-1996,11.033406257629395,11.47474193572998,12514013,11.50869083404541,11.067355155944824,6.688214302062988
25-10-1996,11.101304054260254,11.169201850891113,7554728,11.304997444152832,11.304997444152832,6.831822872161865
28-10-1996,11.169201850891113,11.304997444152832,6637910,11.47474193572998,11.237098693847656,6.79079008102417
29-10-1996,11.169201850891113,11.203149795532227,4128258,11.406844139099121,11.203149795532227,6.770274639129639
30-10-1996,11.101304054260254,11.271047592163086,5221444,11.271047592163086,11.135252952575684,6.729240417480469
31-10-1996,11.169201850891113,11.169201850891113,4168024,11.338946342468262,11.304997444152832,6.831822872161865
01-11-1996,11.169201850891113,11.338946342468262,4286216,11.338946342468262,11.271047592163086,6.811305522918701
04-11-1996,11.169201850891113,11.237098693847656,6833792,11.304997444152832,11.203149795532227,6.770274639129639
05-11-1996,11.203149795532227,11.203149795532227,6199383,11.44079303741455,11.338946342468262,6.8523383140563965
06-11-1996,11.271047592163086,11.338946342468262,7756501,11.47474193572998,11.47474193572998,6.934406280517578
07-11-1996,11.338946342468262,11.47474193572998,6178396,11.644487380981445,11.6105375289917,7.01646614074707
08-11-1996,11.57658863067627,11.6105375289917,3813816,11.780282020568848,11.780282020568848,7.119046688079834
11-11-1996,11.746334075927734,11.780282020568848,3394804,11.848179817199707,11.848179817199707,7.160075664520264
12-11-1996,11.712385177612305,11.780282020568848,3478754,11.814230918884277,11.746334075927734,7.098529815673828
13-11-1996,11.644487380981445,11.712385177612305,2491609,11.780282020568848,11.746334075927734,7.098529815673828
14-11-1996,11.57658863067627,11.644487380981445,2534321,11.678436279296875,11.678436279296875,7.057497501373291
15-11-1996,11.50869083404541,11.712385177612305,4255656,11.780282020568848,11.57658863067627,6.995950698852539
18-11-1996,11.54263973236084,11.57658863067627,2053451,11.678436279296875,11.54263973236084,6.975435256958008
19-11-1996,11.372895240783691,11.54263973236084,4151087,11.54263973236084,11.406844139099121,6.89337158203125
20-11-1996,11.135252952575684,11.372895240783691,3666536,11.406844139099121,11.237098693847656,6.79079008102417
21-11-1996,10.999457359313965,11.304997444152832,4885278,11.406844139099121,11.067355155944824,6.688214302062988
22-11-1996,11.067355155944824,11.135252952575684,4110953,11.237098693847656,11.101304054260254,6.708727836608887
25-11-1996,11.135252952575684,11.203149795532227,6314998,11.644487380981445,11.644487380981445,7.036983013153076
26-11-1996,11.47474193572998,11.6105375289917,3952995,11.712385177612305,11.6105375289917,7.01646614074707
27-11-1996,11.44079303741455,11.6105375289917,2395509,11.712385177612305,11.44079303741455,6.913890361785889
29-11-1996,11.44079303741455,11.50869083404541,1136265,11.57658863067627,11.54263973236084,6.975435256958008
02-12-1996,11.338946342468262,11.54263973236084,2247493,11.54263973236084,11.338946342468262,6.8523383140563965
03-12-1996,11.101304054260254,11.338946342468262,4939771,11.406844139099121,11.135252952575684,6.729240417480469
04-12-1996,10.79576301574707,11.067355155944824,6500939,11.338946342468262,11.271047592163086,6.811305522918701
05-12-1996,11.135252952575684,11.203149795532227,2884847,11.338946342468262,11.203149795532227,6.770274639129639
06-12-1996,10.89760971069336,10.999457359313965,3103558,11.372895240783691,11.304997444152832,6.831822872161865
09-12-1996,11.203149795532227,11.271047592163086,2760027,11.338946342468262,11.338946342468262,6.8992462158203125
10-12-1996,11.338946342468262,11.47474193572998,3767791,11.6105375289917,11.47474193572998,6.981871604919434
11-12-1996,11.237098693847656,11.372895240783691,2292413,11.406844139099121,11.406844139099121,6.9405598640441895
12-12-1996,11.203149795532227,11.47474193572998,2315978,11.50869083404541,11.203149795532227,6.816618919372559
13-12-1996,10.999457359313965,11.135252952575684,2036514,11.135252952575684,11.033406257629395,6.713338375091553
16-12-1996,10.8297119140625,10.999457359313965,3092144,11.033406257629395,10.89760971069336,6.630710124969482
17-12-1996,10.86366081237793,10.86366081237793,3291340,11.135252952575684,11.067355155944824,6.73399543762207
18-12-1996,11.033406257629395,11.067355155944824,3269616,11.271047592163086,11.169201850891113,6.795962333679199
19-12-1996,11.169201850891113,11.169201850891113,2924244,11.406844139099121,11.372895240783691,6.9199018478393555
20-12-1996,11.203149795532227,11.746334075927734,5517477,11.746334075927734,11.372895240783691,6.9199018478393555
23-12-1996,11.203149795532227,11.304997444152832,3029918,11.372895240783691,11.304997444152832,6.878588676452637
24-12-1996,11.135252952575684,11.237098693847656,1058575,11.271047592163086,11.135252952575684,6.775305271148682
26-12-1996,11.067355155944824,11.101304054260254,2496764,11.169201850891113,11.135252952575684,6.775305271148682
27-12-1996,11.169201850891113,11.203149795532227,1476482,11.237098693847656,11.203149795532227,6.816618919372559
30-12-1996,11.271047592163086,11.271047592163086,1335830,11.406844139099121,11.338946342468262,6.8992462158203125
31-12-1996,11.135252952575684,11.304997444152832,1873770,11.406844139099121,11.135252952575684,6.775305271148682
02-01-1997,10.8297119140625,11.135252952575684,2419442,11.169201850891113,11.033406257629395,6.713338375091553
03-01-1997,11.169201850891113,11.169201850891113,3321900,11.54263973236084,11.54263973236084,7.023181438446045
06-01-1997,11.44079303741455,11.57658863067627,3534720,11.712385177612305,11.50869083404541,7.002525329589844
07-01-1997,11.44079303741455,11.47474193572998,2512229,11.780282020568848,11.780282020568848,7.1677775382995605
08-01-1997,11.644487380981445,11.814230918884277,2509651,11.848179817199707,11.678436279296875,7.105807304382324
09-01-1997,11.678436279296875,11.678436279296875,4507136,11.916077613830566,11.814230918884277,7.18843412399292
10-01-1997,11.6105375289917,11.712385177612305,2443743,11.780282020568848,11.780282020568848,7.1677775382995605
13-01-1997,11.678436279296875,11.848179817199707,1934891,11.882128715515137,11.814230918884277,7.18843412399292
14-01-1997,11.746334075927734,11.848179817199707,2797584,11.916077613830566,11.882128715515137,7.229747772216797
15-01-1997,11.814230918884277,11.916077613830566,2131142,11.950027465820312,11.916077613830566,7.250401020050049
16-01-1997,11.916077613830566,11.916077613830566,2359057,12.017925262451172,11.950027465820312,7.271060466766357
17-01-1997,11.678436279296875,11.916077613830566,2998621,11.950027465820312,11.950027465820312,7.271060466766357
20-01-1997,11.814230918884277,11.983976364135742,1270658,12.017925262451172,11.848179817199707,7.209089756011963
21-01-1997,11.644487380981445,11.780282020568848,1724281,11.848179817199707,11.848179817199707,7.209089756011963
22-01-1997,11.746334075927734,11.848179817199707,1431193,11.848179817199707,11.780282020568848,7.1677775382995605
23-01-1997,11.6105375289917,11.848179817199707,1669051,11.983976364135742,11.644487380981445,7.085155487060547
24-01-1997,11.50869083404541,11.57658863067627,1471695,11.712385177612305,11.6105375289917,7.064499378204346
27-01-1997,11.372895240783691,11.54263973236084,1734590,11.6105375289917,11.47474193572998,6.981871604919434
28-01-1997,11.406844139099121,11.678436279296875,1485319,11.780282020568848,11.47474193572998,6.981871604919434
29-01-1997,11.372895240783691,11.47474193572998,2387777,11.54263973236084,11.50869083404541,7.002525329589844
30-01-1997,11.57658863067627,11.57658863067627,8292969,12.561107635498047,12.493209838867188,7.601567268371582
31-01-1997,12.493209838867188,12.96849536895752,7670711,12.96849536895752,12.493209838867188,7.601567268371582
03-02-1997,12.357414245605469,12.493209838867188,5186833,12.561107635498047,12.357414245605469,7.518935203552246
04-02-1997,12.357414245605469,12.357414245605469,2188581,12.527158737182617,12.425312042236328,7.560249328613281
05-02-1997,12.323466300964355,12.493209838867188,4501981,12.493209838867188,12.425312042236328,7.560249328613281
06-02-1997,12.357414245605469,12.357414245605469,8429939,13.206137657165527,12.764801979064941,7.766812324523926
07-02-1997,12.696904182434082,12.764801979064941,4441597,12.90059757232666,12.764801979064941,7.766812324523926
10-02-1997,12.8326997756958,12.8326997756958,3521833,13.138239860534668,12.96849536895752,7.890753269195557
11-02-1997,12.93454647064209,12.96849536895752,4058300,13.070342063903809,12.93454647064209,7.8700995445251465
12-02-1997,12.764801979064941,12.93454647064209,5321963,12.96849536895752,12.90059757232666,7.849440097808838
13-02-1997,12.96849536895752,13.00244426727295,4521128,13.511677742004395,13.036393165588379,7.932064533233643
14-02-1997,12.90059757232666,13.036393165588379,2417233,13.104290962219238,12.90059757232666,7.849440097808838
18-02-1997,12.86664867401123,12.86664867401123,2496396,12.96849536895752,12.96849536895752,7.890753269195557
19-02-1997,12.86664867401123,12.93454647064209,2483509,13.00244426727295,12.96849536895752,7.890753269195557
20-02-1997,12.696904182434082,12.8326997756958,2606488,12.93454647064209,12.93454647064209,7.8700995445251465
21-02-1997,12.90059757232666,12.93454647064209,2052347,13.036393165588379,13.036393165588379,7.932064533233643
24-02-1997,12.93454647064209,12.96849536895752,2332547,13.00244426727295,12.96849536895752,7.890753269195557
25-02-1997,12.90059757232666,12.90059757232666,2406187,13.240086555480957,13.240086555480957,8.05600643157959
26-02-1997,13.138239860534668,13.307985305786133,3619038,13.511677742004395,13.172188758850098,8.014690399169922
27-02-1997,12.662955284118652,13.070342063903809,7301406,13.104290962219238,12.662955284118652,7.704845905303955
28-02-1997,12.493209838867188,12.629006385803223,2414656,12.798750877380371,12.493209838867188,7.601567268371582
03-03-1997,12.391363143920898,12.391363143920898,2019577,12.696904182434082,12.595056533813477,7.663532257080078
04-03-1997,12.595056533813477,12.595056533813477,2788010,12.8326997756958,12.696904182434082,7.7255024909973145
05-03-1997,12.629006385803223,12.662955284118652,3581113,12.90059757232666,12.90059757232666,7.849440097808838
06-03-1997,12.595056533813477,12.764801979064941,4156610,12.798750877380371,12.730853080749512,7.7957258224487305
07-03-1997,12.730853080749512,12.730853080749512,5214817,13.138239860534668,12.93454647064209,7.920456886291504
10-03-1997,12.90059757232666,12.96849536895752,2254120,13.036393165588379,13.00244426727295,7.962032794952393
11-03-1997,13.00244426727295,13.00244426727295,2459208,13.240086555480957,13.138239860534668,8.045186042785645
12-03-1997,12.798750877380371,13.070342063903809,3251942,13.070342063903809,12.86664867401123,7.878876686096191
13-03-1997,12.561107635498047,12.798750877380371,2382622,12.798750877380371,12.629006385803223,7.733356952667236
14-03-1997,12.595056533813477,12.629006385803223,2953700,12.764801979064941,12.629006385803223,7.733356952667236
17-03-1997,12.323466300964355,12.527158737182617,2332915,12.798750877380371,12.730853080749512,7.7957258224487305
18-03-1997,12.459260940551758,12.561107635498047,1310056,12.730853080749512,12.662955284118652,7.754146099090576
19-03-1997,12.459260940551758,12.561107635498047,2059711,12.730853080749512,12.561107635498047,7.6917805671691895
20-03-1997,12.357414245605469,12.493209838867188,1392164,12.493209838867188,12.391363143920898,7.587838172912598
21-03-1997,12.15372085571289,12.391363143920898,3130068,12.425312042236328,12.15372085571289,7.442316055297852
24-03-1997,12.085823059082031,12.119771957397461,2029887,12.425312042236328,12.425312042236328,7.608624458312988
25-03-1997,12.425312042236328,12.730853080749512,1864933,12.8326997756958,12.459260940551758,7.6294121742248535
26-03-1997,12.323466300964355,12.493209838867188,1292014,12.561107635498047,12.425312042236328,7.608624458312988
27-03-1997,12.18766975402832,12.425312042236328,1255562,12.459260940551758,12.22161865234375,7.483894348144531
31-03-1997,11.678436279296875,12.119771957397461,1991594,12.119771957397461,11.712385177612305,7.172068119049072
01-04-1997,11.644487380981445,11.712385177612305,3479858,11.916077613830566,11.916077613830566,7.296793460845947
02-04-1997,11.712385177612305,11.848179817199707,1746004,12.119771957397461,11.882128715515137,7.276008129119873
03-04-1997,11.678436279296875,11.882128715515137,1683779,11.950027465820312,11.746334075927734,7.19285249710083
04-04-1997,11.712385177612305,11.712385177612305,1608666,12.051874160766602,12.051874160766602,7.379948616027832
07-04-1997,12.18766975402832,12.22161865234375,2847291,12.459260940551758,12.425312042236328,7.608624458312988
08-04-1997,12.18766975402832,12.459260940551758,1096131,12.459260940551758,12.18766975402832,7.463102340698242
09-04-1997,12.017925262451172,12.22161865234375,1477587,12.323466300964355,12.051874160766602,7.379948616027832
10-04-1997,12.017925262451172,12.085823059082031,1817435,12.15372085571289,12.085823059082031,7.400742053985596
11-04-1997,11.47474193572998,11.950027465820312,2548312,11.950027465820312,11.50869083404541,7.047331809997559
14-04-1997,11.288022994995117,11.47474193572998,1552699,11.780282020568848,11.678436279296875,7.151274681091309
15-04-1997,11.644487380981445,11.644487380981445,1938573,12.051874160766602,12.051874160766602,7.379948616027832
16-04-1997,11.916077613830566,12.051874160766602,2407660,12.425312042236328,12.391363143920898,7.587838172912598
17-04-1997,12.289517402648926,12.459260940551758,3491641,12.595056533813477,12.323466300964355,7.546258449554443
18-04-1997,12.357414245605469,12.357414245605469,3283239,12.629006385803223,12.561107635498047,7.6917805671691895
21-04-1997,12.15372085571289,12.561107635498047,1434507,12.561107635498047,12.22161865234375,7.483894348144531
22-04-1997,12.289517402648926,12.289517402648926,3909179,12.86664867401123,12.730853080749512,7.7957258224487305
23-04-1997,12.493209838867188,12.730853080749512,948483,12.730853080749512,12.493209838867188,7.650206565856934
24-04-1997,12.595056533813477,12.629006385803223,3375289,12.815725326538086,12.629006385803223,7.733356952667236
25-04-1997,12.595056533813477,12.629006385803223,948483,12.696904182434082,12.629006385803223,7.733356952667236
28-04-1997,12.459260940551758,12.629006385803223,2036146,12.662955284118652,12.595056533813477,7.712568283081055
29-04-1997,12.629006385803223,12.662955284118652,1755578,12.764801979064941,12.764801979064941,7.816508769989014
30-04-1997,12.730853080749512,12.730853080749512,1660214,13.00244426727295,13.00244426727295,7.962032794952393
01-05-1997,12.730853080749512,13.00244426727295,999295,13.00244426727295,12.8326997756958,7.858089923858643
02-05-1997,12.798750877380371,12.8326997756958,1497838,13.138239860534668,13.036393165588379,7.982818603515625
05-05-1997,12.93454647064209,13.036393165588379,1839895,13.104290962219238,13.070342063903809,8.00361156463623
06-05-1997,13.036393165588379,13.172188758850098,2611274,13.274036407470703,13.138239860534668,8.045186042785645
07-05-1997,13.172188758850098,13.206137657165527,1981652,13.409832000732422,13.206137657165527,8.08676528930664
08-05-1997,12.8326997756958,13.104290962219238,2475409,13.375883102416992,12.86664867401123,7.878876686096191
09-05-1997,12.595056533813477,13.036393165588379,4105062,13.036393165588379,12.629006385803223,7.733356952667236
12-05-1997,12.662955284118652,12.662955284118652,3215122,13.375883102416992,13.206137657165527,8.08676528930664
13-05-1997,13.172188758850098,13.274036407470703,1523243,13.341934204101562,13.307985305786133,8.14913272857666
14-05-1997,13.341934204101562,13.375883102416992,3020345,13.511677742004395,13.477728843688965,8.253067970275879
15-05-1997,13.375883102416992,13.409832000732422,1976866,13.64747428894043,13.64747428894043,8.357015609741211
16-05-1997,13.443780899047852,13.613525390625,4198953,13.68142318725586,13.477728843688965,8.253067970275879
19-05-1997,13.206137657165527,13.443780899047852,1116014,13.477728843688965,13.375883102416992,8.190706253051758
20-05-1997,13.341934204101562,13.443780899047852,2786169,13.64747428894043,13.579575538635254,8.315435409545898
21-05-1997,13.68142318725586,13.851167678833008,2606488,13.885116577148438,13.749320983886719,8.419382095336914
22-05-1997,13.477728843688965,13.749320983886719,2247861,13.817218780517578,13.579575538635254,8.315435409545898
23-05-1997,13.68142318725586,13.715372085571289,2506337,14.25855541229248,14.156707763671875,8.668843269348145
27-05-1997,14.020913124084473,14.122758865356445,2182690,14.25855541229248,14.156707763671875,8.668843269348145
28-05-1997,14.054861068725586,14.122758865356445,2453685,14.29250431060791,14.054861068725586,8.606477737426758
29-05-1997,14.088809967041016,14.122758865356445,1802339,14.224605560302734,14.122758865356445,8.648056030273438
30-05-1997,13.986964225769043,13.986964225769043,3198553,14.36040210723877,14.32645320892334,8.772788047790527
02-06-1997,13.885116577148438,14.36040210723877,2597651,14.462248802185059,13.919066429138184,8.523324966430664
03-06-1997,13.783269882202148,13.851167678833008,2987207,13.953015327453613,13.783269882202148,8.440168380737305
04-06-1997,13.68142318725586,13.783269882202148,2392564,13.851167678833008,13.851167678833008,8.4817476272583
05-06-1997,13.817218780517578,13.851167678833008,2265903,13.953015327453613,13.885116577148438,8.50253677368164
06-06-1997,13.851167678833008,13.919066429138184,2068916,14.462248802185059,14.462248802185059,8.855939865112305
09-06-1997,14.32645320892334,14.3943510055542,2073702,14.631993293762207,14.631993293762207,9.007586479187012
10-06-1997,14.428299903869629,14.733839988708496,2133351,14.733839988708496,14.598045349121094,8.986688613891602
11-06-1997,14.598045349121094,14.631993293762207,1580314,14.801737785339355,14.801737785339355,9.112079620361328
12-06-1997,14.631993293762207,14.801737785339355,2806789,14.835686683654785,14.699891090393066,9.049385070800781
13-06-1997,14.665942192077637,14.699891090393066,2254489,14.699891090393066,14.699891090393066,9.049385070800781
16-06-1997,14.631993293762207,14.699891090393066,2181585,14.801737785339355,14.767788887023926,9.0911865234375
17-06-1997,14.598045349121094,14.699891090393066,3969196,15.209124565124512,15.03938102722168,9.258378028869629
18-06-1997,14.462248802185059,15.03938102722168,2642571,15.07332992553711,14.462248802185059,8.903093338012695
19-06-1997,14.530146598815918,14.530146598815918,2878219,14.733839988708496,14.665942192077637,9.028485298156738
20-06-1997,14.869635581970215,14.93753433227539,3678686,14.97148323059082,14.903585433959961,9.174778938293457
23-06-1997,14.25855541229248,14.869635581970215,1600197,14.869635581970215,14.29250431060791,8.798592567443848
24-06-1997,14.36040210723877,14.3943510055542,2964746,14.97148323059082,14.93753433227539,9.19568157196045
25-06-1997,14.631993293762207,14.869635581970215,2661350,14.954507827758789,14.784764289855957,9.101635932922363
26-06-1997,14.801737785339355,14.818713188171387,2138137,15.07332992553711,14.886610984802246,9.164331436157227
27-06-1997,14.886610984802246,15.07332992553711,1925686,15.243074417114258,14.954507827758789,9.206128120422363
30-06-1997,14.190656661987305,14.97148323059082,2359794,14.97148323059082,14.207632064819336,8.746350288391113
01-07-1997,14.462248802185059,14.462248802185059,5074164,15.293997764587402,15.260048866271973,9.394220352172852
02-07-1997,15.107278823852539,15.327946662902832,3186403,15.582564353942871,15.582564353942871,9.592768669128418
03-07-1997,15.701384544372559,15.71835994720459,2530639,16.125747680664062,15.939027786254883,9.812206268310547
07-07-1997,15.548615455627441,15.989951133728027,2275844,15.989951133728027,15.548615455627441,9.57186508178711
08-07-1997,15.59953784942627,15.6165132522583,1204382,15.837181091308594,15.837181091308594,9.749505043029785
09-07-1997,15.412818908691406,15.701384544372559,2684178,15.769283294677734,15.56558895111084,9.582317352294922
10-07-1997,15.53164005279541,15.548615455627441,1537971,15.972976684570312,15.6165132522583,9.613667488098145
11-07-1997,15.6165132522583,15.6334867477417,1007395,15.786256790161133,15.75230884552002,9.697266578674316
14-07-1997,15.701384544372559,15.75230884552002,1415361,16.006925582885742,15.871129989624023,9.770407676696777
15-07-1997,15.480716705322266,15.888104438781738,2007058,15.888104438781738,15.803232192993164,9.72861385345459
16-07-1997,15.803232192993164,15.871129989624023,3258938,15.989951133728027,15.939027786254883,9.812206268310547
17-07-1997,15.888104438781738,15.939027786254883,3452243,16.363388061523438,16.31246566772461,10.042098999023438
18-07-1997,15.71835994720459,16.29549217224121,3399222,16.31246566772461,15.786256790161133,9.718164443969727
21-07-1997,15.514665603637695,15.786256790161133,1407629,15.786256790161133,15.56558895111084,9.582317352294922
22-07-1997,15.53164005279541,15.59953784942627,1859778,15.871129989624023,15.854154586791992,9.759961128234863
23-07-1997,15.6165132522583,15.871129989624023,1725385,15.871129989624023,15.6165132522583,9.613667488098145
24-07-1997,15.6165132522583,15.65046215057373,2260748,16.193645477294922,16.159696578979492,9.948052406311035
25-07-1997,15.59953784942627,16.159696578979492,4287321,16.363388061523438,15.735334396362305,9.686811447143555
28-07-1997,15.71835994720459,15.786256790161133,1847996,15.939027786254883,15.803232192993164,9.72861385345459
29-07-1997,15.412818908691406,15.803232192993164,1589519,15.803232192993164,15.480716705322266,9.530068397521973
30-07-1997,15.344921112060547,15.49769115447998,2089535,15.514665603637695,15.378870010375977,9.467371940612793
31-07-1997,15.412818908691406,15.463743209838867,3278453,15.735334396362305,15.68441104888916,9.655465126037598
01-08-1997,15.56558895111084,15.667435646057129,2880060,15.75230884552002,15.6165132522583,9.613667488098145
04-08-1997,15.429794311523438,15.548615455627441,1798657,15.68441104888916,15.53164005279541,9.561419486999512
05-08-1997,15.378870010375977,15.49769115447998,1801603,15.59953784942627,15.49769115447998,9.540517807006836
06-08-1997,15.412818908691406,15.53164005279541,2141819,15.735334396362305,15.463743209838867,9.519617080688477
07-08-1997,15.395845413208008,15.463743209838867,1033169,15.56558895111084,15.412818908691406,9.488269805908203
08-08-1997,15.07332992553711,15.277023315429688,2855023,15.310972213745117,15.175176620483398,9.341978073120117
11-08-1997,14.648967742919922,15.141227722167969,2907675,15.192151069641113,14.801737785339355,9.112079620361328
12-08-1997,14.750815391540527,14.869635581970215,1590992,14.93753433227539,14.801737785339355,9.112079620361328
13-08-1997,14.25855541229248,14.92055892944336,2567459,14.92055892944336,14.343426704406738,8.82994556427002
14-08-1997,14.377375602722168,14.377375602722168,2182321,14.733839988708496,14.581069946289062,8.976238250732422
15-08-1997,14.224605560302734,14.428299903869629,2187844,14.496197700500488,14.241580963134766,8.76724624633789
18-08-1997,13.953015327453613,14.173683166503906,2266639,14.36040210723877,14.36040210723877,8.840392112731934
19-08-1997,14.496197700500488,14.530146598815918,2910253,14.835686683654785,14.835686683654785,9.132983207702637
20-08-1997,14.886610984802246,14.903585433959961,2894788,15.07332992553711,14.97148323059082,9.216581344604492
21-08-1997,14.869635581970215,14.954507827758789,2174589,15.00543212890625,14.988456726074219,9.227032661437988
22-08-1997,14.801737785339355,14.903585433959961,3420578,15.056355476379395,15.056355476379395,9.268828392028809
25-08-1997,14.886610984802246,15.056355476379395,1753737,15.175176620483398,14.92055892944336,9.185226440429688
26-08-1997,14.699891090393066,14.954507827758789,2679391,14.954507827758789,14.699891090393066,9.049385070800781
27-08-1997,14.530146598815918,14.598045349121094,2070389,14.750815391540527,14.699891090393066,9.049385070800781
28-08-1997,14.428299903869629,14.648967742919922,1355712,14.784764289855957,14.682916641235352,9.038935661315918
29-08-1997,14.428299903869629,14.615018844604492,1378541,14.615018844604492,14.445274353027344,8.892640113830566
02-09-1997,14.513172149658203,14.513172149658203,1292014,14.97148323059082,14.93753433227539,9.19568157196045
03-09-1997,14.869635581970215,14.97148323059082,2106840,15.056355476379395,14.886610984802246,9.164331436157227
04-09-1997,14.750815391540527,14.92055892944336,5374984,14.93753433227539,14.93753433227539,9.19568157196045
05-09-1997,14.665942192077637,14.93753433227539,1801603,14.988456726074219,14.784764289855957,9.101635932922363
08-09-1997,14.767788887023926,14.767788887023926,920500,14.92055892944336,14.784764289855957,9.149026870727539
09-09-1997,14.648967742919922,14.784764289855957,1687092,14.97148323059082,14.852662086486816,9.191041946411133
10-09-1997,14.496197700500488,14.852662086486816,2112363,14.852662086486816,14.496197700500488,8.97045612335205
11-09-1997,14.173683166503906,14.445274353027344,2543157,14.496197700500488,14.36040210723877,8.88642692565918
12-09-1997,14.071836471557617,14.428299903869629,2959223,14.615018844604492,14.615018844604492,9.043986320495605
15-09-1997,14.29250431060791,14.581069946289062,1870456,14.615018844604492,14.411325454711914,8.917939186096191
16-09-1997,14.547121047973633,14.547121047973633,2390354,14.886610984802246,14.699891090393066,9.096506118774414
17-09-1997,14.615018844604492,14.699891090393066,2755241,14.767788887023926,14.682916641235352,9.086004257202148
18-09-1997,14.699891090393066,14.716865539550781,2276212,14.988456726074219,14.767788887023926,9.138525009155273
19-09-1997,14.36040210723877,14.36040210723877,4127522,14.615018844604492,14.564096450805664,9.012475967407227
22-09-1997,14.615018844604492,14.665942192077637,2381149,14.93753433227539,14.886610984802246,9.21204948425293
23-09-1997,14.665942192077637,14.93753433227539,2538739,14.93753433227539,14.869635581970215,9.201549530029297
24-09-1997,14.462248802185059,14.801737785339355,1477955,14.852662086486816,14.462248802185059,8.94945240020752
25-09-1997,14.088809967041016,14.411325454711914,2198522,14.547121047973633,14.122758865356445,8.739368438720703
26-09-1997,14.139734268188477,14.173683166503906,2732044,14.581069946289062,14.547121047973633,9.001970291137695
29-09-1997,14.037886619567871,14.547121047973633,3290972,14.564096450805664,14.139734268188477,8.74987506866455
30-09-1997,14.156707763671875,14.173683166503906,2834404,14.377375602722168,14.190656661987305,8.78138542175293
01-10-1997,14.156707763671875,14.241580963134766,2579609,14.496197700500488,14.428299903869629,8.928441047668457
02-10-1997,14.29250431060791,14.3943510055542,1786875,14.513172149658203,14.496197700500488,8.97045612335205
03-10-1997,14.411325454711914,14.665942192077637,2683442,14.699891090393066,14.462248802185059,8.94945240020752
06-10-1997,14.462248802185059,14.530146598815918,1920899,14.835686683654785,14.784764289855957,9.149026870727539
07-10-1997,14.903585433959961,14.903585433959961,3797983,15.277023315429688,15.260048866271973,9.443138122558594
08-10-1997,15.07332992553711,15.327946662902832,3002671,15.378870010375977,15.226099967956543,9.422136306762695
09-10-1997,14.97148323059082,15.175176620483398,1421620,15.175176620483398,15.090304374694824,9.338098526000977
10-10-1997,14.648967742919922,14.988456726074219,743764,14.988456726074219,14.784764289855957,9.149026870727539
13-10-1997,14.852662086486816,14.852662086486816,853119,15.03938102722168,15.03938102722168,9.306587219238281
14-10-1997,14.93753433227539,15.141227722167969,2363844,15.209124565124512,15.07332992553711,9.327598571777344
15-10-1997,14.852662086486816,15.022405624389648,1013655,15.022405624389648,14.92055892944336,9.23305892944336
16-10-1997,14.496197700500488,14.92055892944336,2050506,15.022405624389648,14.665942192077637,9.075496673583984
17-10-1997,14.32645320892334,14.496197700500488,4547270,14.665942192077637,14.665942192077637,9.075496673583984
20-10-1997,14.496197700500488,14.699891090393066,1447762,14.869635581970215,14.818713188171387,9.170038223266602
21-10-1997,14.767788887023926,14.784764289855957,917554,15.07332992553711,15.056355476379395,9.317094802856445
22-10-1997,14.954507827758789,15.07332992553711,2541316,15.514665603637695,15.175176620483398,9.390619277954102
23-10-1997,13.443780899047852,14.564096450805664,25495641,14.598045349121094,14.25855541229248,8.823405265808105
24-10-1997,13.358907699584961,14.25855541229248,11239305,14.25855541229248,13.426806449890137,8.30870532989502
27-10-1997,11.933053016662598,12.96849536895752,10370353,13.070342063903809,11.950027465820312,7.394851207733154
28-10-1997,11.848179817199707,12.15372085571289,8157103,12.730853080749512,12.696904182434082,7.857027530670166
29-10-1997,12.74782657623291,12.8326997756958,6957139,13.511677742004395,13.019418716430664,8.056608200073242
30-10-1997,12.629006385803223,12.951520919799805,4010434,13.036393165588379,12.662955284118652,7.836023807525635
31-10-1997,12.289517402648926,12.764801979064941,5519318,12.849674224853516,12.595056533813477,7.794003009796143
03-11-1997,12.662955284118652,12.662955284118652,3894083,12.90059757232666,12.86664867401123,7.962067604064941
04-11-1997,12.67992877960205,12.86664867401123,3616460,12.93454647064209,12.86664867401123,7.962067604064941
05-11-1997,12.71387767791748,12.90059757232666,3159892,12.985469818115234,12.93454647064209,8.004087448120117
06-11-1997,12.71387767791748,12.93454647064209,4556107,12.93454647064209,12.883623123168945,7.9725728034973145
07-11-1997,12.662955284118652,12.764801979064941,2962537,12.86664867401123,12.730853080749512,7.8780388832092285
10-11-1997,12.578083038330078,12.798750877380371,3356511,12.815725326538086,12.71387767791748,7.867532253265381
11-11-1997,12.425312042236328,12.730853080749512,1976129,12.730853080749512,12.493209838867188,7.730981826782227
12-11-1997,12.170695304870605,12.425312042236328,2807525,12.493209838867188,12.272541999816895,7.5944318771362305
13-11-1997,12.22161865234375,12.238593101501465,2305668,12.645979881286621,12.561107635498047,7.772995948791504
14-11-1997,12.493209838867188,12.74782657623291,2849868,12.74782657623291,12.696904182434082,7.857027530670166
17-11-1997,12.612031936645508,12.8326997756958,6653006,12.90059757232666,12.781776428222656,7.909548282623291
18-11-1997,12.645979881286621,12.730853080749512,5461879,12.8326997756958,12.798750877380371,7.920053958892822
19-11-1997,12.67992877960205,12.730853080749512,2202941,12.951520919799805,12.951520919799805,8.014589309692383
20-11-1997,12.96849536895752,12.96849536895752,5360624,13.358907699584961,13.341934204101562,8.256182670593262
21-11-1997,13.39285659790039,13.443780899047852,3775155,13.817218780517578,13.800244331359863,8.539791107177734
24-11-1997,13.443780899047852,13.766295433044434,3253047,13.766295433044434,13.443780899047852,8.319209098815918
25-11-1997,13.443780899047852,13.562602043151855,3806820,13.698397636413574,13.664448738098145,8.45576286315918
26-11-1997,13.562602043151855,13.664448738098145,819981,13.766295433044434,13.630499839782715,8.43475341796875
28-11-1997,13.749320983886719,14.020913124084473,904299,14.037886619567871,13.749320983886719,8.508280754089355
01-12-1997,13.579575538635254,13.766295433044434,2687492,13.766295433044434,13.732346534729004,8.49777889251709
02-12-1997,13.749320983886719,13.749320983886719,2579977,14.105785369873047,14.020913124084473,8.676346778869629
03-12-1997,14.105785369873047,14.105785369873047,3228009,14.343426704406738,14.343426704406738,8.875922203063965
04-12-1997,14.122758865356445,14.411325454711914,4538801,14.479223251342773,14.122758865356445,8.739368438720703
05-12-1997,14.020913124084473,14.054861068725586,3578536,14.615018844604492,14.479223251342773,8.959959030151367
08-12-1997,13.902091026306152,14.32645320892334,4729161,14.32645320892334,13.936039924621582,8.67099380493164
09-12-1997,13.613525390625,13.902091026306152,3405114,14.156707763671875,13.766295433044434,8.565378189086914
10-12-1997,13.800244331359863,13.834193229675293,3245315,14.071836471557617,14.071836471557617,8.755486488342285
11-12-1997,13.783269882202148,14.020913124084473,1807494,14.037886619567871,13.800244331359863,8.58650016784668
12-12-1997,13.698397636413574,13.919066429138184,2588078,14.088809967041016,13.715372085571289,8.53369426727295
15-12-1997,13.732346534729004,13.732346534729004,2632262,13.902091026306152,13.834193229675293,8.607625007629395
16-12-1997,13.766295433044434,13.885116577148438,1766255,14.020913124084473,13.817218780517578,8.597064018249512
17-12-1997,13.223112106323242,13.851167678833008,4796541,13.851167678833008,13.562602043151855,8.438640594482422
18-12-1997,13.274036407470703,13.562602043151855,3053114,13.562602043151855,13.307985305786133,8.280216217041016
19-12-1997,12.764801979064941,13.240086555480957,5675435,13.240086555480957,13.00244426727295,8.090106964111328
22-12-1997,12.8326997756958,13.053367614746094,2566722,13.070342063903809,12.951520919799805,8.058423042297363
23-12-1997,12.74782657623291,12.985469818115234,2359057,12.985469818115234,12.74782657623291,7.931689739227295
24-12-1997,12.74782657623291,12.86664867401123,1275445,12.96849536895752,12.74782657623291,7.931689739227295
26-12-1997,12.849674224853516,12.93454647064209,617471,12.93454647064209,12.849674224853516,7.995058059692383
29-12-1997,12.985469818115234,13.00244426727295,1069989,13.172188758850098,13.138239860534668,8.17459774017334
30-12-1997,13.1552152633667,13.206137657165527,1132951,13.494704246520996,13.494704246520996,8.396394729614258
31-12-1997,13.477728843688965,13.528653144836426,2662086,13.868142127990723,13.698397636413574,8.52313232421875
02-01-1998,13.494704246520996,13.715372085571289,2265903,13.715372085571289,13.613525390625,8.470330238342285
05-01-1998,13.596550941467285,13.64747428894043,2078121,13.919066429138184,13.817218780517578,8.597064018249512
06-01-1998,13.698397636413574,13.868142127990723,2501551,13.868142127990723,13.766295433044434,8.565378189086914
07-01-1998,13.732346534729004,13.732346534729004,2577400,13.969988822937012,13.834193229675293,8.607625007629395
08-01-1998,13.851167678833008,13.919066429138184,2335124,14.003937721252441,13.851167678833008,8.618189811706543
09-01-1998,13.579575538635254,13.936039924621582,3549080,13.936039924621582,13.579575538635254,8.449203491210938
12-01-1998,13.172188758850098,13.307985305786133,4888223,13.375883102416992,13.223112106323242,8.227407455444336
13-01-1998,13.172188758850098,13.240086555480957,5640824,13.341934204101562,13.223112106323242,8.227407455444336
14-01-1998,13.206137657165527,13.223112106323242,3494218,13.596550941467285,13.545626640319824,8.428075790405273
15-01-1998,13.579575538635254,13.579575538635254,1919795,13.68142318725586,13.630499839782715,8.480888366699219
16-01-1998,13.698397636413574,13.698397636413574,2871592,14.122758865356445,14.122758865356445,8.787168502807617
20-01-1998,13.851167678833008,14.105785369873047,5743184,14.462248802185059,13.953015327453613,8.68155288696289
21-01-1998,13.664448738098145,13.817218780517578,3765581,13.969988822937012,13.698397636413574,8.52313232421875
22-01-1998,13.545626640319824,13.579575538635254,2898470,13.698397636413574,13.613525390625,8.470330238342285
23-01-1998,13.613525390625,13.68142318725586,1952196,13.817218780517578,13.630499839782715,8.480888366699219
26-01-1998,13.630499839782715,13.630499839782715,1948514,13.953015327453613,13.902091026306152,8.649866104125977
27-01-1998,13.749320983886719,13.783269882202148,3634870,13.969988822937012,13.868142127990723,8.628743171691895
28-01-1998,13.783269882202148,13.868142127990723,5314967,14.224605560302734,14.105785369873047,8.776609420776367
29-01-1998,14.224605560302734,14.25855541229248,6077877,14.767788887023926,14.445274353027344,8.987833023071289
30-01-1998,14.784764289855957,14.869635581970215,5567552,15.310972213745117,15.124253273010254,9.410297393798828
02-02-1998,15.344921112060547,15.344921112060547,4116108,15.68441104888916,15.65046215057373,9.737704277038574
03-02-1998,15.548615455627441,15.65046215057373,2011477,15.68441104888916,15.56558895111084,9.684895515441895
04-02-1998,15.226099967956543,15.56558895111084,2131510,15.56558895111084,15.293997764587402,9.515908241271973
05-02-1998,15.124253273010254,15.310972213745117,1280600,15.412818908691406,15.192151069641113,9.452547073364258
06-02-1998,15.107278823852539,15.260048866271973,1000031,15.395845413208008,15.277023315429688,9.505352020263672
09-02-1998,15.022405624389648,15.310972213745117,1232365,15.361895561218262,15.07332992553711,9.37861156463623
10-02-1998,15.03938102722168,15.175176620483398,1472432,15.412818908691406,15.361895561218262,9.558158874511719
11-02-1998,15.260048866271973,15.463743209838867,1086926,15.582564353942871,15.480716705322266,9.632091522216797
12-02-1998,15.090304374694824,15.480716705322266,2233501,15.480716705322266,15.243074417114258,9.484231948852539
13-02-1998,15.00543212890625,15.209124565124512,1736799,15.293997764587402,15.209124565124512,9.463106155395508
17-02-1998,15.07332992553711,15.412818908691406,3100980,15.412818908691406,15.260048866271973,9.49478816986084
18-02-1998,15.141227722167969,15.209124565124512,2539844,15.446767807006836,15.429794311523438,9.600403785705566
19-02-1998,15.243074417114258,15.395845413208008,2229083,15.6334867477417,15.260048866271973,9.49478816986084
20-02-1998,14.801737785339355,15.361895561218262,2258539,15.361895561218262,15.107278823852539,9.399734497070312
23-02-1998,15.00543212890625,15.141227722167969,1465804,15.344921112060547,15.327946662902832,9.537035942077637
24-02-1998,15.022405624389648,15.361895561218262,1337302,15.361895561218262,15.141227722167969,9.42086124420166
25-02-1998,15.090304374694824,15.141227722167969,1834741,15.53164005279541,15.277023315429688,9.505352020263672
26-02-1998,15.107278823852539,15.260048866271973,1060048,15.361895561218262,15.192151069641113,9.452547073364258
27-02-1998,15.056355476379395,15.124253273010254,1295696,15.395845413208008,15.378870010375977,9.568718910217285
02-03-1998,15.209124565124512,15.344921112060547,2418338,15.480716705322266,15.412818908691406,9.589844703674316
03-03-1998,15.310972213745117,15.463743209838867,2040933,15.582564353942871,15.412818908691406,9.589844703674316
04-03-1998,15.03938102722168,15.412818908691406,1175294,15.412818908691406,15.158202171325684,9.431421279907227
05-03-1998,14.767788887023926,15.00543212890625,2192631,15.090304374694824,14.852662086486816,9.241312026977539
06-03-1998,14.93753433227539,14.93753433227539,2230924,15.107278823852539,15.03938102722168,9.3574857711792
09-03-1998,14.97148323059082,14.97148323059082,2411342,15.446767807006836,15.277023315429688,9.505352020263672
10-03-1998,15.277023315429688,15.277023315429688,2873065,15.480716705322266,15.361895561218262,9.60769271850586
11-03-1998,15.090304374694824,15.243074417114258,3881933,15.786256790161133,15.786256790161133,9.87309741973877
12-03-1998,15.56558895111084,15.769283294677734,2580346,15.989951133728027,15.667435646057129,9.798785209655762
13-03-1998,15.277023315429688,15.71835994720459,2139242,15.820205688476562,15.480716705322266,9.682008743286133
16-03-1998,15.463743209838867,15.514665603637695,2342857,15.6334867477417,15.548615455627441,9.724466323852539
17-03-1998,15.514665603637695,15.548615455627441,2300882,15.75230884552002,15.75230884552002,9.851865768432617
18-03-1998,15.786256790161133,15.786256790161133,4736157,16.17667007446289,16.10877227783203,10.074806213378906
19-03-1998,16.057849884033203,16.27851676940918,2486455,16.29549217224121,16.14272117614746,10.096035957336426
20-03-1998,16.22759437561035,16.26154327392578,4645211,16.702878952026367,16.685903549194336,10.435757637023926
23-03-1998,16.4143123626709,16.906572341918945,4047623,16.906572341918945,16.49918556213379,10.318975448608398
24-03-1998,16.651954650878906,16.804725646972656,2662822,16.957496643066406,16.753801345825195,10.478219985961914
25-03-1998,16.448261260986328,16.838674545288086,2490137,16.872623443603516,16.601032257080078,10.382676124572754
26-03-1998,15.905078887939453,16.26154327392578,3374921,16.26154327392578,15.939027786254883,9.968645095825195
27-03-1998,15.71835994720459,16.02389907836914,2430856,16.057849884033203,15.75230884552002,9.851865768432617
30-03-1998,15.361895561218262,15.803232192993164,1923845,15.803232192993164,15.412818908691406,9.639541625976562
31-03-1998,14.733839988708496,15.310972213745117,6232153,15.310972213745117,14.97148323059082,9.363518714904785
01-04-1998,14.784764289855957,14.97148323059082,3722870,15.07332992553711,14.954507827758789,9.352899551391602
02-04-1998,14.767788887023926,14.97148323059082,4960390,15.00543212890625,14.903585433959961,9.321051597595215
03-04-1998,14.903585433959961,14.988456726074219,5471820,15.582564353942871,15.480716705322266,9.682008743286133
06-04-1998,15.07332992553711,15.412818908691406,2454053,15.446767807006836,15.107278823852539,9.448446273803711
07-04-1998,15.022405624389648,15.07332992553711,2055661,15.260048866271973,15.192151069641113,9.501530647277832
08-04-1998,15.141227722167969,15.412818908691406,2990520,15.582564353942871,15.226099967956543,9.522764205932617
09-04-1998,15.107278823852539,15.412818908691406,2185267,15.53164005279541,15.175176620483398,9.490913391113281
13-04-1998,14.835686683654785,15.175176620483398,4119790,15.175176620483398,14.903585433959961,9.321051597595215
14-04-1998,14.36040210723877,14.869635581970215,8010191,14.869635581970215,14.615018844604492,9.140576362609863
15-04-1998,14.25855541229248,14.564096450805664,10048546,14.564096450805664,14.3943510055542,9.002564430236816
16-04-1998,14.309478759765625,14.462248802185059,3844744,14.479223251342773,14.36040210723877,8.981332778930664
17-04-1998,14.122758865356445,14.428299903869629,5747602,14.581069946289062,14.564096450805664,9.108729362487793
20-04-1998,14.428299903869629,14.598045349121094,3958886,14.784764289855957,14.530146598815918,9.087495803833008
21-04-1998,14.3943510055542,14.631993293762207,3151424,14.682916641235352,14.547121047973633,9.098113059997559
22-04-1998,14.3943510055542,14.547121047973633,3491641,14.581069946289062,14.3943510055542,9.002564430236816
23-04-1998,14.428299903869629,14.462248802185059,5431318,14.631993293762207,14.496197700500488,9.066263198852539
24-04-1998,14.462248802185059,14.564096450805664,7919246,14.92055892944336,14.801737785339355,9.257357597351074
27-04-1998,14.29250431060791,14.784764289855957,3610201,14.784764289855957,14.36040210723877,8.981332778930664
28-04-1998,14.411325454711914,14.496197700500488,5292139,14.699891090393066,14.547121047973633,9.098113059997559
29-04-1998,14.32645320892334,14.581069946289062,2929767,14.581069946289062,14.32645320892334,8.960103034973145
30-04-1998,14.733839988708496,14.733839988708496,5086315,15.209124565124512,15.056355476379395,9.416600227355957
01-05-1998,14.97148323059082,15.107278823852539,3168729,15.175176620483398,15.107278823852539,9.448446273803711
04-05-1998,14.767788887023926,15.310972213745117,2137769,15.327946662902832,14.818713188171387,9.267972946166992
05-05-1998,14.665942192077637,14.818713188171387,1425670,14.818713188171387,14.750815391540527,9.225512504577637
06-05-1998,14.564096450805664,14.869635581970215,2249334,14.869635581970215,14.564096450805664,9.108729362487793
07-05-1998,14.3943510055542,14.581069946289062,2480932,14.835686683654785,14.784764289855957,9.24674129486084
08-05-1998,14.750815391540527,14.767788887023926,2721734,15.107278823852539,14.954507827758789,9.352899551391602
11-05-1998,14.97148323059082,15.022405624389648,1372281,15.124253273010254,15.056355476379395,9.416600227355957
12-05-1998,15.03938102722168,15.07332992553711,2642203,15.260048866271973,15.03938102722168,9.405980110168457
13-05-1998,14.988456726074219,14.988456726074219,2367894,15.175176620483398,15.124253273010254,9.459064483642578
14-05-1998,15.07332992553711,15.090304374694824,2127460,15.412818908691406,15.141227722167969,9.469682693481445
15-05-1998,14.750815391540527,15.158202171325684,2186740,15.361895561218262,14.92055892944336,9.331669807434082
18-05-1998,14.886610984802246,14.93753433227539,1975393,15.310972213745117,15.192151069641113,9.501530647277832
19-05-1998,15.124253273010254,15.209124565124512,2177167,15.514665603637695,15.361895561218262,9.60769271850586
20-05-1998,15.344921112060547,15.463743209838867,1993435,15.735334396362305,15.735334396362305,9.841248512268066
21-05-1998,15.68441104888916,15.68441104888916,6430245,16.17667007446289,15.75230884552002,9.851865768432617
22-05-1998,15.59953784942627,15.854154586791992,1600565,15.854154586791992,15.68441104888916,9.809401512145996
26-05-1998,15.226099967956543,15.71835994720459,1259612,15.71835994720459,15.226099967956543,9.522764205932617
27-05-1998,14.97148323059082,15.226099967956543,1982389,15.412818908691406,15.344921112060547,9.597074508666992
28-05-1998,15.344921112060547,15.446767807006836,1454758,15.548615455627441,15.429794311523438,9.650154113769531
29-05-1998,15.412818908691406,15.548615455627441,2063393,15.6165132522583,15.53164005279541,9.71385383605957
01-06-1998,15.310972213745117,15.49769115447998,2072230,15.6334867477417,15.412818908691406,9.639541625976562
02-06-1998,14.682916641235352,15.107278823852539,10743708,15.310972213745117,14.903585433959961,9.321051597595215
03-06-1998,14.733839988708496,14.733839988708496,2605751,14.93753433227539,14.750815391540527,9.225512504577637
04-06-1998,14.411325454711914,14.682916641235352,4886750,14.801737785339355,14.615018844604492,9.140576362609863
05-06-1998,14.598045349121094,14.665942192077637,6738428,15.00543212890625,15.00543212890625,9.384751319885254
08-06-1998,14.903585433959961,15.107278823852539,2221351,15.107278823852539,14.93753433227539,9.342284202575684
09-06-1998,14.801737785339355,14.97148323059082,3866100,14.988456726074219,14.886610984802246,9.35978889465332
10-06-1998,14.869635581970215,14.869635581970215,5292507,15.03938102722168,14.954507827758789,9.402477264404297
11-06-1998,14.750815391540527,14.903585433959961,2681601,15.107278823852539,14.801737785339355,9.306426048278809
12-06-1998,14.530146598815918,14.767788887023926,4572676,14.801737785339355,14.648967742919922,9.210373878479004
15-06-1998,14.122758865356445,14.428299903869629,5126817,14.598045349121094,14.122758865356445,8.879524230957031
16-06-1998,14.088809967041016,14.3943510055542,4742048,14.3943510055542,14.190656661987305,8.92221736907959
17-06-1998,14.224605560302734,14.25855541229248,2710688,14.479223251342773,14.445274353027344,9.082300186157227
18-06-1998,14.29250431060791,14.411325454711914,1975393,14.496197700500488,14.343426704406738,9.018267631530762
19-06-1998,14.156707763671875,14.411325454711914,3015190,14.411325454711914,14.275529861450195,8.975579261779785
22-06-1998,14.122758865356445,14.241580963134766,1938205,14.32645320892334,14.173683166503906,8.911541938781738
23-06-1998,14.122758865356445,14.275529861450195,3017399,14.32645320892334,14.275529861450195,8.975579261779785
24-06-1998,13.986964225769043,14.207632064819336,4575990,14.411325454711914,14.3943510055542,9.050289154052734
25-06-1998,14.224605560302734,14.428299903869629,5321226,14.699891090393066,14.3943510055542,9.050289154052734
26-06-1998,14.479223251342773,14.479223251342773,2451476,14.615018844604492,14.530146598815918,9.135665893554688
29-06-1998,14.615018844604492,14.665942192077637,3997916,14.835686683654785,14.648967742919922,9.210373878479004
30-06-1998,14.530146598815918,14.716865539550781,3878987,14.801737785339355,14.615018844604492,9.189023971557617
01-07-1998,14.648967742919922,14.665942192077637,2025100,14.801737785339355,14.733839988708496,9.263734817504883
02-07-1998,14.665942192077637,14.733839988708496,1658005,14.801737785339355,14.767788887023926,9.285082817077637
06-07-1998,14.733839988708496,14.801737785339355,2127828,14.886610984802246,14.818713188171387,9.317098617553711
07-07-1998,14.665942192077637,14.869635581970215,3171307,14.97148323059082,14.699891090393066,9.242389678955078
08-07-1998,14.343426704406738,14.699891090393066,2992361,14.835686683654785,14.818713188171387,9.317098617553711
09-07-1998,14.869635581970215,14.903585433959961,3791355,15.209124565124512,15.03938102722168,9.455840110778809
10-07-1998,14.767788887023926,15.03938102722168,3542820,15.166688919067383,14.835686683654785,9.327774047851562
13-07-1998,14.581069946289062,14.835686683654785,2906203,14.835686683654785,14.615018844604492,9.189023971557617
14-07-1998,14.615018844604492,14.631993293762207,2850604,15.07332992553711,14.92055892944336,9.381133079528809
15-07-1998,14.93753433227539,14.97148323059082,1990857,15.124253273010254,15.022405624389648,9.445170402526855
16-07-1998,14.988456726074219,15.022405624389648,2075912,15.277023315429688,15.277023315429688,9.605255126953125
17-07-1998,15.192151069641113,15.277023315429688,2030255,15.446767807006836,15.378870010375977,9.669294357299805
20-07-1998,15.124253273010254,15.446767807006836,1469118,15.463743209838867,15.175176620483398,9.541221618652344
21-07-1998,14.903585433959961,15.226099967956543,1364549,15.226099967956543,14.97148323059082,9.413151741027832
22-07-1998,14.93753433227539,15.022405624389648,1822222,15.175176620483398,15.107278823852539,9.498528480529785
23-07-1998,15.344921112060547,15.378870010375977,10537148,16.21061897277832,15.395845413208008,9.679967880249023
24-07-1998,15.786256790161133,15.922053337097168,6916637,16.091798782348633,15.956002235412598,10.032155990600586
27-07-1998,15.854154586791992,15.972976684570312,6673625,16.634981155395508,15.888104438781738,9.989470481872559
28-07-1998,15.56558895111084,15.871129989624023,5390080,15.888104438781738,15.68441104888916,9.86139965057373
29-07-1998,15.786256790161133,15.989951133728027,5709677,16.27851676940918,16.24456787109375,10.213587760925293
30-07-1998,16.125747680664062,16.27851676940918,3753063,16.32944107055664,16.26154327392578,10.224260330200195
31-07-1998,16.057849884033203,16.27851676940918,3147005,16.53313446044922,16.22759437561035,10.20291519165039
03-08-1998,16.057849884033203,16.29549217224121,4109848,16.29549217224121,16.17667007446289,10.170896530151367
04-08-1998,15.56558895111084,16.159696578979492,3151792,16.24456787109375,15.769283294677734,9.914758682250977
05-08-1998,15.667435646057129,15.71835994720459,4887487,16.159696578979492,15.922053337097168,10.010807991027832
06-08-1998,15.480716705322266,15.75230884552002,4340342,15.854154586791992,15.548615455627441,9.77601432800293
07-08-1998,15.395845413208008,15.548615455627441,2867173,15.786256790161133,15.71835994720459,9.88274097442627
10-08-1998,15.446767807006836,15.582564353942871,3372344,15.956002235412598,15.59953784942627,9.80803108215332
11-08-1998,15.00543212890625,15.277023315429688,2890738,15.75230884552002,15.71835994720459,9.88274097442627
12-08-1998,15.6165132522583,15.854154586791992,3846954,15.888104438781738,15.888104438781738,9.989470481872559
13-08-1998,15.75230884552002,15.888104438781738,2068179,16.091798782348633,15.769283294677734,9.914758682250977
14-08-1998,15.378870010375977,15.803232192993164,2283576,15.871129989624023,15.480716705322266,9.733330726623535
17-08-1998,15.310972213745117,15.480716705322266,1944096,15.548615455627441,15.446767807006836,9.711983680725098
18-08-1998,15.277023315429688,15.446767807006836,2682337,15.56558895111084,15.53164005279541,9.765344619750977
19-08-1998,15.293997764587402,15.53164005279541,3638921,16.02389907836914,15.922053337097168,10.010807991027832
20-08-1998,15.922053337097168,15.939027786254883,6678780,16.56708335876465,16.55010986328125,10.405694007873535
21-08-1998,15.59953784942627,16.53313446044922,5785158,16.53313446044922,16.02389907836914,10.074846267700195
24-08-1998,15.956002235412598,15.989951133728027,2285786,16.34641456604004,16.02389907836914,10.074846267700195
25-08-1998,16.057849884033203,16.057849884033203,2034305,16.43128776550293,16.34641456604004,10.277619361877441
26-08-1998,16.17667007446289,16.31246566772461,3165784,16.668930053710938,16.55010986328125,10.405694007873535
27-08-1998,15.888104438781738,16.363388061523438,2463626,16.38036346435547,15.905078887939453,10.000136375427246
28-08-1998,14.93753433227539,15.956002235412598,2476513,15.989951133728027,15.293997764587402,9.615925788879395
31-08-1998,14.428299903869629,15.260048866271973,3697096,15.277023315429688,14.428299903869629,9.071632385253906
01-09-1998,14.224605560302734,14.479223251342773,5700472,15.378870010375977,15.175176620483398,9.541221618652344
02-09-1998,14.93753433227539,15.107278823852539,4324877,15.480716705322266,15.378870010375977,9.669294357299805
03-09-1998,15.03938102722168,15.243074417114258,4569730,15.548615455627441,15.327946662902832,9.637276649475098
04-09-1998,15.310972213745117,15.378870010375977,4590718,15.75230884552002,15.480716705322266,9.733330726623535
08-09-1998,15.667435646057129,15.75230884552002,3907338,16.057849884033203,16.02389907836914,10.12636661529541
09-09-1998,15.989951133728027,16.02389907836914,4819370,16.3973388671875,16.02389907836914,10.12636661529541
10-09-1998,15.75230884552002,15.854154586791992,3068579,15.989951133728027,15.871129989624023,10.029826164245605
11-09-1998,15.75230884552002,15.871129989624023,2366053,16.159696578979492,16.159696578979492,10.212186813354492
14-09-1998,16.091798782348633,16.091798782348633,4068242,16.889598846435547,16.770776748657227,10.598357200622559
15-09-1998,16.363388061523438,16.49918556213379,2669082,16.634981155395508,16.516159057617188,10.437456130981445
16-09-1998,16.02389907836914,16.24456787109375,5587067,16.58405876159668,16.55010986328125,10.458906173706055
17-09-1998,15.65046215057373,16.125747680664062,4290635,16.159696578979492,15.75230884552002,9.954732894897461
18-09-1998,15.480716705322266,15.548615455627441,3878619,15.68441104888916,15.667435646057129,9.90109634399414
21-09-1998,15.378870010375977,15.429794311523438,2517752,15.735334396362305,15.735334396362305,9.944005966186523
22-09-1998,15.75230884552002,15.75230884552002,1141420,16.125747680664062,15.939027786254883,10.072729110717773
23-09-1998,15.735334396362305,15.939027786254883,2087326,16.22759437561035,16.14272117614746,10.201457977294922
24-09-1998,16.0748233795166,16.0748233795166,3323741,16.49918556213379,16.363388061523438,10.340909004211426
25-09-1998,16.14272117614746,16.29549217224121,3188980,16.31246566772461,16.24456787109375,10.265820503234863
28-09-1998,16.159696578979492,16.193645477294922,2685651,16.3973388671875,16.363388061523438,10.340909004211426
29-09-1998,16.22759437561035,16.3973388671875,4620542,17.246061325073242,17.178163528442383,10.855810165405273
30-09-1998,15.888104438781738,16.634981155395508,5282934,16.940521240234375,16.21061897277832,10.244361877441406
01-10-1998,15.310972213745117,16.091798782348633,6046212,16.24456787109375,15.59953784942627,9.858189582824707
02-10-1998,15.514665603637695,15.701384544372559,2582923,15.803232192993164,15.68441104888916,9.911822319030762
05-10-1998,15.548615455627441,15.68441104888916,2303827,16.006925582885742,15.939027786254883,10.072729110717773
06-10-1998,15.769283294677734,15.905078887939453,2542421,16.057849884033203,15.871129989624023,10.029826164245605
07-10-1998,15.582564353942871,15.888104438781738,2558254,16.10877227783203,15.75230884552002,9.954732894897461
08-10-1998,15.378870010375977,15.514665603637695,5212607,16.02389907836914,16.006925582885742,10.115638732910156
09-10-1998,15.68441104888916,15.956002235412598,2271058,16.14272117614746,15.854154586791992,10.019094467163086
12-10-1998,15.820205688476562,15.820205688476562,2191895,16.32944107055664,16.159696578979492,10.212186813354492
13-10-1998,15.888104438781738,16.21061897277832,1954406,16.24456787109375,16.0748233795166,10.15854549407959
14-10-1998,16.0748233795166,16.125747680664062,1610507,16.31246566772461,16.193645477294922,10.233638763427734
15-10-1998,16.006925582885742,16.17667007446289,5047654,16.702878952026367,16.634981155395508,10.512543678283691
16-10-1998,16.49918556213379,16.974470138549805,2643676,17.076316833496094,16.821699142456055,10.63054084777832
19-10-1998,16.821699142456055,16.821699142456055,3374921,17.449756622314453,17.280010223388672,10.92016887664795
20-10-1998,17.280010223388672,17.483705520629883,5189411,17.92504119873047,17.61949920654297,11.134712219238281
21-10-1998,17.51765251159668,17.6534481048584,4127522,17.75529670715332,17.61949920654297,11.134712219238281
22-10-1998,15.480716705322266,17.67042350769043,19143454,17.67042350769043,15.480716705322266,9.783098220825195
23-10-1998,15.68441104888916,16.02389907836914,11270970,16.22759437561035,15.989951133728027,10.104911804199219
26-10-1998,15.395845413208008,15.68441104888916,5764539,15.735334396362305,15.6165132522583,9.868914604187012
27-10-1998,15.514665603637695,15.803232192993164,3501582,15.854154586791992,15.667435646057129,9.90109634399414
28-10-1998,15.68441104888916,15.701384544372559,4289530,15.888104438781738,15.769283294677734,9.965461730957031
29-10-1998,15.75230884552002,15.888104438781738,5163637,16.193645477294922,16.193645477294922,10.233638763427734
30-10-1998,16.0748233795166,16.26154327392578,4191589,16.363388061523438,16.27851676940918,10.287274360656738
02-11-1998,16.10877227783203,16.27851676940918,4999051,16.29549217224121,16.21061897277832,10.244361877441406
03-11-1998,16.10877227783203,16.21061897277832,2641835,16.26154327392578,16.22759437561035,10.255090713500977
04-11-1998,16.091798782348633,16.22759437561035,3700410,16.29549217224121,16.21061897277832,10.244361877441406
05-11-1998,15.75230884552002,16.02389907836914,3496795,16.26154327392578,15.956002235412598,10.083456993103027
06-11-1998,15.956002235412598,15.956002235412598,2176798,16.193645477294922,16.02389907836914,10.12636661529541
09-11-1998,15.71835994720459,16.057849884033203,3098403,16.091798782348633,15.735334396362305,9.944005966186523
10-11-1998,15.71835994720459,15.735334396362305,2786169,16.159696578979492,16.006925582885742,10.115638732910156
11-11-1998,15.972976684570312,16.159696578979492,2607592,16.3973388671875,15.972976684570312,10.094185829162598
12-11-1998,15.922053337097168,15.922053337097168,1702925,16.24456787109375,16.159696578979492,10.212186813354492
13-11-1998,16.125747680664062,16.159696578979492,6858830,16.719852447509766,16.651954650878906,10.52326774597168
16-11-1998,16.56708335876465,16.787750244140625,2023259,17.042367935180664,16.58405876159668,10.480364799499512
17-11-1998,16.38036346435547,16.53313446044922,1941150,17.076316833496094,16.838674545288086,10.641267776489258
18-11-1998,16.55010986328125,16.702878952026367,2797215,17.093292236328125,17.076316833496094,10.791446685791016
19-11-1998,16.753801345825195,17.008419036865234,1913904,17.025394439697266,16.889598846435547,10.67344856262207
20-11-1998,16.991445541381836,17.059343338012695,2892579,17.381858825683594,17.229087829589844,10.887991905212402
23-11-1998,17.059343338012695,17.144214630126953,5003470,17.53462791442871,17.53462791442871,11.081082344055176
24-11-1998,17.212112426757812,17.212112426757812,3186403,17.636474609375,17.398832321166992,10.99526309967041
25-11-1998,17.398832321166992,17.432781219482422,2269217,17.82319450378418,17.73832130432129,11.20980167388916
27-11-1998,17.449756622314453,17.6534481048584,628886,17.68739891052246,17.53462791442871,11.081082344055176
30-11-1998,17.178163528442383,17.449756622314453,2978002,17.50067901611328,17.263036727905273,10.909448623657227
01-12-1998,17.161190032958984,17.161190032958984,2751559,17.92504119873047,17.92504119873047,11.327801704406738
02-12-1998,17.449756622314453,17.6534481048584,2574086,17.80621910095215,17.80621910095215,11.252710342407227
03-12-1998,16.889598846435547,17.6534481048584,1983125,17.70437240600586,16.974470138549805,10.727081298828125
04-12-1998,16.804725646972656,16.974470138549805,2694488,17.347909927368164,17.246061325073242,10.898716926574707
07-12-1998,16.872623443603516,17.178163528442383,2473568,17.195138931274414,17.059343338012695,10.780720710754395
08-12-1998,16.838674545288086,16.957496643066406,2019945,17.415807723999023,17.042367935180664,10.76999282836914
09-12-1998,16.906572341918945,16.957496643066406,1937468,17.229087829589844,17.144214630126953,10.884832382202148
10-12-1998,16.940521240234375,17.076316833496094,2398455,17.161190032958984,17.127241134643555,10.87405776977539
11-12-1998,16.991445541381836,17.076316833496094,1737904,17.161190032958984,17.127241134643555,10.87405776977539
14-12-1998,16.872623443603516,17.059343338012695,3502318,17.161190032958984,16.991445541381836,10.787837982177734
15-12-1998,16.838674545288086,16.923547744750977,2686755,17.127241134643555,17.076316833496094,10.84172248840332
16-12-1998,16.753801345825195,16.974470138549805,2990520,16.974470138549805,16.872623443603516,10.712400436401367
17-12-1998,16.736827850341797,16.838674545288086,2141083,17.076316833496094,17.059343338012695,10.830945014953613
18-12-1998,16.991445541381836,16.991445541381836,3662485,17.415807723999023,17.280010223388672,10.97104549407959
21-12-1998,17.025394439697266,17.110265731811523,2313032,17.415807723999023,17.263036727905273,10.960273742675781
22-12-1998,16.974470138549805,17.144214630126953,2082171,17.347909927368164,17.212112426757812,10.927936553955078
23-12-1998,17.212112426757812,17.330934524536133,2357216,17.46673011779785,17.449756622314453,11.078818321228027
24-12-1998,17.330934524536133,17.449756622314453,865270,17.50067901611328,17.364883422851562,11.024933815002441
28-12-1998,17.3139591217041,17.381858825683594,3539507,17.483705520629883,17.381858825683594,11.035712242126465
29-12-1998,17.246061325073242,17.330934524536133,1706975,17.381858825683594,17.364883422851562,11.024933815002441
30-12-1998,17.212112426757812,17.364883422851562,1311897,17.364883422851562,17.296985626220703,10.981827735900879
31-12-1998,17.246061325073242,17.296985626220703,1931209,17.46673011779785,17.46673011779785,11.089591026306152
04-01-1999,16.974470138549805,17.449756622314453,3168361,17.55160140991211,17.161190032958984,10.895607948303223
05-01-1999,17.059343338012695,17.195138931274414,2962169,17.364883422851562,17.127241134643555,10.87405776977539
06-01-1999,17.381858825683594,17.381858825683594,4692709,18.179658889770508,18.145708084106445,11.520675659179688
07-01-1999,17.60252571105957,18.077810287475586,3714033,18.196632385253906,17.80621910095215,11.305135726928711
08-01-1999,17.77227020263672,17.874116897583008,1493051,18.162683486938477,17.78924560546875,11.294360160827637
11-01-1999,17.6534481048584,17.6534481048584,2235342,17.85714340209961,17.73832130432129,11.262030601501465
12-01-1999,17.68739891052246,17.72134780883789,1622657,17.874116897583008,17.73832130432129,11.262030601501465
13-01-1999,17.347909927368164,17.381858825683594,3264093,17.68739891052246,17.50067901611328,11.111146926879883
14-01-1999,16.923547744750977,17.432781219482422,4403304,17.449756622314453,17.127241134643555,10.87405776977539
15-01-1999,17.127241134643555,17.178163528442383,3236846,17.432781219482422,17.415807723999023,11.057267189025879
19-01-1999,17.076316833496094,17.347909927368164,2781015,17.483705520629883,17.144214630126953,10.884832382202148
20-01-1999,17.076316833496094,17.110265731811523,2598387,17.347909927368164,17.144214630126953,10.884832382202148
21-01-1999,17.042367935180664,17.178163528442383,3814552,17.347909927368164,17.178163528442383,10.906389236450195
22-01-1999,16.838674545288086,17.110265731811523,6288488,17.144214630126953,16.991445541381836,10.787837982177734
25-01-1999,16.770776748657227,17.008419036865234,4358383,17.6534481048584,17.53462791442871,11.132710456848145
26-01-1999,17.449756622314453,17.58555030822754,2927190,17.77227020263672,17.60252571105957,11.175813674926758
27-01-1999,17.6534481048584,17.6534481048584,3042805,18.298479080200195,18.111759185791016,11.499124526977539
28-01-1999,18.077810287475586,18.111759185791016,4266333,19.11325454711914,18.96048355102539,12.037976264953613
29-01-1999,18.99443244934082,19.07930564880371,3765213,19.31694793701172,19.266023635864258,12.231969833374023
01-02-1999,19.02838134765625,19.232074737548828,4111321,19.35089683532715,19.282997131347656,12.242734909057617
02-02-1999,18.8756103515625,19.249048233032227,3945999,19.31694793701172,18.92653465270996,12.016419410705566
03-02-1999,18.90955924987793,18.90955924987793,5638615,19.266023635864258,19.232074737548828,12.210409164428711
04-02-1999,18.70586585998535,19.09627914428711,3124177,19.11325454711914,18.80771255493164,11.9409818649292
05-02-1999,18.654943466186523,18.756790161132812,2983893,19.266023635864258,18.94350814819336,12.027199745178223
08-02-1999,18.73981475830078,18.73981475830078,7819095,18.96048355102539,18.84166145324707,11.962538719177246
09-02-1999,18.400325775146484,18.77376365661621,2547576,18.80771255493164,18.400325775146484,11.682332992553711
10-02-1999,18.213607788085938,18.400325775146484,1820749,18.553096771240234,18.434274673461914,11.703886032104492
11-02-1999,18.196632385253906,18.196632385253906,1515511,18.620994567871094,18.400325775146484,11.682332992553711
12-02-1999,18.179658889770508,18.349401473999023,2194472,18.468223571777344,18.383350372314453,11.671557426452637
16-02-1999,18.332427978515625,18.349401473999023,1805285,18.70586585998535,18.620994567871094,11.82243824005127
17-02-1999,18.077810287475586,18.553096771240234,2021418,18.620994567871094,18.111759185791016,11.499124526977539
18-02-1999,18.060836791992188,18.162683486938477,2824830,18.332427978515625,18.145708084106445,11.520675659179688
19-02-1999,17.92504119873047,18.077810287475586,2135192,18.315454483032227,18.281505584716797,11.606891632080078
22-02-1999,18.213607788085938,18.213607788085938,1997117,18.8586368560791,18.8586368560791,11.97331714630127
23-02-1999,18.298479080200195,18.790739059448242,2431225,18.90955924987793,18.620994567871094,11.82243824005127
24-02-1999,18.90955924987793,19.14720344543457,2940445,19.14720344543457,19.02838134765625,12.081084251403809
25-02-1999,18.587045669555664,18.96048355102539,2740881,18.96048355102539,18.8756103515625,11.984095573425293
26-02-1999,18.73981475830078,18.8756103515625,2479459,19.11325454711914,19.11325454711914,12.134970664978027
01-03-1999,18.587045669555664,18.97745704650879,2570404,19.18115234375,19.01140785217285,12.070310592651367
02-03-1999,18.604019165039062,19.14720344543457,2427911,19.14720344543457,18.654943466186523,11.843989372253418
03-03-1999,18.637968063354492,18.637968063354492,1614557,18.96048355102539,18.8756103515625,11.984095573425293
04-03-1999,18.756790161132812,18.90955924987793,2255225,19.282997131347656,19.282997131347656,12.242734909057617
05-03-1999,19.656436920166016,19.690385818481445,3205181,20.0977725982666,19.894079208374023,12.630716323852539
08-03-1999,19.503665924072266,19.894079208374023,2781751,19.894079208374023,19.826181411743164,12.587605476379395
09-03-1999,19.520641326904297,19.724334716796875,1447762,19.860130310058594,19.520641326904297,12.39362907409668
10-03-1999,19.299972534179688,19.367870330810547,5607686,19.826181411743164,19.826181411743164,12.638602256774902
11-03-1999,19.741308212280273,19.826181411743164,4037313,20.4372615814209,20.25054359436035,12.909117698669434
12-03-1999,20.148696899414062,20.31844139099121,4734684,20.64095687866211,20.471210479736328,13.049790382385254
15-03-1999,20.23356819152832,20.301467895507812,3568963,20.64095687866211,20.623981475830078,13.147176742553711
16-03-1999,19.928028106689453,20.505159378051758,3447825,20.64095687866211,20.08079719543457,12.800911903381348
17-03-1999,18.73981475830078,19.690385818481445,8148634,19.826181411743164,18.8756103515625,12.032644271850586
18-03-1999,18.77376365661621,18.89258575439453,6583416,19.282997131347656,19.282997131347656,12.29233169555664
19-03-1999,18.73981475830078,19.215099334716797,3940845,19.282997131347656,18.790739059448242,11.978535652160645
22-03-1999,17.9589900970459,18.722841262817383,3897397,18.722841262817383,18.196632385253906,11.599811553955078
23-03-1999,17.58555030822754,18.196632385253906,6280756,18.196632385253906,17.67042350769043,11.264370918273926
24-03-1999,17.72134780883789,17.73832130432129,3412846,18.570070266723633,18.434274673461914,11.751301765441895
25-03-1999,18.145708084106445,18.417299270629883,4379739,18.8756103515625,18.179658889770508,11.58899211883545
26-03-1999,17.840167999267578,18.111759185791016,2887793,18.111759185791016,18.043861389160156,11.502429008483887
29-03-1999,18.060836791992188,18.128734588623047,1907276,18.451248168945312,18.213607788085938,11.610634803771973
30-03-1999,17.85714340209961,18.196632385253906,3035073,18.196632385253906,17.908065795898438,11.415858268737793
31-03-1999,17.78924560546875,17.85714340209961,3678318,18.077810287475586,17.92504119873047,11.426685333251953
01-04-1999,17.992938995361328,17.992938995361328,1779142,18.196632385253906,18.009912490844727,11.480789184570312
05-04-1999,18.060836791992188,18.077810287475586,1956247,18.400325775146484,18.213607788085938,11.610634803771973
06-04-1999,17.992938995361328,18.213607788085938,1768465,18.366376876831055,17.992938995361328,11.469964027404785
07-04-1999,17.89109230041504,17.942014694213867,3020713,18.060836791992188,17.9589900970459,11.448323249816895
08-04-1999,17.68739891052246,18.026887893676758,3442670,18.230581283569336,17.68739891052246,11.275185585021973
09-04-1999,17.73832130432129,17.73832130432129,2000431,18.094785690307617,18.009912490844727,11.480789184570312
12-04-1999,17.78924560546875,17.9589900970459,2327392,18.196632385253906,17.85714340209961,11.383400917053223
13-04-1999,17.85714340209961,17.85714340209961,4813479,18.264530181884766,18.247556686401367,11.632278442382812
14-04-1999,18.009912490844727,18.315454483032227,3110185,18.468223571777344,18.026887893676758,11.491604804992676
15-04-1999,16.974470138549805,17.92504119873047,9056615,18.060836791992188,17.3139591217041,11.037135124206543
16-04-1999,16.634981155395508,17.347909927368164,6474429,17.415807723999023,16.702878952026367,10.647587776184082
19-04-1999,16.363388061523438,16.634981155395508,4895955,17.076316833496094,16.56708335876465,10.561025619506836
20-04-1999,16.3973388671875,16.49918556213379,3519624,16.804725646972656,16.55010986328125,10.550203323364258
21-04-1999,16.363388061523438,16.482210159301758,2798688,16.923547744750977,16.651954650878906,10.615127563476562
22-04-1999,16.804725646972656,16.838674545288086,9119578,18.570070266723633,18.468223571777344,11.772944450378418
23-04-1999,18.230581283569336,18.434274673461914,3960727,18.688892364501953,18.332427978515625,11.686384201049805
26-04-1999,18.230581283569336,18.400325775146484,2589551,18.553096771240234,18.349401473999023,11.697198867797852
27-04-1999,18.111759185791016,18.400325775146484,1918690,18.434274673461914,18.162683486938477,11.578166961669922
28-04-1999,17.75529670715332,18.162683486938477,2392564,18.281505584716797,17.78924560546875,11.34011459350586
29-04-1999,17.229087829589844,17.78924560546875,2202941,17.82319450378418,17.347909927368164,11.058775901794434
30-04-1999,16.55010986328125,17.381858825683594,2505969,17.415807723999023,17.110265731811523,10.90728759765625
03-05-1999,17.025394439697266,17.110265731811523,4418032,17.280010223388672,17.280010223388672,11.015491485595703
04-05-1999,17.212112426757812,17.347909927368164,3356143,17.73832130432129,17.636474609375,11.242728233337402
05-05-1999,17.46673011779785,17.6534481048584,3943054,17.992938995361328,17.68739891052246,11.275185585021973
06-05-1999,17.51765251159668,17.6534481048584,1632967,18.111759185791016,18.043861389160156,11.502429008483887
07-05-1999,17.61949920654297,18.043861389160156,1460649,18.043861389160156,17.82319450378418,11.36175537109375
10-05-1999,17.432781219482422,17.75529670715332,2052715,17.78924560546875,17.55160140991211,11.188624382019043
11-05-1999,17.415807723999023,17.51765251159668,1590624,17.92504119873047,17.85714340209961,11.383400917053223
12-05-1999,17.46673011779785,17.82319450378418,2553835,18.094785690307617,18.094785690307617,11.534886360168457
13-05-1999,17.92504119873047,18.128734588623047,3595105,18.70586585998535,18.637968063354492,11.881149291992188
14-05-1999,17.78924560546875,18.400325775146484,1948883,18.485197067260742,17.78924560546875,11.34011459350586
17-05-1999,17.483705520629883,17.82319450378418,1992698,17.82319450378418,17.483705520629883,11.145341873168945
18-05-1999,17.280010223388672,17.55160140991211,2141451,17.56857681274414,17.296985626220703,11.026315689086914
19-05-1999,17.280010223388672,17.364883422851562,1437821,17.58555030822754,17.432781219482422,11.11288070678711
20-05-1999,17.415807723999023,17.50067901611328,1621553,17.75529670715332,17.46673011779785,11.134519577026367
21-05-1999,17.144214630126953,17.381858825683594,2859441,17.55160140991211,17.246061325073242,10.993853569030762
24-05-1999,16.516159057617188,17.110265731811523,4289162,17.161190032958984,16.906572341918945,10.777433395385742
25-05-1999,16.838674545288086,16.838674545288086,5087419,17.415807723999023,16.838674545288086,10.734155654907227
26-05-1999,16.906572341918945,16.940521240234375,4669881,17.364883422851562,17.229087829589844,10.98303508758545
27-05-1999,17.076316833496094,17.161190032958984,2527325,17.3139591217041,17.246061325073242,10.993853569030762
28-05-1999,17.212112426757812,17.212112426757812,3660276,17.78924560546875,17.53462791442871,11.177809715270996
01-06-1999,17.415807723999023,17.53462791442871,2475409,17.78924560546875,17.75529670715332,11.318470001220703
02-06-1999,17.70437240600586,17.70437240600586,3077416,18.043861389160156,17.9589900970459,11.448323249816895
03-06-1999,17.60252571105957,17.9589900970459,1902489,18.009912490844727,17.61949920654297,11.23190689086914
04-06-1999,17.58555030822754,17.58555030822754,3639657,18.264530181884766,18.196632385253906,11.599811553955078
07-06-1999,17.942014694213867,18.128734588623047,2117150,18.315454483032227,18.213607788085938,11.610634803771973
08-06-1999,18.094785690307617,18.145708084106445,3434201,18.451248168945312,18.400325775146484,11.729660034179688
09-06-1999,18.179658889770508,18.332427978515625,1292382,18.536121368408203,18.196632385253906,11.649678230285645
10-06-1999,17.85714340209961,18.162683486938477,3831857,18.434274673461914,17.92504119873047,11.475802421569824
11-06-1999,17.75529670715332,17.92504119873047,2630789,18.315454483032227,17.75529670715332,11.367128372192383
14-06-1999,17.50067901611328,17.9589900970459,2303827,18.026887893676758,17.55160140991211,11.236723899841309
15-06-1999,17.144214630126953,17.483705520629883,2729835,17.50067901611328,17.144214630126953,10.975909233093262
16-06-1999,16.957496643066406,17.110265731811523,3890033,17.161190032958984,17.076316833496094,10.932440757751465
17-06-1999,16.923547744750977,17.093292236328125,3547975,17.263036727905273,17.110265731811523,10.954174041748047
18-06-1999,16.923547744750977,17.110265731811523,3860945,17.178163528442383,17.110265731811523,10.954174041748047
21-06-1999,16.736827850341797,16.838674545288086,4253078,16.872623443603516,16.753801345825195,10.72596549987793
22-06-1999,16.363388061523438,16.685903549194336,5472188,16.719852447509766,16.58405876159668,10.617291450500488
23-06-1999,16.43128776550293,16.58405876159668,3480226,16.702878952026367,16.685903549194336,10.6824951171875
24-06-1999,16.4143123626709,16.685903549194336,2554940,16.702878952026367,16.516159057617188,10.573822021484375
25-06-1999,16.363388061523438,16.56708335876465,2856864,16.56708335876465,16.482210159301758,10.552082061767578
28-06-1999,16.22759437561035,16.482210159301758,2107577,16.58405876159668,16.3973388671875,10.49775218963623
29-06-1999,16.27851676940918,16.31246566772461,4916943,16.601032257080078,16.56708335876465,10.60642147064209
30-06-1999,16.31246566772461,16.56708335876465,6317944,16.56708335876465,16.46523666381836,10.541217803955078
01-07-1999,15.956002235412598,16.46523666381836,6261241,16.46523666381836,15.956002235412598,10.215204238891602
02-07-1999,15.939027786254883,16.02389907836914,7010528,16.125747680664062,16.02389907836914,10.258671760559082
06-07-1999,15.922053337097168,16.125747680664062,6810227,16.363388061523438,15.939027786254883,10.204338073730469
07-07-1999,15.888104438781738,15.939027786254883,5469243,16.0748233795166,15.972976684570312,10.226069450378418
08-07-1999,15.956002235412598,15.972976684570312,5663652,16.22759437561035,16.14272117614746,10.334741592407227
09-07-1999,16.14272117614746,16.193645477294922,6133844,16.56708335876465,16.53313446044922,10.584692001342773
12-07-1999,16.923547744750977,17.483705520629883,10944745,17.61949920654297,17.432781219482422,11.160653114318848
13-07-1999,17.229087829589844,17.398832321166992,5931702,17.6534481048584,17.3139591217041,11.08458423614502
14-07-1999,17.432781219482422,17.449756622314453,5273729,17.78924560546875,17.72134780883789,11.3454008102417
15-07-1999,17.72134780883789,17.75529670715332,5173210,18.298479080200195,18.298479080200195,11.714881896972656
16-07-1999,17.9589900970459,18.230581283569336,3765950,18.637968063354492,18.570070266723633,11.888751983642578
19-07-1999,17.92504119873047,18.536121368408203,2706638,18.536121368408203,18.094785690307617,11.584473609924316
20-07-1999,17.483705520629883,18.111759185791016,3435674,18.111759185791016,17.73832130432129,11.356264114379883
21-07-1999,17.68739891052246,17.85714340209961,2327760,18.128734588623047,17.9589900970459,11.497538566589355
22-07-1999,17.9589900970459,18.332427978515625,6552487,18.604019165039062,18.264530181884766,11.693148612976074
23-07-1999,18.264530181884766,18.264530181884766,4817897,18.8756103515625,18.70586585998535,11.975696563720703
26-07-1999,18.536121368408203,18.570070266723633,2316714,18.94350814819336,18.654943466186523,11.943095207214355
27-07-1999,18.604019165039062,18.671916961669922,4216258,18.84166145324707,18.604019165039062,11.910496711730957
28-07-1999,18.604019165039062,18.637968063354492,1840632,18.824687957763672,18.671916961669922,11.953962326049805
29-07-1999,18.570070266723633,18.604019165039062,3073365,18.80771255493164,18.654943466186523,11.943095207214355
30-07-1999,18.553096771240234,18.756790161132812,1746741,18.77376365661621,18.654943466186523,11.943095207214355
02-08-1999,18.485197067260742,18.688892364501953,2880060,18.94350814819336,18.620994567871094,11.921357154846191
03-08-1999,18.281505584716797,18.637968063354492,2070757,18.790739059448242,18.366376876831055,11.758350372314453
04-08-1999,17.68739891052246,18.264530181884766,2898102,18.383350372314453,17.80621910095215,11.399730682373047
05-08-1999,17.92504119873047,17.92504119873047,3682736,18.264530181884766,18.060836791992188,11.562742233276367
06-08-1999,17.89109230041504,18.060836791992188,2180112,18.077810287475586,17.992938995361328,11.519271850585938
09-08-1999,17.6534481048584,17.92504119873047,3527356,17.9589900970459,17.77227020263672,11.377996444702148
10-08-1999,17.229087829589844,17.6534481048584,2933081,17.72134780883789,17.50067901611328,11.204122543334961
11-08-1999,17.46673011779785,17.483705520629883,2750822,17.992938995361328,17.874116897583008,11.44320011138916
12-08-1999,17.75529670715332,17.85714340209961,3449298,18.094785690307617,17.9589900970459,11.497538566589355
13-08-1999,17.9589900970459,17.975963592529297,1421620,18.332427978515625,18.332427978515625,11.736612319946289
16-08-1999,18.026887893676758,18.264530181884766,3371607,18.519147872924805,18.264530181884766,11.693148612976074
17-08-1999,18.247556686401367,18.502172470092773,2057502,18.502172470092773,18.468223571777344,11.823554992675781
18-08-1999,18.400325775146484,18.536121368408203,2494187,18.654943466186523,18.468223571777344,11.823554992675781
19-08-1999,18.230581283569336,18.366376876831055,1533185,18.434274673461914,18.332427978515625,11.736612319946289
20-08-1999,18.281505584716797,18.366376876831055,2414287,18.468223571777344,18.468223571777344,11.823554992675781
23-08-1999,18.468223571777344,18.468223571777344,1873402,18.80771255493164,18.790739059448242,12.030034065246582
24-08-1999,18.553096771240234,18.790739059448242,1493051,18.80771255493164,18.73981475830078,11.997427940368652
25-08-1999,18.722841262817383,18.80771255493164,4563471,19.249048233032227,19.215099334716797,12.301709175109863
26-08-1999,18.90955924987793,19.14720344543457,3151056,19.14720344543457,19.01140785217285,12.171309471130371
27-08-1999,18.570070266723633,19.01140785217285,1205487,19.01140785217285,18.570070266723633,11.888751983642578
30-08-1999,18.298479080200195,18.502172470092773,1753737,18.587045669555664,18.502172470092773,11.845288276672363
31-08-1999,18.179658889770508,18.570070266723633,1603879,18.604019165039062,18.213607788085938,11.660544395446777
01-09-1999,18.196632385253906,18.196632385253906,2289836,18.451248168945312,18.383350372314453,11.769217491149902
02-09-1999,18.128734588623047,18.417299270629883,1081772,18.417299270629883,18.264530181884766,11.693148612976074
03-09-1999,18.468223571777344,18.468223571777344,2277685,18.637968063354492,18.536121368408203,11.867026329040527
07-09-1999,18.451248168945312,18.553096771240234,1340616,18.89258575439453,18.519147872924805,11.85615348815918
08-09-1999,18.281505584716797,18.553096771240234,1893653,18.553096771240234,18.434274673461914,11.8018159866333
09-09-1999,18.230581283569336,18.400325775146484,1832531,18.434274673461914,18.366376876831055,11.758350372314453
10-09-1999,18.128734588623047,18.383350372314453,1200700,18.383350372314453,18.145708084106445,11.617074966430664
13-09-1999,18.009912490844727,18.179658889770508,1788347,18.332427978515625,18.145708084106445,11.617074966430664
14-09-1999,17.56857681274414,18.077810287475586,1998958,18.077810287475586,17.636474609375,11.291060447692871
15-09-1999,17.61949920654297,17.70437240600586,1951092,17.89109230041504,17.6534481048584,11.301926612854004
16-09-1999,17.093292236328125,17.58555030822754,2017000,17.58555030822754,17.280010223388672,11.062849044799805
17-09-1999,17.161190032958984,17.212112426757812,4347337,17.330934524536133,17.161190032958984,10.986772537231445
20-09-1999,17.025394439697266,17.178163528442383,3251206,17.347909927368164,17.093292236328125,10.943310737609863
21-09-1999,16.34641456604004,17.008419036865234,3594000,17.042367935180664,16.516159057617188,10.573822021484375
22-09-1999,16.56708335876465,16.56708335876465,5392657,16.940521240234375,16.702878952026367,10.744598388671875
23-09-1999,16.38036346435547,16.736827850341797,2873065,16.736827850341797,16.49918556213379,10.613566398620605
24-09-1999,15.989951133728027,16.53313446044922,3551289,16.53313446044922,16.125747680664062,10.373346328735352
27-09-1999,16.14272117614746,16.3973388671875,3543557,16.56708335876465,16.43128776550293,10.569893836975098
28-09-1999,16.193645477294922,16.29549217224121,3865732,16.43128776550293,16.29549217224121,10.482535362243652
29-09-1999,15.6334867477417,16.27851676940918,4110585,16.32944107055664,16.091798782348633,10.351505279541016
30-09-1999,16.091798782348633,16.091798782348633,3258570,16.736827850341797,16.363388061523438,10.526214599609375
01-10-1999,16.363388061523438,16.3973388671875,2587710,16.634981155395508,16.601032257080078,10.679081916809082
04-10-1999,16.516159057617188,16.668930053710938,2132614,16.838674545288086,16.651954650878906,10.711844444274902
05-10-1999,16.56708335876465,16.58405876159668,2746772,16.940521240234375,16.651954650878906,10.711844444274902
06-10-1999,16.719852447509766,16.719852447509766,3816025,16.974470138549805,16.872623443603516,10.85379409790039
07-10-1999,16.855649948120117,16.855649948120117,2774019,17.58555030822754,17.53462791442871,11.27964973449707
08-10-1999,17.398832321166992,17.483705520629883,3728761,17.82319450378418,17.70437240600586,11.38884162902832
11-10-1999,17.56857681274414,17.67042350769043,1677151,17.73832130432129,17.60252571105957,11.323324203491211
12-10-1999,17.280010223388672,17.58555030822754,3082202,17.60252571105957,17.53462791442871,11.27964973449707
13-10-1999,16.940521240234375,17.46673011779785,2059343,17.46673011779785,16.940521240234375,10.897469520568848
14-10-1999,16.26154327392578,16.804725646972656,3568594,16.838674545288086,16.736827850341797,10.766440391540527
15-10-1999,16.43128776550293,16.787750244140625,1696666,16.787750244140625,16.49918556213379,10.613566398620605
18-10-1999,15.972976684570312,16.22759437561035,3160261,16.29549217224121,16.10877227783203,10.362421989440918
19-10-1999,15.429794311523438,16.29549217224121,7377992,16.58405876159668,16.22759437561035,10.438861846923828
20-10-1999,16.091798782348633,16.26154327392578,3735021,16.634981155395508,16.601032257080078,10.679081916809082
21-10-1999,16.159696578979492,16.43128776550293,5137863,17.46673011779785,17.280010223388672,11.115859985351562
22-10-1999,17.347909927368164,17.6534481048584,5759753,17.85714340209961,17.61949920654297,11.33424186706543
25-10-1999,17.51765251159668,17.61949920654297,5408122,18.349401473999023,17.78924560546875,11.443439483642578
26-10-1999,17.449756622314453,17.85714340209961,4110953,18.043861389160156,17.449756622314453,11.22504997253418
27-10-1999,17.347909927368164,17.381858825683594,4146668,17.72134780883789,17.55160140991211,11.290566444396973
28-10-1999,17.53462791442871,17.58555030822754,1958088,17.70437240600586,17.636474609375,11.34516429901123
29-10-1999,17.61949920654297,17.68739891052246,2416128,17.874116897583008,17.6534481048584,11.356081008911133
01-11-1999,17.347909927368164,17.72134780883789,2426438,17.82319450378418,17.364883422851562,11.170454978942871
02-11-1999,17.076316833496094,17.381858825683594,3619038,17.51765251159668,17.127241134643555,11.017589569091797
03-11-1999,17.212112426757812,17.415807723999023,3245315,17.55160140991211,17.347909927368164,11.159531593322754
04-11-1999,17.212112426757812,17.51765251159668,2501551,17.51765251159668,17.263036727905273,11.104941368103027
05-11-1999,17.55160140991211,17.60252571105957,3190453,18.230581283569336,17.73832130432129,11.410676956176758
08-11-1999,17.449756622314453,17.75529670715332,1518825,17.908065795898438,17.51765251159668,11.268726348876953
09-11-1999,17.076316833496094,17.58555030822754,2526220,17.58555030822754,17.296985626220703,11.126773834228516
10-11-1999,17.127241134643555,17.280010223388672,2951123,17.3139591217041,17.161190032958984,11.03941822052002
11-11-1999,17.195138931274414,17.212112426757812,1971343,17.70437240600586,17.53462791442871,11.27964973449707
12-11-1999,17.55160140991211,17.60252571105957,2184531,17.85714340209961,17.840167999267578,11.476197242736816
15-11-1999,17.53462791442871,17.55160140991211,2266271,17.85714340209961,17.85714340209961,11.487112045288086
16-11-1999,17.82319450378418,17.82319450378418,2538371,18.502172470092773,18.366376876831055,11.814695358276367
17-11-1999,18.264530181884766,18.366376876831055,2976529,18.468223571777344,18.366376876831055,11.814695358276367
18-11-1999,17.6534481048584,18.637968063354492,5272256,18.90955924987793,18.196632385253906,11.705500602722168
19-11-1999,18.196632385253906,18.196632385253906,4809797,18.80771255493164,18.671916961669922,12.011241912841797
22-11-1999,18.468223571777344,18.620994567871094,1460649,18.824687957763672,18.616750717163086,11.975754737854004
23-11-1999,17.85714340209961,18.502172470092773,1860146,18.536121368408203,17.89109230041504,11.508949279785156
24-11-1999,17.85714340209961,17.89109230041504,3263357,18.383350372314453,18.332427978515625,11.79284954071045
26-11-1999,18.281505584716797,18.332427978515625,951429,18.451248168945312,18.366376876831055,11.814695358276367
29-11-1999,18.264530181884766,18.366376876831055,2653986,18.468223571777344,18.451248168945312,11.869285583496094
30-11-1999,18.315454483032227,18.400325775146484,3740912,18.671916961669922,18.349401473999023,11.803775787353516
01-12-1999,18.400325775146484,18.400325775146484,4964072,18.604019165039062,18.502172470092773,11.902045249938965
02-12-1999,18.162683486938477,18.451248168945312,1722440,18.468223571777344,18.383350372314453,11.825613975524902
03-12-1999,18.247556686401367,18.383350372314453,2728730,18.587045669555664,18.315454483032227,11.781935691833496
06-12-1999,17.85714340209961,18.383350372314453,2434907,18.383350372314453,17.908065795898438,11.519869804382324
07-12-1999,17.246061325073242,17.89109230041504,3371239,17.908065795898438,17.46673011779785,11.235971450805664
08-12-1999,16.753801345825195,17.3139591217041,5293611,17.364883422851562,17.008419036865234,10.990877151489258
09-12-1999,16.872623443603516,17.042367935180664,2132983,17.059343338012695,16.940521240234375,10.947000503540039
10-12-1999,16.838674545288086,16.974470138549805,2593969,17.042367935180664,16.838674545288086,10.881190299987793
13-12-1999,16.702878952026367,16.974470138549805,2112363,17.008419036865234,16.851404190063477,10.889416694641113
14-12-1999,16.58405876159668,16.58405876159668,2525116,17.110265731811523,17.042367935180664,11.012819290161133
15-12-1999,16.804725646972656,17.076316833496094,3623824,17.110265731811523,16.838674545288086,10.881190299987793
16-12-1999,16.02389907836914,16.804725646972656,5155536,16.838674545288086,16.38036346435547,10.585025787353516
17-12-1999,16.193645477294922,16.38036346435547,5513427,16.46523666381836,16.4143123626709,10.606964111328125
20-12-1999,16.091798782348633,16.27851676940918,5191988,16.53313446044922,16.32944107055664,10.5521240234375
21-12-1999,15.905078887939453,16.21061897277832,5189411,16.32944107055664,16.21061897277832,10.47533893585205
22-12-1999,16.363388061523438,16.363388061523438,2881533,16.702878952026367,16.55010986328125,10.694721221923828
23-12-1999,16.53313446044922,16.55010986328125,4131572,17.059343338012695,17.008419036865234,10.990877151489258
27-12-1999,16.159696578979492,16.838674545288086,5819769,16.872623443603516,16.634981155395508,10.749560356140137
28-12-1999,16.29549217224121,16.46523666381836,2610906,16.651954650878906,16.448261260986328,10.62890625
29-12-1999,16.3973388671875,16.3973388671875,2420915,16.906572341918945,16.685903549194336,10.782469749450684
30-12-1999,16.702878952026367,16.719852447509766,2836245,17.178163528442383,17.093292236328125,11.04572868347168
31-12-1999,16.855649948120117,16.974470138549805,860852,17.076316833496094,17.059343338012695,11.023785591125488
03-01-2000,16.38036346435547,16.719852447509766,3878251,16.872623443603516,16.668930053710938,10.771495819091797
04-01-2000,16.22759437561035,16.3973388671875,1740481,16.56708335876465,16.29549217224121,10.530180931091309
05-01-2000,16.159696578979492,16.29549217224121,4200426,17.212112426757812,17.008419036865234,10.990877151489258
06-01-2000,16.804725646972656,16.804725646972656,3350620,17.51765251159668,17.364883422851562,11.221229553222656
07-01-2000,17.415807723999023,17.483705520629883,4469948,18.383350372314453,18.349401473999023,11.857426643371582
10-01-2000,17.58555030822754,18.400325775146484,1916481,18.400325775146484,17.6534481048584,11.407696723937988
11-01-2000,17.330934524536133,17.449756622314453,2438589,17.82319450378418,17.6534481048584,11.407696723937988
12-01-2000,17.449756622314453,17.70437240600586,1862356,17.75529670715332,17.449756622314453,11.276071548461914
13-01-2000,17.51765251159668,17.58555030822754,2743826,18.162683486938477,17.85714340209961,11.539324760437012
14-01-2000,16.923547744750977,17.6534481048584,4230618,17.78924560546875,17.3139591217041,11.188323974609375
18-01-2000,16.974470138549805,17.246061325073242,2381149,17.381858825683594,17.093292236328125,11.04572868347168
19-01-2000,16.923547744750977,17.093292236328125,2603910,17.212112426757812,17.059343338012695,11.023785591125488
20-01-2000,16.43128776550293,16.991445541381836,5330431,17.076316833496094,16.56708335876465,10.705683708190918
21-01-2000,16.3973388671875,16.56708335876465,5988773,16.56708335876465,16.49918556213379,10.661808013916016
24-01-2000,15.989951133728027,16.49918556213379,3413582,16.55010986328125,16.10877227783203,10.409523963928223
25-01-2000,15.277023315429688,16.057849884033203,7155967,16.0748233795166,15.75230884552002,10.179176330566406
26-01-2000,15.209124565124512,15.68441104888916,9850823,15.989951133728027,15.75230884552002,10.179176330566406
27-01-2000,16.02389907836914,16.159696578979492,11235623,17.381858825683594,17.127241134643555,11.067667961120605
28-01-2000,16.838674545288086,17.127241134643555,7589338,18.043861389160156,17.025394439697266,11.001848220825195
31-01-2000,17.093292236328125,17.381858825683594,7941338,17.483705520629883,17.347909927368164,11.210256576538086
01-02-2000,17.008419036865234,17.347909927368164,2967692,17.347909927368164,17.144214630126953,11.078633308410645
02-02-2000,16.872623443603516,17.076316833496094,4690132,17.280010223388672,17.212112426757812,11.122505187988281
03-02-2000,17.059343338012695,17.246061325073242,3586636,17.3139591217041,17.246061325073242,11.144441604614258
04-02-2000,17.178163528442383,17.178163528442383,4687554,17.347909927368164,17.246061325073242,11.144441604614258
07-02-2000,16.974470138549805,17.178163528442383,3216227,17.280010223388672,17.127241134643555,11.067667961120605
08-02-2000,16.957496643066406,17.059343338012695,2740144,17.330934524536133,17.093292236328125,11.04572868347168
09-02-2000,16.32944107055664,16.838674545288086,4550584,17.110265731811523,17.076316833496094,11.034754753112793
10-02-2000,16.193645477294922,17.076316833496094,3118286,17.076316833496094,16.448261260986328,10.62890625
11-02-2000,16.02389907836914,16.3973388671875,2643308,16.4143123626709,16.091798782348633,10.398560523986816
14-02-2000,16.02389907836914,16.193645477294922,2705534,16.448261260986328,16.22759437561035,10.486311912536621
15-02-2000,15.820205688476562,16.091798782348633,5548038,16.22759437561035,16.057849884033203,10.376616477966309
16-02-2000,15.6165132522583,16.02389907836914,4143355,16.057849884033203,15.71835994720459,10.15723991394043
17-02-2000,15.49769115447998,15.71835994720459,4079288,15.75230884552002,15.667435646057129,10.124329566955566
18-02-2000,15.090304374694824,15.59953784942627,4263388,15.59953784942627,15.175176620483398,9.806234359741211
22-02-2000,14.988456726074219,15.107278823852539,5436473,15.786256790161133,15.480716705322266,10.00367546081543
23-02-2000,15.175176620483398,15.446767807006836,3290603,15.6165132522583,15.395845413208008,9.948830604553223
24-02-2000,14.665942192077637,15.395845413208008,4404040,15.395845413208008,14.97148323059082,9.674605369567871
25-02-2000,14.598045349121094,15.107278823852539,4953395,15.667435646057129,14.716865539550781,9.51007080078125
28-02-2000,14.733839988708496,14.852662086486816,3014085,15.260048866271973,14.903585433959961,9.630727767944336
29-02-2000,14.801737785339355,15.03938102722168,3574854,15.310972213745117,14.801737785339355,9.56491756439209
01-03-2000,14.886610984802246,14.886610984802246,4802433,15.582564353942871,15.226099967956543,9.839141845703125
02-03-2000,15.107278823852539,15.293997764587402,7679916,15.6165132522583,15.429794311523438,9.970768928527832
03-03-2000,15.378870010375977,15.49769115447998,8483328,15.922053337097168,15.378870010375977,9.937862396240234
06-03-2000,14.767788887023926,15.412818908691406,3489431,15.412818908691406,14.767788887023926,9.54297924041748
07-03-2000,14.054861068725586,14.903585433959961,4727688,14.93753433227539,14.071836471557617,9.093252182006836
08-03-2000,14.3943510055542,14.3943510055542,4369061,14.93753433227539,14.699891090393066,9.499102592468262
09-03-2000,14.615018844604492,14.699891090393066,7024888,15.175176620483398,15.141227722167969,9.784297943115234
10-03-2000,15.141227722167969,15.141227722167969,7960484,15.463743209838867,15.226099967956543,9.839141845703125
13-03-2000,14.547121047973633,14.954507827758789,5031821,15.107278823852539,14.598045349121094,9.433290481567383
14-03-2000,14.598045349121094,14.665942192077637,4163974,14.852662086486816,14.665942192077637,9.477165222167969
15-03-2000,14.801737785339355,14.835686683654785,5724037,16.193645477294922,16.006925582885742,10.343713760375977
16-03-2000,16.10877227783203,16.22759437561035,10242956,17.025394439697266,16.940521240234375,10.947000503540039
17-03-2000,16.668930053710938,17.042367935180664,4826366,17.042367935180664,16.770776748657227,10.83731460571289
20-03-2000,16.634981155395508,16.770776748657227,5495753,17.042367935180664,16.753801345825195,10.82634449005127
21-03-2000,16.58405876159668,16.61800765991211,5792522,17.347909927368164,17.076316833496094,11.034754753112793
22-03-2000,16.719852447509766,16.889598846435547,7279682,17.144214630126953,17.042367935180664,11.012819290161133
23-03-2000,16.736827850341797,16.940521240234375,9476363,17.61949920654297,17.364883422851562,11.221229553222656
24-03-2000,16.58405876159668,17.229087829589844,8096718,17.229087829589844,16.702878952026367,10.793437004089355
27-03-2000,16.057849884033203,16.56708335876465,5535887,16.61800765991211,16.354902267456055,10.568573951721191
28-03-2000,16.17667007446289,16.32944107055664,5338900,16.736827850341797,16.38036346435547,10.585025787353516
29-03-2000,16.22759437561035,16.34641456604004,5331168,16.821699142456055,16.363388061523438,10.574061393737793
30-03-2000,16.32944107055664,16.363388061523438,6113593,16.889598846435547,16.702878952026367,10.793437004089355
31-03-2000,16.719852447509766,16.770776748657227,3888928,17.093292236328125,17.025394439697266,11.001848220825195
03-04-2000,16.27851676940918,16.27851676940918,4170970,17.246061325073242,16.889598846435547,11.407801628112793
04-04-2000,16.27851676940918,16.838674545288086,5239854,17.212112426757812,16.855649948120117,11.384876251220703
05-04-2000,16.685903549194336,16.991445541381836,6332304,17.246061325073242,16.804725646972656,11.35047721862793
06-04-2000,16.14272117614746,16.770776748657227,3767791,16.821699142456055,16.29549217224121,11.006523132324219
07-04-2000,16.057849884033203,16.26154327392578,1998221,16.38036346435547,16.14272117614746,10.903339385986328
10-04-2000,16.057849884033203,16.14272117614746,3580009,16.61800765991211,16.46523666381836,11.12117862701416
11-04-2000,16.46523666381836,16.46523666381836,3645548,17.364883422851562,16.753801345825195,11.316084861755371
12-04-2000,16.3973388671875,16.821699142456055,3790619,17.059343338012695,16.55010986328125,11.17850399017334
13-04-2000,16.24456787109375,16.482210159301758,3429415,16.668930053710938,16.31246566772461,11.017991065979004
14-04-2000,15.344921112060547,16.02389907836914,5430214,16.159696578979492,15.361895561218262,10.375945091247559
17-04-2000,15.07332992553711,15.429794311523438,4700441,15.59953784942627,15.327946662902832,10.353014945983887
18-04-2000,15.412818908691406,15.480716705322266,4074133,15.837181091308594,15.71835994720459,10.616710662841797
19-04-2000,15.75230884552002,16.057849884033203,3480963,16.24456787109375,15.820205688476562,10.685503005981445
20-04-2000,15.378870010375977,16.02389907836914,6040321,16.32944107055664,16.24456787109375,10.972129821777344
24-04-2000,16.10877227783203,16.10877227783203,7978894,17.161190032958984,16.838674545288086,11.373409271240234
25-04-2000,17.229087829589844,17.246061325073242,12352742,18.060836791992188,18.060836791992188,12.198902130126953
26-04-2000,17.58555030822754,17.992938995361328,6570529,17.992938995361328,17.67042350769043,11.935201644897461
27-04-2000,17.58555030822754,17.58555030822754,6440923,17.874116897583008,17.80621910095215,12.026923179626465
28-04-2000,17.67042350769043,17.80621910095215,6159618,17.85714340209961,17.68739891052246,11.946666717529297
01-05-2000,17.246061325073242,17.68739891052246,4246082,17.70437240600586,17.263036727905273,11.660039901733398
02-05-2000,16.974470138549805,17.042367935180664,3404377,17.61949920654297,17.3139591217041,11.694435119628906
03-05-2000,16.838674545288086,17.296985626220703,2640362,17.381858825683594,16.923547744750977,11.430739402770996
04-05-2000,16.46523666381836,16.855649948120117,3508578,16.889598846435547,16.719852447509766,11.293155670166016
05-05-2000,16.55010986328125,16.651954650878906,2759659,17.110265731811523,16.787750244140625,11.339015007019043
08-05-2000,16.923547744750977,17.076316833496094,6201224,17.77227020263672,17.381858825683594,11.7402982711792
09-05-2000,17.381858825683594,17.381858825683594,7269741,18.196632385253906,17.908065795898438,12.095710754394531
10-05-2000,17.72134780883789,17.72134780883789,4054250,18.162683486938477,18.043861389160156,12.187435150146484
11-05-2000,18.196632385253906,18.332427978515625,7172536,18.70586585998535,18.417299270629883,12.439666748046875
12-05-2000,17.92504119873047,18.332427978515625,4050200,18.400325775146484,17.92504119873047,12.107178688049316
15-05-2000,17.92504119873047,18.043861389160156,5400389,18.366376876831055,18.162683486938477,12.267690658569336
16-05-2000,18.026887893676758,18.264530181884766,6713022,18.604019165039062,18.332427978515625,12.38233757019043
17-05-2000,18.060836791992188,18.230581283569336,1801971,18.315454483032227,18.111759185791016,12.233295440673828
18-05-2000,17.9589900970459,18.128734588623047,2239392,18.230581283569336,18.196632385253906,12.29062271118164
19-05-2000,17.942014694213867,18.094785690307617,3084411,18.298479080200195,18.162683486938477,12.267690658569336
22-05-2000,17.908065795898438,18.094785690307617,2948546,18.315454483032227,18.196632385253906,12.29062271118164
23-05-2000,18.196632385253906,18.196632385253906,2632998,18.536121368408203,18.383350372314453,12.416735649108887
24-05-2000,18.383350372314453,18.383350372314453,3572276,18.8586368560791,18.70586585998535,12.634573936462402
25-05-2000,18.247556686401367,18.570070266723633,2843977,18.620994567871094,18.366376876831055,12.405271530151367
26-05-2000,17.80621910095215,18.298479080200195,2110522,18.400325775146484,17.80621910095215,12.026923179626465
30-05-2000,17.636474609375,17.92504119873047,2729835,17.992938995361328,17.975963592529297,12.141571998596191
31-05-2000,17.92504119873047,17.92504119873047,3952627,18.468223571777344,18.060836791992188,12.198902130126953
01-06-2000,18.026887893676758,18.026887893676758,2806789,18.519147872924805,18.383350372314453,12.416735649108887
02-06-2000,17.059343338012695,18.349401473999023,6220371,18.468223571777344,17.263036727905273,11.660039901733398
05-06-2000,17.229087829589844,17.3139591217041,3447457,18.230581283569336,17.89109230041504,12.084244728088379
06-06-2000,17.415807723999023,17.908065795898438,3146637,17.975963592529297,17.615257263183594,11.897941589355469
07-06-2000,17.059343338012695,17.55160140991211,2227610,17.61949920654297,17.110265731811523,11.556851387023926
08-06-2000,16.702878952026367,17.110265731811523,3054587,17.55160140991211,17.347909927368164,11.717363357543945
09-06-2000,17.263036727905273,17.381858825683594,2660245,17.72134780883789,17.58555030822754,11.877875328063965
12-06-2000,17.55160140991211,17.58555030822754,2533216,17.89109230041504,17.746809005737305,11.986793518066406
13-06-2000,17.75529670715332,17.75529670715332,2110522,18.434274673461914,18.162683486938477,12.267690658569336
14-06-2000,18.196632385253906,18.196632385253906,9143511,18.688892364501953,18.366376876831055,12.405271530151367
15-06-2000,18.196632385253906,18.536121368408203,2958487,18.688892364501953,18.264530181884766,12.336481094360352
16-06-2000,17.75529670715332,18.298479080200195,3944527,18.332427978515625,17.992938995361328,12.153040885925293
19-06-2000,17.73832130432129,18.009912490844727,2167593,18.043861389160156,18.026887893676758,12.175968170166016
20-06-2000,17.80621910095215,17.9589900970459,2839558,18.162683486938477,18.111759185791016,12.233295440673828
21-06-2000,17.874116897583008,17.9589900970459,2146974,18.502172470092773,18.468223571777344,12.474061012268066
22-06-2000,17.942014694213867,18.468223571777344,2343961,18.468223571777344,18.060836791992188,12.198902130126953
23-06-2000,17.874116897583008,17.992938995361328,2127460,18.366376876831055,17.942014694213867,12.118640899658203
26-06-2000,17.9589900970459,17.992938995361328,6007919,18.80771255493164,18.468223571777344,12.474061012268066
27-06-2000,18.417299270629883,18.502172470092773,4901847,18.97745704650879,18.722841262817383,12.646039962768555
28-06-2000,18.80771255493164,19.01140785217285,5826029,19.486692428588867,19.35089683532715,13.070246696472168
29-06-2000,19.215099334716797,19.384845733642578,6611031,19.554590225219727,19.554590225219727,13.207829475402832
30-06-2000,19.02838134765625,19.554590225219727,8150475,19.571563720703125,19.09627914428711,12.898270606994629
03-07-2000,19.215099334716797,19.215099334716797,1570741,19.418794631958008,19.282997131347656,13.024389266967773
05-07-2000,19.266023635864258,19.282997131347656,7032620,20.216594696044922,20.182645797729492,13.632047653198242
06-07-2000,19.14720344543457,20.182645797729492,8396433,20.36936378479004,19.232074737548828,12.989990234375
07-07-2000,19.09627914428711,19.282997131347656,8147161,19.673410415649414,19.14720344543457,12.932666778564453
10-07-2000,19.282997131347656,19.282997131347656,3423155,19.622488021850586,19.435768127441406,13.127580642700195
11-07-2000,19.367870330810547,19.418794631958008,4399622,19.792232513427734,19.537614822387695,13.196365356445312
12-07-2000,19.486692428588867,20.26751708984375,5670280,20.26751708984375,19.537614822387695,13.196365356445312
13-07-2000,19.18115234375,19.588539123535156,6026698,19.826181411743164,19.1981258392334,12.967062950134277
14-07-2000,18.332427978515625,19.215099334716797,6663684,19.35089683532715,18.8756103515625,12.749228477478027
17-07-2000,19.06233024597168,19.14720344543457,5064959,20.08079719543457,19.724334716796875,13.322482109069824
18-07-2000,19.673410415649414,19.860130310058594,2984997,19.995925903320312,19.775257110595703,13.356874465942383
19-07-2000,19.843156814575195,19.843156814575195,4138936,20.16567039489746,19.978952407836914,13.494457244873047
20-07-2000,19.792232513427734,20.029874801635742,7081959,20.505159378051758,20.31844139099121,13.723760604858398
21-07-2000,20.23356819152832,20.4202880859375,10814770,21.59152603149414,21.353883743286133,14.423137664794922
24-07-2000,21.031368255615234,21.353883743286133,6185760,21.79521942138672,21.192626953125,14.31421947479248
25-07-2000,20.16567039489746,20.963470458984375,4497931,21.014394760131836,20.26751708984375,13.689364433288574
26-07-2000,19.928028106689453,20.182645797729492,6176923,20.4202880859375,20.23356819152832,13.666437149047852
27-07-2000,20.23356819152832,20.505159378051758,6235835,20.980445861816406,20.23356819152832,13.666437149047852
28-07-2000,20.35239028930664,20.4372615814209,7324234,21.319934844970703,20.895572662353516,14.113570213317871
31-07-2000,20.861623764038086,20.997419357299805,4932407,21.252037048339844,21.116241455078125,14.262618064880371
01-08-2000,20.946495056152344,21.184139251708984,3945631,21.285985946655273,21.167165756225586,14.297015190124512
02-08-2000,21.150190353393555,21.218088150024414,4115740,21.659423828125,21.472705841064453,14.503395080566406
03-08-2000,21.353883743286133,21.455730438232422,4617596,21.72732162475586,21.438756942749023,14.480461120605469
04-08-2000,20.844650268554688,21.48967933654785,4067137,21.55757713317871,21.031368255615234,14.205296516418457
07-08-2000,20.946495056152344,20.963470458984375,3140010,21.421781539916992,21.26052474975586,14.360077857971191
08-08-2000,20.31844139099121,20.912548065185547,6574211,21.048343658447266,20.59003257751465,13.90720272064209
09-08-2000,19.995925903320312,20.573057174682617,6832687,20.59003257751465,20.38633918762207,13.769619941711426
10-08-2000,21.150190353393555,21.319934844970703,6991382,22.06681251525879,21.72732162475586,14.67536735534668
11-08-2000,21.319934844970703,21.76127052307129,3638921,21.93101692199707,21.438756942749023,14.480461120605469
14-08-2000,21.184139251708984,21.387832641601562,2774387,21.76127052307129,21.72732162475586,14.67536735534668
15-08-2000,21.55757713317871,21.72732162475586,4983219,22.134708404541016,22.083786010742188,14.916135787963867
16-08-2000,21.099266052246094,21.9649658203125,4304258,22.083786010742188,21.252037048339844,14.35434627532959
17-08-2000,21.184139251708984,21.319934844970703,2631525,21.55757713317871,21.55757713317871,14.560713768005371
18-08-2000,21.26052474975586,21.72732162475586,5241327,21.72732162475586,21.55757713317871,14.560713768005371
21-08-2000,21.52362823486328,21.55757713317871,3594368,21.84614372253418,21.72732162475586,14.67536735534668
22-08-2000,21.659423828125,21.863117218017578,5462615,21.863117218017578,21.77824592590332,14.709757804870605
23-08-2000,21.659423828125,21.77824592590332,4435337,22.219581604003906,22.219581604003906,15.007857322692871
24-08-2000,22.304454803466797,22.304454803466797,11585781,23.08527946472168,22.94948387145996,15.500853538513184
25-08-2000,22.796714782714844,22.932510375976562,4670617,23.08527946472168,22.957971572875977,15.506593704223633
28-08-2000,22.762765884399414,22.98343276977539,5121294,23.15317726135254,22.847637176513672,15.43206787109375
29-08-2000,22.677892684936523,22.847637176513672,3743858,23.00040626525879,22.813688278198242,15.409133911132812
30-08-2000,22.745790481567383,22.830663681030273,3348411,23.05133056640625,23.01738166809082,15.54671859741211
31-08-2000,22.304454803466797,22.98343276977539,5792891,23.255023956298828,22.614238739013672,15.274420738220215
01-09-2000,22.440250396728516,22.559070587158203,4338869,22.91553497314453,22.847637176513672,15.43206787109375
05-09-2000,22.134708404541016,22.542097091674805,3597314,22.542097091674805,22.440250396728516,15.156903266906738
06-09-2000,21.94799041748047,22.508148193359375,3831857,22.643943786621094,22.134708404541016,14.950526237487793
07-09-2000,21.93101692199707,22.100759506225586,3227641,22.372352600097656,22.14319610595703,14.956267356872559
08-09-2000,22.168657302856445,22.202606201171875,3607992,22.864612579345703,22.61848258972168,15.277288436889648
11-09-2000,22.202606201171875,22.694866180419922,2867173,22.745790481567383,22.26201820373535,15.03652572631836
12-09-2000,22.202606201171875,22.202606201171875,3179039,22.660917282104492,22.423274993896484,15.145438194274902
13-09-2000,21.69337272644043,22.423274993896484,5075637,22.423274993896484,21.9649658203125,14.835877418518066
14-09-2000,21.52362823486328,21.99891471862793,5765644,22.06681251525879,21.69337272644043,14.652436256408691
15-09-2000,21.48967933654785,21.52362823486328,6894177,21.74429702758789,21.574552536010742,14.572183609008789
18-09-2000,21.3369083404541,21.574552536010742,9682924,22.100759506225586,21.99891471862793,14.858806610107422
19-09-2000,21.59152603149414,21.99891471862793,4439387,21.99891471862793,21.72732162475586,14.67536735534668
20-09-2000,20.980445861816406,21.72732162475586,3471021,21.76127052307129,21.421781539916992,14.468994140625
21-09-2000,21.201114654541016,21.438756942749023,3645916,21.67639923095703,21.67639923095703,14.640974998474121
22-09-2000,21.863117218017578,21.9819393157959,5167687,22.355377197265625,22.29596710205078,15.059453964233398
25-09-2000,22.015888214111328,22.338403701782227,2458471,22.338403701782227,22.185632705688477,14.9849271774292
26-09-2000,21.48967933654785,22.117734909057617,2731308,22.219581604003906,22.015888214111328,14.870268821716309
27-09-2000,21.353883743286133,21.93101692199707,5253846,21.93101692199707,21.455730438232422,14.491928100585938
28-09-2000,21.285985946655273,21.455730438232422,7487347,21.93101692199707,21.455730438232422,14.491928100585938
29-09-2000,21.218088150024414,21.387832641601562,5001629,21.94799041748047,21.67639923095703,14.640974998474121
02-10-2000,21.099266052246094,21.455730438232422,5712991,21.72732162475586,21.201114654541016,14.31994915008545
03-10-2000,20.980445861816406,21.133216857910156,3954468,21.72732162475586,21.472705841064453,14.503395080566406
04-10-2000,20.725828170776367,21.285985946655273,7533004,21.319934844970703,20.827674865722656,14.06771469116211
05-10-2000,21.897066116333008,21.93101692199707,10344211,22.609994888305664,22.304454803466797,15.065180778503418
06-10-2000,22.253530502319336,22.440250396728516,5368724,22.660917282104492,22.440250396728516,15.156903266906738
09-10-2000,21.88009262084961,22.440250396728516,2548312,22.525121688842773,22.06681251525879,14.904668807983398
10-10-2000,22.083786010742188,22.083786010742188,4614282,23.03435516357422,22.711841583251953,15.340341567993164
11-10-2000,22.72881507873535,22.8815860748291,5211503,23.10225486755371,23.10225486755371,15.604039192199707
12-10-2000,22.508148193359375,22.98343276977539,3470285,23.00040626525879,22.762765884399414,15.374738693237305
13-10-2000,22.270505905151367,22.847637176513672,4601027,22.898561477661133,22.813688278198242,15.409133911132812
16-10-2000,23.05133056640625,23.08527946472168,5551351,23.560565948486328,23.390819549560547,15.798952102661133
17-10-2000,23.37384605407715,23.390819549560547,7848551,24.4432373046875,23.950977325439453,16.177305221557617
18-10-2000,23.492666244506836,23.628463745117188,8793721,24.51113510131836,24.137697219848633,16.303409576416016
19-10-2000,20.23356819152832,20.70885467529297,43127266,21.6424503326416,21.319934844970703,14.400205612182617
20-10-2000,20.52213478088379,21.387832641601562,14862761,21.52362823486328,20.573057174682617,13.895739555358887
23-10-2000,20.607006072998047,20.64095687866211,9730421,21.048343658447266,20.793725967407227,14.04478645324707
24-10-2000,20.64095687866211,20.827674865722656,6659265,20.844650268554688,20.776752471923828,14.033318519592285
25-10-2000,20.70885467529297,20.912548065185547,8957201,21.62547492980957,21.421781539916992,14.468994140625
26-10-2000,21.065317153930664,21.455730438232422,4615019,21.69337272644043,21.252037048339844,14.35434627532959
27-10-2000,21.285985946655273,21.319934844970703,4125681,21.897066116333008,21.659423828125,14.629504203796387
30-10-2000,21.77824592590332,21.79521942138672,6205275,22.270505905151367,22.185632705688477,14.9849271774292
31-10-2000,21.99891471862793,22.219581604003906,5245009,22.711841583251953,22.321428298950195,15.076642036437988
01-11-2000,21.74429702758789,22.355377197265625,6154095,22.372352600097656,22.236555099487305,15.01932430267334
02-11-2000,21.52362823486328,22.100759506225586,6619868,22.236555099487305,21.72732162475586,14.67536735534668
03-11-2000,21.67639923095703,21.72732162475586,5156273,21.9819393157959,21.88009262084961,14.778560638427734
06-11-2000,21.69337272644043,21.863117218017578,6941306,22.372352600097656,22.168657302856445,14.973458290100098
07-11-2000,21.74429702758789,22.185632705688477,4543956,22.457223892211914,22.338403701782227,15.088113784790039
08-11-2000,22.423274993896484,22.542097091674805,5547669,22.898561477661133,22.491172790527344,15.191300392150879
09-11-2000,22.03286361694336,22.491172790527344,6475902,22.779739379882812,22.559070587158203,15.237157821655273
10-11-2000,22.474199295043945,22.474199295043945,3686418,23.11922836303711,22.711841583251953,15.340341567993164
13-11-2000,22.06681251525879,22.779739379882812,4750516,22.813688278198242,22.457223892211914,15.168364524841309
14-11-2000,21.93101692199707,22.576045989990234,3874937,22.643943786621094,22.321428298950195,15.076642036437988
15-11-2000,22.083786010742188,22.253530502319336,2957382,22.643943786621094,22.593019485473633,15.260087966918945
16-11-2000,22.168657302856445,22.542097091674805,2943023,22.593019485473633,22.270505905151367,15.042251586914062
17-11-2000,21.88009262084961,22.270505905151367,3659540,22.270505905151367,22.100759506225586,14.927597045898438
20-11-2000,21.9649658203125,22.134708404541016,6536655,22.796714782714844,22.609994888305664,15.271553039550781
21-11-2000,22.287479400634766,22.542097091674805,6529659,22.94948387145996,22.91553497314453,15.477928161621094
22-11-2000,22.304454803466797,22.745790481567383,5069378,22.745790481567383,22.576045989990234,15.24862289428711
24-11-2000,22.389326095581055,22.508148193359375,880366,22.508148193359375,22.457223892211914,15.168364524841309
27-11-2000,22.355377197265625,22.542097091674805,3334051,22.779739379882812,22.474199295043945,15.179830551147461
28-11-2000,22.491172790527344,22.542097091674805,3634870,23.13620376586914,23.06830406188965,15.581111907958984
29-11-2000,22.94948387145996,23.08527946472168,3978033,23.849130630493164,23.611488342285156,15.94799518585205
30-11-2000,23.255023956298828,23.628463745117188,2786538,23.866104125976562,23.509641647338867,15.879209518432617
01-12-2000,22.91553497314453,23.560565948486328,4006016,23.560565948486328,23.17015266418457,15.649908065795898
04-12-2000,22.813688278198242,23.17015266418457,2610170,23.424768447875977,23.37384605407715,15.787484169006348
05-12-2000,23.06830406188965,23.577539443969727,3372344,23.611488342285156,23.322921752929688,15.753089904785156
06-12-2000,23.13620376586914,23.322921752929688,3792828,23.611488342285156,23.27199935913086,15.718697547912598
07-12-2000,23.356870651245117,23.390819549560547,2598756,23.730310440063477,23.475692749023438,15.856273651123047
08-12-2000,23.17015266418457,23.458717346191406,2787642,23.594514846801758,23.33989715576172,15.764556884765625
11-12-2000,22.745790481567383,23.30594825744629,4231723,23.458717346191406,22.762765884399414,15.374738693237305
12-12-2000,22.643943786621094,22.711841583251953,181911787,23.11922836303711,22.94948387145996,15.500853538513184
13-12-2000,22.864612579345703,22.898561477661133,5332641,23.424768447875977,23.10225486755371,15.821991920471191
14-12-2000,22.898561477661133,23.30594825744629,2238656,23.30594825744629,23.08527946472168,15.810368537902832
15-12-2000,22.98343276977539,22.98343276977539,4397413,23.08527946472168,23.06830406188965,15.798742294311523
18-12-2000,22.96645736694336,23.00040626525879,3690100,23.33989715576172,23.17015266418457,15.86849308013916
19-12-2000,23.05133056640625,23.11922836303711,3293181,23.407794952392578,23.407794952392578,16.031253814697266
20-12-2000,22.779739379882812,23.356870651245117,4804642,23.458717346191406,22.94948387145996,15.717368125915527
21-12-2000,22.508148193359375,23.01738166809082,4266333,23.08527946472168,23.05133056640625,15.787123680114746
22-12-2000,22.559070587158203,23.03435516357422,2623793,23.03435516357422,22.711841583251953,15.554608345031738
26-12-2000,22.711841583251953,22.711841583251953,1877084,23.33989715576172,23.2041015625,15.89175033569336
27-12-2000,23.15317726135254,23.2210750579834,4958181,23.900054931640625,23.662412643432617,16.205631256103516
28-12-2000,23.713335037231445,23.713335037231445,3001935,24.15467071533203,24.069799423217773,16.484634399414062
29-12-2000,23.917028427124023,23.967952728271484,2511124,24.4262638092041,23.984926223754883,16.4265079498291
02-01-2001,23.984926223754883,24.018875122070312,6082296,24.56205940246582,24.34139060974121,16.670637130737305
03-01-2001,23.08527946472168,24.34139060974121,6970026,24.748777389526367,23.458717346191406,16.066118240356445
04-01-2001,21.76127052307129,23.255023956298828,9195427,23.322921752929688,22.134708404541016,15.159347534179688
05-01-2001,22.185632705688477,22.372352600097656,11758467,22.677892684936523,22.542097091674805,15.438358306884766
08-01-2001,22.593019485473633,22.609994888305664,6467801,23.30594825744629,23.08527946472168,15.810368537902832
09-01-2001,23.30594825744629,23.594514846801758,8781202,23.594514846801758,23.322921752929688,15.973123550415039
10-01-2001,22.72881507873535,23.322921752929688,4742048,23.611488342285156,23.06830406188965,15.798742294311523
11-01-2001,22.270505905151367,23.13620376586914,5899669,23.407794952392578,22.98343276977539,15.74061393737793
12-01-2001,22.406301498413086,22.98343276977539,3536193,23.11922836303711,22.660917282104492,15.519733428955078
16-01-2001,22.474199295043945,22.660917282104492,4508977,23.05133056640625,23.03435516357422,15.775495529174805
17-01-2001,22.474199295043945,23.06830406188965,5580807,23.10225486755371,22.559070587158203,15.449982643127441
18-01-2001,22.660917282104492,22.694866180419922,6149676,23.11922836303711,23.08527946472168,15.810368537902832
19-01-2001,22.457223892211914,23.08527946472168,4754567,23.390819549560547,22.559070587158203,15.449982643127441
22-01-2001,22.457223892211914,22.457223892211914,6084873,23.730310440063477,23.594514846801758,16.15912437438965
23-01-2001,22.677892684936523,23.458717346191406,7184687,23.458717346191406,23.08527946472168,15.810368537902832
24-01-2001,22.134708404541016,22.643943786621094,8393119,22.677892684936523,22.626968383789062,15.496490478515625
25-01-2001,22.593019485473633,22.779739379882812,8689520,23.509641647338867,23.509641647338867,16.10099983215332
26-01-2001,23.475692749023438,23.509641647338867,4323036,24.171646118164062,23.781232833862305,16.286996841430664
29-01-2001,23.66920280456543,23.66920280456543,4199689,24.30744171142578,23.826725006103516,16.318161010742188
30-01-2001,23.533405303955078,23.82944107055664,2158757,23.886474609375,23.764259338378906,16.27537727355957
31-01-2001,23.302553176879883,23.859315872192383,3544293,23.900054931640625,23.867462158203125,16.346059799194336
01-02-2001,23.628463745117188,23.900054931640625,2850604,23.900054931640625,23.894622802734375,16.364662170410156
02-02-2001,23.508962631225586,23.878326416015625,4032526,23.967952728271484,23.804996490478516,16.30327606201172
05-02-2001,23.57414436340332,23.57414436340332,4207790,23.927213668823242,23.856599807739258,16.338621139526367
06-02-2001,23.696361541748047,23.900054931640625,1920531,23.900054931640625,23.886474609375,16.35907745361328
07-02-2001,23.737098693847656,23.95437240600586,4294685,24.06300926208496,23.886474609375,16.35907745361328
08-02-2001,23.70993995666504,23.886474609375,3084043,23.967952728271484,23.967952728271484,16.414886474609375
09-02-2001,23.859315872192383,23.900054931640625,2348380,24.160781860351562,23.905485153198242,16.372100830078125
12-02-2001,23.967952728271484,23.981531143188477,2838086,24.3237361907959,24.30744171142578,16.647384643554688
13-02-2001,23.737098693847656,24.293861389160156,4234300,24.321020126342773,24.103748321533203,16.507890701293945
14-02-2001,23.832155227661133,24.02227020263672,4256392,24.20966911315918,23.845735549926758,16.331180572509766
15-02-2001,23.2319393157959,24.035850524902344,4239455,24.035850524902344,23.348724365234375,15.990793228149414
16-02-2001,23.23737144470215,23.4383487701416,5019671,23.557849884033203,23.557849884033203,16.134017944335938
20-02-2001,23.696361541748047,23.70993995666504,6309107,24.342748641967773,24.225963592529297,16.591585159301758
21-02-2001,24.185224533081055,24.185224533081055,9158239,25.301467895507812,24.904943466186523,17.056596755981445
22-02-2001,24.32916831970215,25.122215270996094,7393088,25.225421905517578,24.576316833496094,16.83153533935547
23-02-2001,23.935361862182617,24.4432373046875,6451232,24.646930694580078,24.28028106689453,16.6287841796875
26-02-2001,23.973384857177734,24.4432373046875,4619437,24.543725967407227,24.543725967407227,16.8092098236084
27-02-2001,24.388919830322266,24.543725967407227,2877115,24.75556755065918,24.722976684570312,16.931976318359375
28-02-2001,24.915807723999023,24.986419677734375,5868740,25.258012771606445,25.0108642578125,17.129140853881836
01-03-2001,24.416078567504883,24.986419677734375,5845543,25.157522201538086,25.152090072631836,17.225860595703125
02-03-2001,24.74470329284668,25.296035766601562,5660707,25.388376235961914,25.347637176513672,17.35978126525879
05-03-2001,25.339488983154297,25.347637176513672,5563502,25.855512619018555,25.855512619018555,17.70761489868164
06-03-2001,25.5567626953125,25.73329734802246,4549847,25.763172149658203,25.646387100219727,17.56438446044922
07-03-2001,24.3346004486084,25.774036407470703,9717166,25.784900665283203,24.53557777404785,16.803630828857422
08-03-2001,24.26670265197754,24.57903289794922,6144890,25.198261260986328,25.18196678161621,17.246318817138672
09-03-2001,24.809886932373047,25.358501434326172,4223622,25.412818908691406,25.230852127075195,17.279804229736328
12-03-2001,24.4432373046875,25.190113067626953,5585594,25.48886489868164,24.51113510131836,16.786890029907227
13-03-2001,23.98967933654785,24.4432373046875,6292906,25.002716064453125,24.959260940551758,17.093795776367188
14-03-2001,24.30744171142578,24.959260940551758,6757575,24.959260940551758,24.57903289794922,16.83339500427246
15-03-2001,24.28028106689453,24.714828491210938,7061708,24.714828491210938,24.456817626953125,16.74969482421875
16-03-2001,24.18794059753418,24.388919830322266,11473480,24.524715423583984,24.416078567504883,16.721792221069336
19-03-2001,24.171646118164062,24.30744171142578,3968091,24.492124557495117,24.44866943359375,16.744112014770508
20-03-2001,24.20423698425293,24.4432373046875,4603605,24.646930694580078,24.28028106689453,16.6287841796875
21-03-2001,23.95437240600586,24.388919830322266,10797833,24.606191635131836,24.28571319580078,16.63250732421875
22-03-2001,23.087995529174805,23.927213668823242,14565992,24.03856658935547,23.139598846435547,15.847572326660156
23-03-2001,23.4383487701416,23.46550750732422,7155599,23.95437240600586,23.8973388671875,16.366519927978516
26-03-2001,23.769689559936523,23.8973388671875,4527387,24.342748641967773,24.20966911315918,16.58043098449707
27-03-2001,24.321020126342773,24.429658889770508,7008687,24.847909927368164,24.538293838500977,16.805492401123047
28-03-2001,24.361759185791016,24.538293838500977,6254613,25.285171508789062,25.168386459350586,17.237018585205078
29-03-2001,24.986419677734375,25.168386459350586,7670711,25.65996742248535,25.518739700317383,17.47696876525879
30-03-2001,25.217273712158203,25.80119514465332,6662211,25.80119514465332,25.567626953125,17.510448455810547
02-04-2001,24.731124877929688,25.532318115234375,4763772,25.532318115234375,25.17110252380371,17.238874435424805
03-04-2001,24.30744171142578,25.035306930541992,5645611,25.16567039489746,24.4432373046875,16.740386962890625
04-04-2001,23.9842472076416,24.497556686401367,8143479,25.149375915527344,25.054317474365234,17.158903121948242
05-04-2001,25.258012771606445,25.461706161499023,7021206,25.6653995513916,25.52960205078125,17.484407424926758
06-04-2001,24.171646118164062,25.434545516967773,8940264,25.4481258392334,24.3346004486084,16.66599464416504
09-04-2001,24.30744171142578,24.429658889770508,4253815,24.633350372314453,24.560022354125977,16.820377349853516
10-04-2001,24.253122329711914,24.831613540649414,5932070,25.06789779663086,24.587181091308594,16.838973999023438
11-04-2001,23.832155227661133,24.57903289794922,5807619,24.57903289794922,24.171646118164062,16.55438995361328
12-04-2001,24.04943084716797,24.239543914794922,3623824,24.57360076904297,24.31830406188965,16.654823303222656
16-04-2001,24.171646118164062,24.52199935913086,4111321,24.837045669555664,24.565454483032227,16.824087142944336
17-04-2001,24.60890769958496,24.633350372314453,6398948,25.179250717163086,24.972841262817383,17.103097915649414
18-04-2001,24.473112106323242,25.190113067626953,5155536,25.190113067626953,24.633350372314453,16.870595932006836
19-04-2001,24.07930564880371,24.714828491210938,8345989,24.769147872924805,24.28028106689453,16.6287841796875
20-04-2001,23.655622482299805,23.832155227661133,5254950,24.426942825317383,24.35089683532715,16.677146911621094
23-04-2001,24.144487380981445,24.361759185791016,2515911,24.63063621520996,24.231395721435547,16.595308303833008
24-04-2001,23.81314468383789,24.185224533081055,4073028,24.293861389160156,23.872894287109375,16.349777221679688
25-04-2001,23.940792083740234,23.940792083740234,4771504,24.728408813476562,24.714828491210938,16.9263916015625
26-04-2001,24.253122329711914,24.714828491210938,4071924,24.780010223388672,24.769147872924805,16.96359634399414
27-04-2001,24.36990737915039,24.741987228393555,3186771,24.904943466186523,24.904943466186523,17.056596755981445
30-04-2001,24.549158096313477,24.850624084472656,3335524,25.054317474365234,24.75556755065918,16.954299926757812
01-05-2001,24.674089431762695,24.82346534729004,4426500,25.355785369873047,25.353069305419922,17.363502502441406
02-05-2001,24.606191635131836,25.258012771606445,5092206,25.258012771606445,24.856056213378906,17.02311134338379
03-05-2001,25.040739059448242,25.393808364868164,8812131,25.60836410522461,25.4372615814209,17.421165466308594
04-05-2001,25.516023635864258,25.52960205078125,5746497,25.991308212280273,25.72243309020996,17.616472244262695
07-05-2001,25.597501754760742,25.855512619018555,3426469,25.923410415649414,25.825637817382812,17.687152862548828
08-05-2001,25.054317474365234,25.69255828857422,3241633,25.695274353027344,25.325910568237305,17.344905853271484
09-05-2001,25.095056533813477,25.52960205078125,4228777,25.6653995513916,25.48886489868164,17.456506729125977
10-05-2001,25.230852127075195,25.62466049194336,1946305,25.62466049194336,25.40467071533203,17.398841857910156
11-05-2001,25.08147621154785,25.40467071533203,2988679,25.548614501953125,25.122215270996094,17.205400466918945
14-05-2001,25.162954330444336,25.190113067626953,2976161,25.48343276977539,25.203693389892578,17.261198043823242
15-05-2001,25.17653465270996,25.258012771606445,4717378,25.717002868652344,25.657251358032227,17.571826934814453
16-05-2001,25.4481258392334,25.52960205078125,10851222,26.072786331176758,25.909832000732422,17.744808197021484
17-05-2001,25.91526222229004,25.97772979736328,6975549,26.439434051513672,26.40412712097168,18.08334732055664
18-05-2001,26.018468856811523,26.507333755493164,3308645,26.610538482666016,26.148832321166992,17.908496856689453
21-05-2001,26.148832321166992,26.148832321166992,4024794,26.7789249420166,26.659423828125,18.258188247680664
22-05-2001,26.615970611572266,26.659423828125,3102821,26.80608367919922,26.724605560302734,18.302824020385742
23-05-2001,26.262901306152344,26.6702880859375,4379003,26.792503356933594,26.605106353759766,18.220989227294922
24-05-2001,26.113525390625,26.605106353759766,3381917,26.61325454711914,26.61325454711914,18.2265682220459
25-05-2001,26.086366653442383,26.344377517700195,2692278,26.371536254882812,26.29549217224121,18.008941650390625
29-05-2001,26.208581924438477,26.298206329345703,3723238,26.434003829956055,26.235740661621094,17.96803092956543
30-05-2001,26.480173110961914,26.507333755493164,3711824,26.73275375366211,26.643129348754883,18.247018814086914
31-05-2001,26.262901306152344,26.697446823120117,3596946,26.941879272460938,26.822378158569336,18.369783401489258
01-06-2001,26.7789249420166,26.822378158569336,5235988,27.441608428955078,27.218902587890625,18.641361236572266
04-06-2001,26.996198654174805,27.213470458984375,2815994,27.561107635498047,27.479631423950195,18.819921493530273
05-06-2001,26.979902267456055,27.756654739379883,5876288,27.756654739379883,27.28951644897461,18.689712524414062
06-06-2001,26.92015266418457,27.425312042236328,4919152,27.425312042236328,27.001630783081055,18.49254608154297
07-06-2001,26.892993927001953,27.05051612854004,5725510,27.267789840698242,27.03965187072754,18.518590927124023
08-06-2001,26.91472053527832,27.15915298461914,1779511,27.27865219116211,27.15372085571289,18.596715927124023
11-06-2001,26.643129348754883,27.023357391357422,1603143,27.126562118530273,26.822378158569336,18.369783401489258
12-06-2001,26.5725154876709,26.958175659179688,1748398,27.023357391357422,26.78435516357422,18.34375
13-06-2001,26.453014373779297,26.78978729248047,3163390,27.04508399963379,26.90385627746582,18.425594329833984
14-06-2001,26.941879272460938,26.952743530273438,2813600,27.14828872680664,27.03965187072754,18.518590927124023
15-06-2001,26.979902267456055,26.996198654174805,4717378,27.52851676940918,27.457902908325195,18.80504035949707
18-06-2001,27.164583206176758,27.457902908325195,3211256,27.973926544189453,27.52851676940918,18.85340118408203
19-06-2001,27.430744171142578,27.702335357666016,7172536,28.51711082458496,28.39217758178711,19.444889068603516
20-06-2001,28.39760971069336,28.39760971069336,4713144,28.924497604370117,28.609451293945312,19.593698501586914
21-06-2001,28.473655700683594,28.555133819580078,6334513,29.60347557067871,29.331884384155273,20.088470458984375
22-06-2001,27.702335357666016,29.060293197631836,6198647,29.060293197631836,28.560565948486328,19.56021499633789
25-06-2001,28.326995849609375,28.696361541748047,5415302,28.75067901611328,28.680065155029297,19.642059326171875
26-06-2001,28.104291915893555,28.381315231323242,6199199,28.65290641784668,28.326995849609375,19.40025520324707
27-06-2001,28.337860107421875,28.381315231323242,3485013,28.73438262939453,28.49538230895996,19.515579223632812
28-06-2001,28.462791442871094,28.462791442871094,7437088,29.087451934814453,28.804996490478516,19.727617263793945
29-06-2001,26.328083038330078,27.7838134765625,12052475,28.245519638061523,27.430744171142578,18.786436080932617
02-07-2001,26.80065155029297,27.104833602905273,7595046,27.53394889831543,27.15915298461914,18.600433349609375
03-07-2001,26.605106353759766,27.104833602905273,4700994,27.191743850708008,26.610538482666016,18.22470474243164
05-07-2001,26.322650909423828,27.14828872680664,6215032,27.14828872680664,26.344377517700195,18.042417526245117
06-07-2001,26.007604598999023,26.208581924438477,4736893,26.349809646606445,26.018468856811523,17.819217681884766
09-07-2001,26.072786331176758,26.29006004333496,4622199,26.860401153564453,26.708311080932617,18.291669845581055
10-07-2001,26.214014053344727,26.844106674194336,4182016,26.865833282470703,26.366104125976562,18.05730438232422
11-07-2001,25.947853088378906,26.637697219848633,4082049,26.75176429748535,25.996740341186523,17.80433464050293
12-07-2001,25.833786010742188,25.947853088378906,5268758,26.317218780517578,26.137968063354492,17.901058197021484
13-07-2001,25.882671356201172,26.018468856811523,6204170,26.480173110961914,25.882671356201172,17.726221084594727
16-07-2001,25.828353881835938,25.882671356201172,4481915,26.072786331176758,25.991308212280273,17.80061149597168
17-07-2001,25.871809005737305,26.18142318725586,3595105,26.18142318725586,25.964149475097656,17.782012939453125
18-07-2001,25.42096710205078,26.018468856811523,6631834,26.018468856811523,25.80119514465332,17.670419692993164
19-07-2001,26.29006004333496,26.398696899414062,9386523,26.996198654174805,26.398696899414062,18.079618453979492
20-07-2001,26.127105712890625,26.42585563659668,4467923,26.7789249420166,26.40412712097168,18.08334732055664
23-07-2001,26.453014373779297,26.697446823120117,5191988,26.75176429748535,26.53449249267578,18.172622680664062
24-07-2001,26.078218460083008,26.53449249267578,2780278,26.610538482666016,26.17599105834961,17.927099227905273
25-07-2001,26.26833152770996,26.317218780517578,4683136,27.104833602905273,26.996198654174805,18.488826751708984
26-07-2001,26.996198654174805,27.13199234008789,3262988,27.441608428955078,26.996198654174805,18.488826751708984
27-07-2001,26.371536254882812,26.887561798095703,3856711,26.963607788085938,26.52906036376953,18.16891098022461
30-07-2001,26.371536254882812,26.692014694213867,2615693,26.80608367919922,26.55621910095215,18.187503814697266
31-07-2001,26.75176429748535,26.75176429748535,3890217,27.30038070678711,27.05051612854004,18.526031494140625
01-08-2001,26.941879272460938,27.05051612854004,4868893,27.311243057250977,27.180879592895508,18.61531639099121
02-08-2001,26.344377517700195,26.887561798095703,4799855,27.27322006225586,26.469310760498047,18.127981185913086
03-08-2001,25.953285217285156,26.5616512298584,3962753,26.5616512298584,26.17599105834961,17.927099227905273
06-08-2001,25.725149154663086,26.262901306152344,2465099,26.453014373779297,25.93699073791504,17.763416290283203
07-08-2001,25.54046630859375,25.93699073791504,3980794,26.615970611572266,26.588809967041016,18.20982551574707
08-08-2001,26.246604919433594,26.317218780517578,3113683,26.996198654174805,26.376968383789062,18.06473731994629
09-08-2001,26.53449249267578,26.6702880859375,4013012,26.969039916992188,26.90928840637207,18.429311752319336
10-08-2001,26.67572021484375,27.023357391357422,3027893,27.180879592895508,26.92015266418457,18.43674659729004
13-08-2001,27.001630783081055,27.05594825744629,6378145,27.794677734375,27.599130630493164,18.901756286621094
14-08-2001,27.8924503326416,27.973926544189453,8489403,28.48995018005371,28.17490577697754,19.29608917236328
15-08-2001,27.62085723876953,28.218360900878906,3594921,28.49538230895996,28.359586715698242,19.42256736755371
16-08-2001,27.946767807006836,28.288972854614258,3048328,28.435632705688477,28.27267837524414,19.36305046081543
17-08-2001,28.131450653076172,28.191200256347656,4934616,29.092884063720703,28.8973388671875,19.790861129760742
20-08-2001,28.625747680664062,28.7887020111084,3242737,28.8973388671875,28.65290641784668,19.62346839904785
21-08-2001,28.218360900878906,28.73438262939453,4334819,29.223247528076172,28.310701370239258,19.389087677001953
22-08-2001,28.060836791992188,28.316133499145508,4586299,28.462791442871094,28.424768447875977,19.46721649169922
23-08-2001,28.109722137451172,28.27267837524414,6582864,28.48995018005371,28.375883102416992,19.43373680114746
24-08-2001,28.435632705688477,28.51711082458496,2619559,28.859315872192383,28.74524688720703,19.68669891357422
27-08-2001,28.549701690673828,28.853883743286133,1502256,29.054861068725586,28.79413414001465,19.72017478942871
28-08-2001,27.93047332763672,28.51711082458496,7123565,28.527973175048828,28.115154266357422,19.255165100097656
29-08-2001,28.14774513244629,28.245519638061523,3663038,28.51167869567871,28.245519638061523,19.344449996948242
30-08-2001,28.250951766967773,28.250951766967773,4708542,28.7887020111084,28.544269561767578,19.549047470092773
31-08-2001,28.00108528137207,28.549701690673828,3350068,28.64747428894043,28.02824592590332,19.19565200805664
04-09-2001,27.53938102722168,27.8924503326416,4752910,28.51167869567871,28.348724365234375,19.415138244628906
05-09-2001,28.207496643066406,28.40847396850586,6028907,29.103748321533203,28.929929733276367,19.81317901611328
06-09-2001,28.625747680664062,29.168930053710938,6571265,29.27756690979004,28.8973388671875,19.790861129760742
07-09-2001,28.082563400268555,28.707223892211914,4790282,28.843019485473633,28.51711082458496,19.530452728271484
10-09-2001,27.973926544189453,28.354154586791992,3689732,28.97881507873535,28.962520599365234,19.83550453186035
17-09-2001,28.7887020111084,29.331884384155273,6309291,29.38620376586914,29.01140785217285,19.86897850036621
18-09-2001,28.604019165039062,28.8756103515625,6504989,29.060293197631836,28.7887020111084,19.716455459594727
19-09-2001,28.191200256347656,28.7887020111084,10117584,28.8973388671875,28.533405303955078,19.54161834716797
20-09-2001,27.995655059814453,28.27267837524414,4582433,28.50081443786621,28.191200256347656,19.307252883911133
21-09-2001,27.430744171142578,27.979358673095703,11724593,28.51711082458496,27.571971893310547,18.88316535949707
24-09-2001,27.007061004638672,27.702335357666016,6871717,27.91960906982422,27.39272117614746,18.760400772094727
25-09-2001,27.05051612854004,27.39272117614746,6886445,27.946767807006836,27.92504119873047,19.124967575073242
26-09-2001,27.91960906982422,27.92504119873047,6028539,28.7887020111084,28.707223892211914,19.660654067993164
27-09-2001,28.571428298950195,28.571428298950195,9676112,30.0977725982666,29.9022274017334,20.47907066345215
28-09-2001,29.456817626953125,30.038022994995117,8923879,30.363933563232422,29.9022274017334,20.47907066345215
01-10-2001,29.636066436767578,29.9022274017334,5034583,30.14665985107422,30.14665985107422,20.646480560302734
02-10-2001,28.40847396850586,29.331884384155273,10602687,29.815317153930664,29.060293197631836,19.9024658203125
03-10-2001,28.136882781982422,28.924497604370117,10688662,28.951656341552734,28.27267837524414,19.36305046081543
04-10-2001,28.354154586791992,28.76154327392578,6340588,28.946224212646484,28.51711082458496,19.530452728271484
05-10-2001,28.65290641784668,28.75611114501953,4319354,29.168930053710938,28.8973388671875,19.790861129760742
08-10-2001,28.690929412841797,28.89190673828125,2937684,29.158065795898438,29.04399871826172,19.891307830810547
09-10-2001,28.7887020111084,29.04399871826172,3107424,29.38620376586914,28.9842472076416,19.850385665893555
10-10-2001,28.843019485473633,28.9842472076416,3040227,29.212385177612305,29.03313446044922,19.883859634399414
11-10-2001,27.957632064819336,28.799564361572266,7049189,29.02227020263672,28.288972854614258,19.374216079711914
12-10-2001,28.00108528137207,28.218360900878906,3947104,28.73438262939453,28.571428298950195,19.567655563354492
15-10-2001,27.756654739379883,28.191200256347656,5814062,28.441064834594727,28.142314910888672,19.273775100708008
16-10-2001,27.865291595458984,28.02824592590332,5856405,28.359586715698242,28.00108528137207,19.17704963684082
17-10-2001,27.62085723876953,28.00108528137207,5207453,28.185768127441406,27.935903549194336,19.13240623474121
18-10-2001,25.5350341796875,27.566539764404297,20471736,27.91417694091797,26.90385627746582,18.425594329833984
19-10-2001,26.969039916992188,26.996198654174805,7234210,27.89788246154785,27.838130950927734,19.065446853637695
22-10-2001,27.577404022216797,27.702335357666016,4219020,28.27811050415039,28.27811050415039,19.366769790649414
23-10-2001,28.212928771972656,29.0059757232666,6670495,29.0059757232666,28.218360900878906,19.32585334777832
24-10-2001,27.15372085571289,28.082563400268555,5458933,28.087995529174805,27.354698181152344,18.734357833862305
25-10-2001,26.740901947021484,27.322107315063477,6021175,27.322107315063477,27.06138038635254,18.53347396850586
26-10-2001,26.860401153564453,27.13199234008789,3530670,27.419879913330078,27.14828872680664,18.592988967895508
29-10-2001,26.453014373779297,27.338403701782227,3286369,27.39815330505371,26.75176429748535,18.321430206298828
30-10-2001,26.099945068359375,26.615970611572266,4756224,26.6702880859375,26.27919578552246,17.997777938842773
31-10-2001,26.154264450073242,26.41499137878418,4081865,26.5725154876709,26.27376365661621,17.994062423706055
01-11-2001,26.387832641601562,26.398696899414062,3711640,26.887561798095703,26.697446823120117,18.28421974182129
02-11-2001,26.344377517700195,26.615970611572266,4895219,26.887561798095703,26.615970611572266,18.228424072265625
05-11-2001,24.877784729003906,25.80119514465332,25326269,26.013036727905273,25.16567039489746,17.235172271728516
06-11-2001,24.57903289794922,24.850624084472656,18595205,25.095056533813477,24.959260940551758,17.093795776367188
07-11-2001,24.986419677734375,24.986419677734375,14226328,26.089082717895508,26.007604598999023,17.811777114868164
08-11-2001,25.605649948120117,26.208581924438477,9877517,26.453014373779297,25.91526222229004,17.748525619506836
09-11-2001,25.752309799194336,26.018468856811523,5170080,26.317218780517578,25.79033088684082,17.66297149658203
12-11-2001,25.52960205078125,25.80119514465332,5790866,26.371536254882812,26.262901306152344,17.986616134643555
13-11-2001,26.480173110961914,27.29494857788086,5351603,27.322107315063477,26.5833797454834,18.206104278564453
14-11-2001,26.04562759399414,26.697446823120117,3782150,26.7789249420166,26.072786331176758,17.85641860961914
15-11-2001,25.52960205078125,26.072786331176758,6813541,26.398696899414062,26.322650909423828,18.02753448486328
16-11-2001,26.127105712890625,26.18142318725586,5218315,26.708311080932617,26.708311080932617,18.291669845581055
19-11-2001,26.371536254882812,26.75176429748535,2679576,26.7789249420166,26.588809967041016,18.20982551574707
20-11-2001,26.40955924987793,26.615970611572266,4542299,27.15915298461914,26.90385627746582,18.425594329833984
21-11-2001,26.75176429748535,27.012493133544922,3099139,27.213470458984375,26.80608367919922,18.358627319335938
23-11-2001,26.491037368774414,26.615970611572266,1966556,26.6702880859375,26.615970611572266,18.228424072265625
26-11-2001,26.615970611572266,26.887561798095703,4028476,27.104833602905273,26.90928840637207,18.429311752319336
27-11-2001,26.463878631591797,26.643129348754883,3541348,27.093971252441406,26.89842414855957,18.421873092651367
28-11-2001,27.104833602905273,27.15915298461914,4700994,27.604562759399414,27.246061325073242,18.65995216369629
29-11-2001,27.7838134765625,28.218360900878906,9431811,28.375883102416992,28.16404151916504,19.28865623474121
30-11-2001,27.941335678100586,28.299837112426758,3931640,28.354154586791992,28.245519638061523,19.344449996948242
03-12-2001,27.859859466552734,28.245519638061523,3559389,28.48451805114746,27.963064193725586,19.1510066986084
04-12-2001,27.78924560546875,28.16404151916504,4167288,28.16404151916504,27.90874481201172,19.11380958557129
05-12-2001,27.29494857788086,27.90874481201172,6903750,27.973926544189453,27.322107315063477,18.7120304107666
06-12-2001,26.941879272460938,27.349266052246094,4814951,27.376426696777344,26.941879272460938,18.451627731323242
07-12-2001,27.104833602905273,27.13199234008789,5140440,27.865291595458984,27.6860408782959,18.961280822753906
10-12-2001,27.40358543395996,27.593698501586914,4539354,28.087995529174805,27.756654739379883,19.0096378326416
11-12-2001,27.702335357666016,27.973926544189453,12106048,28.109722137451172,27.90874481201172,19.11380958557129
12-12-2001,27.349266052246094,27.696903228759766,4304994,27.734926223754883,27.582834243774414,19.107036590576172
13-12-2001,27.246061325073242,27.566539764404297,5191988,27.91960906982422,27.28951644897461,18.903844833374023
14-12-2001,27.235197067260742,27.425312042236328,4422082,28.01194953918457,27.946767807006836,19.35913848876953
17-12-2001,27.91960906982422,28.00108528137207,5063671,28.370450973510742,28.109722137451172,19.47201919555664
18-12-2001,27.702335357666016,28.055404663085938,3327055,28.240087509155273,27.963064193725586,19.370420455932617
19-12-2001,27.751222610473633,27.968494415283203,3274955,28.191200256347656,28.136882781982422,19.490833282470703
20-12-2001,28.082563400268555,28.136882781982422,3047776,28.48995018005371,28.40847396850586,19.678974151611328
21-12-2001,28.326995849609375,28.354154586791992,5740974,28.97881507873535,28.97881507873535,20.07404899597168
24-12-2001,28.924497604370117,28.97881507873535,979596,29.087451934814453,28.967952728271484,20.0665283203125
26-12-2001,29.065725326538086,29.223247528076172,2295911,29.315589904785156,29.14177131652832,20.18692970275879
27-12-2001,28.7778377532959,29.087451934814453,2527877,29.14177131652832,29.065725326538086,20.134254455566406
28-12-2001,28.902769088745117,29.114612579345703,2179928,29.14177131652832,29.114612579345703,20.168115615844727
31-12-2001,28.919065475463867,29.076589584350586,2028414,29.299293518066406,29.13090705871582,20.179407119750977
02-01-2002,28.631179809570312,29.223247528076172,7626711,29.27756690979004,28.843019485473633,19.979984283447266
03-01-2002,28.441064834594727,28.8973388671875,4980641,28.8973388671875,28.549701690673828,19.776790618896484
04-01-2002,28.52254295349121,28.73438262939453,2741617,29.01683807373047,28.707223892211914,19.88590431213379
07-01-2002,28.462791442871094,28.701793670654297,3871439,28.75611114501953,28.49538230895996,19.739171981811523
08-01-2002,28.202064514160156,28.51711082458496,4992056,28.560565948486328,28.234655380249023,19.558557510375977
09-01-2002,27.92504119873047,28.245519638061523,4404961,28.446495056152344,27.935903549194336,19.351612091064453
10-01-2002,27.832700729370117,27.92504119873047,4260442,28.082563400268555,28.066268920898438,19.441911697387695
11-01-2002,28.16947364807129,28.234655380249023,3141667,28.89190673828125,28.685497283935547,19.87086296081543
14-01-2002,28.685497283935547,28.690929412841797,4705964,29.03313446044922,28.832155227661133,19.972457885742188
15-01-2002,28.457359313964844,28.7887020111084,4712960,28.929929733276367,28.799564361572266,19.94988250732422
16-01-2002,28.435632705688477,28.87017822265625,2963826,28.951656341552734,28.65290641784668,19.84829330444336
17-01-2002,28.625747680664062,28.680065155029297,2249702,29.01683807373047,28.935361862182617,20.043947219848633
18-01-2002,28.804996490478516,28.843019485473633,1942807,29.054861068725586,28.98967933654785,20.081571578979492
22-01-2002,28.832155227661133,28.98967933654785,2191158,29.228679656982422,29.228679656982422,20.24712371826172
23-01-2002,29.087451934814453,29.228679656982422,6681173,29.972841262817383,29.90765953063965,20.717472076416016
24-01-2002,28.381315231323242,29.983705520629883,9570254,30.0108642578125,28.625747680664062,19.82947540283203
25-01-2002,28.337860107421875,28.625747680664062,5089629,28.685497283935547,28.527973175048828,19.761747360229492
28-01-2002,28.544269561767578,28.66377067565918,3442486,28.804996490478516,28.680065155029297,19.867103576660156
29-01-2002,28.27267837524414,28.680065155029297,5121662,28.815860748291016,28.354154586791992,19.64133644104004
30-01-2002,28.680065155029297,28.680065155029297,5864874,29.717544555664062,29.196088790893555,20.224559783935547
31-01-2002,28.962520599365234,29.282997131347656,7428987,30.325910568237305,30.325910568237305,21.007204055786133
01-02-2002,29.657794952392578,30.325910568237305,5875736,30.646387100219727,30.14665985107422,20.88302993774414
04-02-2002,29.51113510131836,30.09234046936035,4228041,30.24986457824707,29.63063621520996,20.52557373046875
05-02-2002,29.402498245239258,29.440521240234375,5113746,30.461706161499023,30.23900032043457,20.94700050354004
06-02-2002,29.87506866455078,30.14665985107422,4694734,30.309614181518555,30.1086368560791,20.856691360473633
07-02-2002,29.467681884765625,30.054317474365234,3965514,30.10320472717285,29.679521560668945,20.559438705444336
08-02-2002,29.35904312133789,29.674089431762695,3788226,29.929386138916016,29.717544555664062,20.585779190063477
11-02-2002,29.799022674560547,29.9891357421875,2410053,30.14665985107422,30.14665985107422,20.88302993774414
12-02-2002,30.157522201538086,30.211841583251953,4892089,30.499727249145508,30.309614181518555,20.995908737182617
13-02-2002,30.0108642578125,30.445409774780273,4082049,30.803911209106445,30.418251037597656,21.0711669921875
14-02-2002,30.25529670715332,30.418251037597656,3558653,30.651819229125977,30.516023635864258,21.13889503479004
15-02-2002,30.24443244934082,30.38022804260254,3767422,30.97229766845703,30.73329734802246,21.289403915405273
19-02-2002,30.038022994995117,30.554046630859375,3404745,30.662683486938477,30.065181732177734,20.82659339904785
20-02-2002,30.065181732177734,30.173818588256836,2667609,30.47800064086914,30.358501434326172,21.02977752685547
21-02-2002,29.712112426757812,30.24986457824707,4819002,30.412818908691406,29.847909927368164,20.67608642578125
22-02-2002,29.576316833496094,29.76643180847168,2504681,30.222705841064453,30.13579559326172,20.875505447387695
25-02-2002,29.706680297851562,29.87506866455078,4822131,30.0869083404541,29.799022674560547,20.642221450805664
26-02-2002,29.201520919799805,29.60347557067871,6285174,29.657794952392578,29.60347557067871,20.506763458251953
27-02-2002,29.549158096313477,29.73927116394043,5299134,30.336772918701172,30.25529670715332,20.958280563354492
28-02-2002,29.961977005004883,30.25529670715332,4610048,30.581205368041992,30.13579559326172,20.875505447387695
01-03-2002,29.86420440673828,30.22813606262207,4208526,30.282455444335938,30.076045989990234,20.83411979675293
04-03-2002,30.0108642578125,30.0108642578125,2814153,30.418251037597656,30.418251037597656,21.0711669921875
05-03-2002,29.782726287841797,30.363933563232422,4435337,30.363933563232422,29.967409133911133,20.758869171142578
06-03-2002,29.712112426757812,29.777294158935547,3269064,30.309614181518555,30.179250717163086,20.905601501464844
07-03-2002,29.88593292236328,30.09234046936035,4626065,30.47256851196289,30.26072883605957,20.962053298950195
08-03-2002,29.793590545654297,30.418251037597656,5675803,30.47256851196289,29.87506866455078,20.69489288330078
11-03-2002,29.38077163696289,29.820749282836914,4126417,29.85877227783203,29.73927116394043,20.60082244873047
12-03-2002,29.337316513061523,29.35904312133789,2917617,29.940250396728516,29.940250396728516,20.740049362182617
13-03-2002,29.87506866455078,29.956544876098633,4464609,30.152090072631836,30.12493133544922,20.867984771728516
14-03-2002,29.837045669555664,30.336772918701172,5073060,30.418251037597656,30.336772918701172,21.014724731445312
15-03-2002,30.526887893676758,30.581205368041992,9459058,31.450298309326172,31.395980834960938,21.748456954956055
18-03-2002,30.923410415649414,31.450298309326172,3920041,31.526344299316406,31.162412643432617,21.58665657043457
19-03-2002,30.86909294128418,30.923410415649414,4844592,31.2330265045166,30.99945640563965,21.473779678344727
20-03-2002,30.798479080200195,31.070070266723633,3936058,31.195003509521484,30.836502075195312,21.360891342163086
21-03-2002,30.73329734802246,30.945138931274414,4734132,31.618684768676758,31.450298309326172,21.786081314086914
22-03-2002,31.0157527923584,31.47745704650879,5123503,31.49918556213379,31.395980834960938,21.748456954956055
25-03-2002,31.34709358215332,31.395980834960938,6193124,31.803367614746094,31.651275634765625,21.925291061401367
26-03-2002,31.645845413208008,31.656707763671875,5538096,32.178165435791016,32.04779815673828,22.199979782104492
27-03-2002,31.97175407409668,32.156436920166016,6994143,32.37914276123047,32.37371063232422,22.425739288330078
28-03-2002,32.10755157470703,32.37371063232422,4731370,32.53666687011719,32.33025360107422,22.395639419555664
01-04-2002,31.901140213012695,32.34654998779297,3804242,32.35198211669922,31.933731079101562,22.120962142944336
02-04-2002,31.401411056518555,31.857685089111328,6116538,31.857685089111328,31.450298309326172,21.786081314086914
03-04-2002,30.765888214111328,31.1243896484375,7495447,31.287343978881836,30.928842544555664,21.424863815307617
04-04-2002,31.200435638427734,31.74361801147461,6488789,31.797935485839844,31.428571701049805,21.771034240722656
05-04-2002,31.091798782348633,31.47745704650879,3365348,31.59152603149414,31.314502716064453,21.692012786865234
08-04-2002,31.314502716064453,31.314502716064453,4589797,31.863117218017578,31.82509422302246,22.045705795288086
09-04-2002,31.776208877563477,31.98805046081543,4714617,32.156436920166016,32.04779815673828,22.199979782104492
10-04-2002,31.787071228027344,31.83052635192871,3513549,32.4008674621582,32.308528900146484,22.38058853149414
11-04-2002,31.34166145324707,32.36284637451172,4488358,32.50407409667969,31.450298309326172,21.786081314086914
12-04-2002,30.98316192626953,31.178707122802734,4796173,31.434003829956055,31.097230911254883,21.541505813598633
15-04-2002,30.917978286743164,30.96143341064453,3083307,31.33079719543457,31.037479400634766,21.50011444091797
16-04-2002,30.771320343017578,31.037479400634766,4740759,31.368820190429688,31.24388885498047,21.643098831176758
17-04-2002,30.689842224121094,31.162412643432617,4547086,31.26018524169922,30.689842224121094,21.259300231933594
18-04-2002,30.559478759765625,30.689842224121094,7254092,31.694730758666992,31.47745704650879,21.804901123046875
19-04-2002,31.466594696044922,31.912004470825195,6435768,31.912004470825195,31.803367614746094,22.030656814575195
22-04-2002,31.1243896484375,31.803367614746094,4055171,31.884845733642578,31.1243896484375,21.560319900512695
23-04-2002,30.74959373474121,31.287343978881836,5499988,31.314502716064453,30.755023956298828,21.304454803466797
24-04-2002,30.61379623413086,31.097230911254883,4624592,31.22759437561035,30.61379623413086,21.206623077392578
25-04-2002,30.429115295410156,30.581205368041992,3867573,30.907115936279297,30.499727249145508,21.127607345581055
26-04-2002,30.363933563232422,30.418251037597656,10839992,30.96143341064453,30.765888214111328,21.311979293823242
29-04-2002,30.043455123901367,30.765888214111328,4163237,30.765888214111328,30.065181732177734,20.82659339904785
30-04-2002,30.048885345458984,30.14665985107422,5609527,31.184139251708984,30.907115936279297,21.40981674194336
01-05-2002,30.597501754760742,30.907115936279297,3486854,31.178707122802734,31.1243896484375,21.560319900512695
02-05-2002,30.47256851196289,31.1243896484375,4087020,31.12982177734375,30.96143341064453,21.447444915771484
03-05-2002,30.418251037597656,31.070070266723633,4225095,31.070070266723633,30.917978286743164,21.41733169555664
06-05-2002,30.61922836303711,30.907115936279297,3605599,31.097230911254883,30.63552474975586,21.2216796875
07-05-2002,30.162954330444336,30.825637817382812,5508272,30.836502075195312,30.200977325439453,20.92066192626953
08-05-2002,30.0977725982666,30.363933563232422,5937225,30.49429702758789,30.152090072631836,20.886802673339844
09-05-2002,29.467681884765625,30.016294479370117,4238903,30.184682846069336,29.86420440673828,20.687366485595703
10-05-2002,29.679521560668945,30.0,5025746,30.22813606262207,29.684953689575195,20.563203811645508
13-05-2002,29.657794952392578,29.820749282836914,3057165,29.9022274017334,29.826181411743164,20.66103172302246
14-05-2002,29.657794952392578,29.85334014892578,5044708,30.09234046936035,29.85877227783203,20.683610916137695
15-05-2002,28.712656021118164,29.87506866455078,12142684,29.951114654541016,28.973384857177734,20.070287704467773
16-05-2002,28.614883422851562,28.65290641784668,7684150,28.8756103515625,28.690929412841797,19.874629974365234
17-05-2002,28.74524688720703,28.8973388671875,5559268,29.190656661987305,29.060293197631836,20.130489349365234
20-05-2002,28.707223892211914,29.0059757232666,3357248,29.054861068725586,28.76154327392578,19.923542022705078
21-05-2002,28.565996170043945,28.8973388671875,3909732,28.935361862182617,28.799564361572266,19.94988250732422
22-05-2002,28.02824592590332,28.571428298950195,9020348,28.690929412841797,28.196632385253906,19.532215118408203
23-05-2002,28.26724624633789,28.332427978515625,4402567,28.843019485473633,28.74524688720703,19.912250518798828
24-05-2002,28.462791442871094,28.473655700683594,3256913,29.04943084716797,28.66920280456543,19.859573364257812
28-05-2002,28.033676147460938,28.39760971069336,5331168,28.832155227661133,28.40304183959961,19.67520523071289
29-05-2002,28.39760971069336,28.40304183959961,6792185,29.152633666992188,29.087451934814453,20.149303436279297
30-05-2002,28.51167869567871,28.51711082458496,12057445,29.185224533081055,29.04943084716797,20.12296485900879
31-05-2002,29.065725326538086,29.103748321533203,6535182,29.440521240234375,29.168930053710938,20.205745697021484
03-06-2002,28.674633026123047,29.25040626525879,4993713,29.331884384155273,28.680065155029297,19.867103576660156
04-06-2002,28.136882781982422,28.680065155029297,4766165,28.7887020111084,28.39217758178711,19.667675018310547
05-06-2002,28.25638198852539,28.527973175048828,4447120,28.625747680664062,28.288972854614258,19.596179962158203
06-06-2002,27.15915298461914,28.245519638061523,8496031,28.245519638061523,27.468767166137695,19.028018951416016
07-06-2002,26.871265411376953,27.29494857788086,5856221,27.506790161132812,27.376426696777344,18.964048385620117
10-06-2002,27.457902908325195,27.512222290039062,4548191,28.245519638061523,27.91960906982422,19.340316772460938
11-06-2002,26.469310760498047,27.91960906982422,6889758,27.91960906982422,26.51819610595703,18.369543075561523
12-06-2002,24.910375595092773,26.137968063354492,13296991,26.143400192260742,25.31233024597168,17.534225463867188
13-06-2002,24.866920471191406,25.095056533813477,5252189,25.567626953125,24.980989456176758,17.304689407348633
14-06-2002,24.47039794921875,24.68766975402832,5096072,25.475284576416016,25.236284255981445,17.48154640197754
17-06-2002,25.42096710205078,25.52960205078125,4907186,25.92612648010254,25.893535614013672,17.936830520629883
18-06-2002,25.52960205078125,25.871809005737305,6875583,26.5833797454834,26.42585563659668,18.305570602416992
19-06-2002,26.29006004333496,26.29006004333496,5915685,26.833242416381836,26.398696899414062,18.286760330200195
20-06-2002,25.583921432495117,26.496469497680664,4646500,26.55078887939453,25.730581283569336,17.823944091796875
21-06-2002,24.747419357299805,25.296035766601562,6805441,25.638240814208984,24.915807723999023,17.259546279907227
24-06-2002,24.122758865356445,25.040739059448242,6008656,25.17110252380371,24.807170867919922,17.184284210205078
25-06-2002,24.215099334716797,24.904943466186523,4285848,25.31233024597168,24.29114532470703,16.826831817626953
26-06-2002,23.57414436340332,24.171646118164062,7777305,24.225963592529297,23.94894027709961,16.58978271484375
27-06-2002,23.95980453491211,24.220531463623047,3710536,24.5518741607666,24.497556686401367,16.969820022583008
28-06-2002,24.06300926208496,24.57360076904297,6313341,24.910375595092773,24.144487380981445,16.72524070739746
01-07-2002,22.759370803833008,24.242259979248047,6297877,24.3346004486084,23.253665924072266,16.108156204223633
02-07-2002,22.514938354492188,23.08527946472168,5003286,23.253665924072266,22.732210159301758,15.746932029724121
03-07-2002,21.944595336914062,22.72677993774414,6114145,23.24823570251465,22.3248233795166,15.464726448059082
05-07-2002,22.813688278198242,22.86800765991211,2971006,23.492666244506836,23.487234115600586,16.269948959350586
08-07-2002,23.19934844970703,23.351438522338867,4277932,23.81857681274414,23.2210750579834,16.08558464050293
09-07-2002,22.270505905151367,23.166757583618164,5644322,23.514394760131836,22.3465518951416,15.479782104492188
10-07-2002,21.319934844970703,22.542097091674805,5570498,22.542097091674805,21.439434051513672,14.85140323638916
11-07-2002,20.803911209106445,21.444866180419922,5235988,21.890277862548828,21.72188949584961,15.04706859588623
12-07-2002,21.60782241821289,21.624116897583008,6397659,22.60184669494629,22.297664642333984,15.445915222167969
15-07-2002,21.319934844970703,22.297664642333984,4598634,22.542097091674805,22.248777389526367,15.41204833984375
16-07-2002,21.97175407409668,21.97718620300293,4879386,22.84084701538086,22.35198211669922,15.48354721069336
17-07-2002,23.166757583618164,23.2210750579834,8584399,23.780553817749023,23.57957649230957,16.333921432495117
18-07-2002,16.300922393798828,21.02118492126465,64115034,21.02118492126465,17.381858825683594,12.040666580200195
19-07-2002,17.110265731811523,17.327539443969727,23135663,17.843563079833984,17.246061325073242,11.946595191955566
22-07-2002,16.78435516357422,17.311243057250977,8559730,17.696903228759766,16.81151580810547,11.645576477050781
23-07-2002,16.833242416381836,16.92015266418457,9559945,17.6534481048584,17.316675186157227,11.995514869689941
24-07-2002,17.121129989624023,17.27322006225586,12196625,19.065725326538086,18.821292877197266,13.037781715393066
25-07-2002,18.73981475830078,18.821292877197266,9003226,19.565454483032227,19.494840621948242,13.504366874694824
26-07-2002,19.473112106323242,19.717544555664062,5699368,19.934818267822266,19.86963653564453,13.76399040222168
29-07-2002,20.543182373046875,20.63009262084961,9881568,21.23845672607422,21.12982177734375,14.636935234069824
30-07-2002,20.499727249145508,20.695274353027344,6457308,21.189571380615234,20.771320343017578,14.388598442077637
31-07-2002,20.668115615844727,20.907115936279297,8212149,21.82509422302246,21.678436279296875,15.016969680786133
01-08-2002,20.423683166503906,21.390548706054688,7814493,21.548072814941406,20.73872947692871,14.366019248962402
02-08-2002,20.47800064086914,20.47800064086914,6543650,21.292776107788086,20.771320343017578,14.388598442077637
05-08-2002,19.39163589477539,21.12982177734375,5953058,21.184139251708984,19.418794631958008,13.451681137084961
06-08-2002,19.549158096313477,19.554590225219727,4861345,20.13579559326172,19.76643180847168,13.692499160766602
07-08-2002,19.342748641967773,19.76643180847168,6906696,20.0977725982666,20.09234046936035,13.918264389038086
08-08-2002,20.0869083404541,20.309614181518555,5931150,20.73329734802246,20.72786521911621,14.35849666595459
09-08-2002,19.9891357421875,20.72243309020996,4570098,20.72243309020996,20.581205368041992,14.256904602050781
12-08-2002,20.0108642578125,20.532318115234375,3768343,20.537750244140625,20.315046310424805,14.072530746459961
13-08-2002,19.815317153930664,20.315046310424805,4441413,20.315046310424805,19.820749282836914,13.730124473571777
14-08-2002,18.957088470458984,19.934818267822266,10550587,19.961977005004883,19.282997131347656,13.35761547088623
15-08-2002,19.12004280090332,19.36447525024414,9521100,19.77186393737793,19.25583839416504,13.338802337646484
16-08-2002,18.40847396850586,18.604019165039062,11315522,18.66920280456543,18.468223571777344,12.793206214904785
19-08-2002,18.441064834594727,18.441064834594727,7204017,19.587181091308594,19.087451934814453,13.22215461730957
20-08-2002,18.837587356567383,19.12004280090332,4665646,19.228679656982422,18.940792083740234,13.120564460754395
21-08-2002,18.902769088745117,19.174362182617188,5218130,19.565454483032227,19.549158096313477,13.541985511779785
22-08-2002,19.445953369140625,19.554590225219727,5842229,20.043455123901367,19.826181411743164,13.733891487121582
23-08-2002,19.228679656982422,19.777294158935547,3200210,19.85334014892578,19.445953369140625,13.470495223999023
26-08-2002,19.52743148803711,19.554590225219727,6859750,20.412818908691406,20.11949920654297,13.937066078186035
27-08-2002,19.940250396728516,20.173818588256836,8076283,20.575773239135742,20.461706161499023,14.17411994934082
28-08-2002,20.043455123901367,20.26072883605957,4562734,20.38022804260254,20.282455444335938,14.049952507019043
29-08-2002,20.016294479370117,20.173818588256836,4664726,20.23356819152832,20.13579559326172,13.948360443115234
30-08-2002,19.554590225219727,20.13579559326172,4855269,20.401954650878906,19.712112426757812,13.654861450195312
03-09-2002,19.01140785217285,19.440521240234375,4812190,19.554590225219727,19.060293197631836,13.20334529876709
04-09-2002,19.01140785217285,19.065725326538086,3505448,19.51113510131836,19.473112106323242,13.489310264587402
05-09-2002,18.902769088745117,19.473112106323242,5234515,19.473112106323242,19.337316513061523,13.395245552062988
06-09-2002,19.087451934814453,19.52743148803711,3854134,19.60347557067871,19.12004280090332,13.24473762512207
09-09-2002,18.946224212646484,19.03856658935547,5747970,19.282997131347656,19.190656661987305,13.29365062713623
10-09-2002,19.01140785217285,19.12004280090332,6971131,19.223247528076172,19.14720344543457,13.26354694366455
11-09-2002,18.957088470458984,19.174362182617188,8458290,19.228679656982422,18.957088470458984,13.131854057312012
12-09-2002,17.6534481048584,18.886474609375,12317026,18.89190673828125,17.702335357666016,12.262666702270508
13-09-2002,16.02389907836914,16.29549217224121,21381374,17.724063873291016,17.62085723876953,12.206222534179688
16-09-2002,17.51765251159668,17.62085723876953,5298214,18.196632385253906,18.142314910888672,12.567447662353516
17-09-2002,17.51765251159668,18.196632385253906,5070666,18.27811050415039,17.561107635498047,12.164833068847656
18-09-2002,17.40901756286621,17.555675506591797,6213559,18.337860107421875,17.92504119873047,12.416939735412598
19-09-2002,17.734926223754883,17.78924560546875,4927068,17.92504119873047,17.838130950927734,12.356736183166504
20-09-2002,17.51765251159668,17.838130950927734,7319816,17.848995208740234,17.53938102722168,12.149787902832031
23-09-2002,16.746334075927734,17.327539443969727,7087850,17.436176300048828,16.849538803100586,11.67192268371582
24-09-2002,16.702878952026367,16.849538803100586,7433590,17.191743850708008,17.017925262451172,11.788569450378418
25-09-2002,17.115697860717773,17.561107635498047,5780372,17.91960906982422,17.6860408782959,12.251383781433105
26-09-2002,17.376426696777344,17.6534481048584,4975303,17.973926544189453,17.973926544189453,12.45080280303955
27-09-2002,17.012493133544922,17.63172149658203,6236572,17.64258575439453,17.06138038635254,11.81866455078125
30-09-2002,16.463878631591797,17.06681251525879,9153636,17.104833602905273,16.594242095947266,11.495070457458496
01-10-2002,15.81205940246582,16.702878952026367,10113718,16.713743209838867,16.089082717895508,11.14514446258545
02-10-2002,14.20423698425293,15.969581604003906,28530529,16.02389907836914,14.329169273376465,9.926024436950684
03-10-2002,13.351439476013184,14.25855541229248,33405866,15.372079849243164,14.720260620117188,10.196938514709473
04-10-2002,14.182510375976562,14.910374641418457,12632390,14.991851806640625,14.606191635131836,10.117924690246582
07-10-2002,14.88321590423584,15.209124565124512,10975858,15.263443946838379,15.165671348571777,10.505481719970703
08-10-2002,15.154807090759277,15.285170555114746,11490417,15.480716705322266,15.458990097045898,10.708666801452637
09-10-2002,15.12764835357666,15.241716384887695,7929739,15.464422225952148,15.355785369873047,10.637175559997559
10-10-2002,14.991851806640625,15.219988822937012,8369922,15.6165132522583,15.480716705322266,10.723722457885742
11-10-2002,15.431831359863281,15.75230884552002,4990399,15.877241134643555,15.562193870544434,10.780159950256348
14-10-2002,15.562193870544434,15.562193870544434,4249396,16.013036727905273,15.936990737915039,11.039785385131836
15-10-2002,15.936990737915039,16.132537841796875,6473692,16.40412712097168,16.300922393798828,11.291884422302246
16-10-2002,15.632807731628418,16.18685531616211,6965976,16.56708335876465,15.893535614013672,11.009681701660156
17-10-2002,13.579575538635254,16.18685531616211,27783083,16.56708335876465,14.530146598815918,10.065244674682617
18-10-2002,14.122758865356445,14.122758865356445,13795534,15.160239219665527,15.12221622467041,10.475380897521973
21-10-2002,14.856056213378906,14.986419677734375,10193065,15.545899391174316,15.426399230957031,10.686092376708984
22-10-2002,15.209124565124512,15.209124565124512,7999329,15.5078763961792,15.372079849243164,10.648463249206543
23-10-2002,14.665942192077637,15.236285209655762,8120835,15.236285209655762,14.964693069458008,10.36626148223877
24-10-2002,14.225963592529297,14.888647079467773,10487625,14.959260940551758,14.361760139465332,9.948603630065918
25-10-2002,14.340032577514648,14.579032897949219,5246666,14.866920471191406,14.774579048156738,10.234569549560547
28-10-2002,14.87778377532959,15.019010543823242,6316471,15.138511657714844,15.05703353881836,10.430228233337402
29-10-2002,14.334601402282715,15.051602363586426,8305672,15.100488662719727,14.530146598815918,10.065244674682617
30-10-2002,13.074416160583496,13.867463111877441,19833461,13.916350364685059,13.644758224487305,9.451922416687012
31-10-2002,13.552416801452637,13.780553817749023,8868649,13.872895240783691,13.590439796447754,9.414297103881836
01-11-2002,13.074416160583496,13.785985946655273,12878347,13.785985946655273,13.15589427947998,9.113280296325684
04-11-2002,13.286256790161133,13.33514404296875,14071684,13.775121688842773,13.661053657531738,9.463208198547363
05-11-2002,13.579575538635254,13.661053657531738,16890255,13.851167678833008,13.661053657531738,9.463208198547363
06-11-2002,13.655621528625488,13.709939956665039,19729813,13.99782657623291,13.954373359680176,9.666399002075195
07-11-2002,13.834872245788574,13.986964225769043,11130686,14.041281700134277,13.986964225769043,9.68897819519043
08-11-2002,13.959803581237793,14.052145957946777,11083556,14.464964866638184,14.345463752746582,9.9373140335083
11-11-2002,14.133623123168945,14.285714149475098,8331077,14.513851165771484,14.312872886657715,9.9147367477417
12-11-2002,14.20423698425293,14.318305015563965,13882797,15.36121654510498,15.198262214660645,10.528059005737305
13-11-2002,14.997283935546875,15.160239219665527,15837018,16.132537841796875,15.676262855529785,10.859175682067871
14-11-2002,15.725149154663086,15.888104438781738,6616186,16.28462791442871,16.28462791442871,11.280601501464844
15-11-2002,16.083650588989258,16.28462791442871,8277504,16.40412712097168,16.328083038330078,11.310704231262207
18-11-2002,16.203149795532227,16.328083038330078,6785374,16.702878952026367,16.43128776550293,11.382194519042969
19-11-2002,16.159696578979492,16.387832641601562,5952874,16.838674545288086,16.648561477661133,11.532705307006836
20-11-2002,15.75230884552002,16.605106353759766,12380357,16.605106353759766,16.18685531616211,11.212869644165039
21-11-2002,16.224878311157227,16.26833152770996,10437181,16.730037689208984,16.621400833129883,11.513888359069824
22-11-2002,16.68115234375,16.702878952026367,8871595,17.267789840698242,16.985334396362305,11.765986442565918
25-11-2002,16.838674545288086,16.985334396362305,8826490,17.327539443969727,16.996198654174805,11.773513793945312
26-11-2002,16.90385627746582,17.05594825744629,6854964,17.218902587890625,17.083106994628906,11.833720207214355
27-11-2002,16.078218460083008,17.083106994628906,9422054,17.14285659790039,16.57794761657715,11.483787536621094
29-11-2002,16.730037689208984,16.7571964263916,4161949,17.593698501586914,17.376426696777344,12.036904335021973
02-12-2002,16.78435516357422,17.599130630493164,5510849,17.599130630493164,17.093971252441406,11.841242790222168
03-12-2002,17.001630783081055,17.51765251159668,5485075,17.6534481048584,17.224334716796875,11.931546211242676
04-12-2002,16.854970932006836,17.088539123535156,5954715,17.6534481048584,17.430744171142578,12.074529647827148
05-12-2002,17.083106994628906,17.441608428955078,5476423,17.474199295043945,17.218902587890625,11.927786827087402
06-12-2002,16.974470138549805,17.110265731811523,6035719,17.40358543395996,17.381858825683594,12.040666580200195
09-12-2002,17.27322006225586,17.327539443969727,7350193,17.941335678100586,17.41444969177246,12.063247680664062
10-12-2002,16.865833282470703,17.463335037231445,8593972,17.463335037231445,17.001630783081055,11.777280807495117
11-12-2002,15.6165132522583,16.159696578979492,29139164,16.322650909423828,15.632807731628418,11.034245491027832
12-12-2002,15.535035133361816,15.670830726623535,45873854,15.936990737915039,15.779467582702637,11.13776683807373
13-12-2002,15.638239860534668,15.697990417480469,9709250,15.904399871826172,15.779467582702637,11.13776683807373
16-12-2002,15.74687671661377,15.904399871826172,9208130,16.110809326171875,16.105377197265625,11.367804527282715
17-12-2002,15.866376876831055,16.121673583984375,7895129,16.18685531616211,16.018468856811523,11.306463241577148
18-12-2002,15.725149154663086,15.947854042053223,7124670,16.02389907836914,15.882672309875488,11.210614204406738
19-12-2002,15.518739700317383,15.860944747924805,6912955,15.882672309875488,15.589353561401367,11.00357723236084
20-12-2002,15.214556694030762,15.545899391174316,10894486,15.659967422485352,15.344921112060547,10.831045150756836
23-12-2002,15.105920791625977,15.301466941833496,6657424,15.334057807922363,15.247147560119629,10.76203441619873
24-12-2002,15.181965827941895,15.236285209655762,2073518,15.453557968139648,15.344921112060547,10.831045150756836
26-12-2002,15.07876205444336,15.31776237487793,2843793,15.437261581420898,15.154807090759277,10.696854591369629
27-12-2002,15.019010543823242,15.236285209655762,3111658,15.31776237487793,15.019010543823242,10.601006507873535
30-12-2002,14.834328651428223,15.046171188354492,4227857,15.225420951843262,15.11678409576416,10.670018196105957
31-12-2002,14.94296646118164,15.035306930541992,4474919,15.296034812927246,15.209124565124512,10.735196113586426
02-01-2003,15.252579689025879,15.393808364868164,5752757,15.60021686553955,15.583922386169434,10.999738693237305
03-01-2003,15.393808364868164,15.583922386169434,4645579,15.638239860534668,15.5078763961792,10.946065902709961
06-01-2003,15.480716705322266,15.535035133361816,7733121,16.05105972290039,15.915263175964355,11.233617782592773
07-01-2003,15.659967422485352,16.067354202270508,5161612,16.094514846801758,15.725149154663086,11.0994291305542
08-01-2003,15.535035133361816,15.697990417480469,5308339,16.002172470092773,15.774036407470703,11.133934020996094
09-01-2003,15.860944747924805,15.860944747924805,13584555,16.501901626586914,16.458446502685547,11.617016792297363
10-01-2003,16.27376365661621,16.458446502685547,11303188,16.659423828125,16.512765884399414,11.655357360839844
13-01-2003,16.708311080932617,16.730037689208984,9030105,17.001630783081055,16.854970932006836,11.89690113067627
14-01-2003,16.822378158569336,16.854970932006836,5654079,17.012493133544922,16.947311401367188,11.962080001831055
15-01-2003,16.349809646606445,16.81151580810547,10874603,16.81694793701172,16.53449249267578,11.67069149017334
16-01-2003,16.485605239868164,16.621400833129883,5965761,16.730037689208984,16.65399169921875,11.755041122436523
17-01-2003,16.382400512695312,16.382400512695312,5168239,16.605106353759766,16.485605239868164,11.636183738708496
21-01-2003,16.42042350769043,16.67572021484375,4498668,16.844106674194336,16.42042350769043,11.590177536010742
22-01-2003,15.708853721618652,16.241172790527344,11167322,16.344377517700195,16.05105972290039,11.329468727111816
23-01-2003,15.79576301574707,16.05105972290039,6031484,16.235740661621094,15.888104438781738,11.214441299438477
24-01-2003,15.469853401184082,15.893535614013672,5061645,15.926127433776855,15.643671989440918,11.041918754577637
27-01-2003,15.296034812927246,15.323193550109863,4446015,15.676262855529785,15.475284576416016,10.923062324523926
28-01-2003,15.458990097045898,15.513307571411133,4390417,15.757740020751953,15.725149154663086,11.0994291305542
29-01-2003,15.290602684020996,16.02389907836914,6005526,16.02389907836914,15.567625999450684,10.988240242004395
30-01-2003,15.138511657714844,15.431831359863281,5988773,15.458990097045898,15.236285209655762,10.754369735717773
31-01-2003,15.12764835357666,15.154807090759277,7693723,15.399239540100098,15.30689811706543,10.804206848144531
03-02-2003,15.263443946838379,15.399239540100098,6237308,15.480716705322266,15.377511978149414,10.854052543640137
04-02-2003,15.11678409576416,15.372079849243164,5054281,15.372079849243164,15.31776237487793,10.811877250671387
05-02-2003,14.970125198364258,15.263443946838379,7620820,15.399239540100098,15.198262214660645,10.72752857208252
06-02-2003,15.06246566772461,15.203694343566895,5294164,15.263443946838379,15.214556694030762,10.739030838012695
07-02-2003,14.801737785339355,15.214556694030762,7296988,15.263443946838379,14.93753433227539,10.543496131896973
10-02-2003,14.367192268371582,14.752852439880371,11491890,14.752852439880371,14.589897155761719,10.298118591308594
11-02-2003,14.410646438598633,14.649646759033203,7091164,14.649646759033203,14.5029878616333,10.236775398254395
12-02-2003,14.19337272644043,14.470396995544434,4729897,14.557306289672852,14.25312328338623,10.06041431427002
13-02-2003,13.769689559936523,14.25312328338623,6597776,14.25855541229248,14.149918556213379,9.987567901611328
14-02-2003,14.079304695129395,14.19337272644043,6321074,14.714829444885254,14.714829444885254,10.38630485534668
18-02-2003,14.714829444885254,14.714829444885254,5075637,15.143943786621094,15.111352920532227,10.666183471679688
19-02-2003,14.828897476196289,15.111352920532227,3439356,15.11678409576416,14.93753433227539,10.543496131896973
20-02-2003,14.866920471191406,15.046171188354492,2934186,15.154807090759277,14.88321590423584,10.505158424377441
21-02-2003,14.796305656433105,14.888647079467773,4661044,15.334057807922363,15.258011817932129,10.76970100402832
24-02-2003,14.866920471191406,15.12221622467041,4798567,15.203694343566895,14.997283935546875,10.58566951751709
25-02-2003,14.660511016845703,14.861488342285156,4927437,15.296034812927246,15.258011817932129,10.76970100402832
26-02-2003,15.11678409576416,15.263443946838379,5037897,15.323193550109863,15.290602684020996,10.792704582214355
27-02-2003,15.165671348571777,15.30689811706543,4920073,15.464422225952148,15.36121654510498,10.842551231384277
28-02-2003,15.209124565124512,15.36121654510498,4227120,15.431831359863281,15.420967102050781,10.884720802307129
03-03-2003,15.372079849243164,16.02389907836914,6453073,16.02389907836914,15.518739700317383,10.953733444213867
04-03-2003,15.480716705322266,15.480716705322266,5895434,15.768604278564453,15.545899391174316,10.972906112670898
05-03-2003,15.442693710327148,15.545899391174316,4228409,15.725149154663086,15.627375602722168,11.030415534973145
06-03-2003,15.344921112060547,15.464422225952148,5816824,15.654536247253418,15.5567626953125,10.980574607849121
07-03-2003,15.339488983154297,15.355785369873047,4191405,15.6165132522583,15.589353561401367,11.00357723236084
10-03-2003,15.279739379882812,15.589353561401367,6733458,15.665398597717285,15.344921112060547,10.831045150756836
11-03-2003,15.008148193359375,15.36664867401123,4580960,15.431831359863281,15.07332992553711,10.639345169067383
12-03-2003,14.508419036865234,14.94296646118164,6165325,15.06789779663086,14.812602043151855,10.455313682556152
13-03-2003,11.189571380615234,12.520368576049805,66490661,13.030961036682129,11.73275375366211,8.281435012817383
14-03-2003,10.505160331726074,11.73818588256836,41713194,11.78707218170166,10.67354679107666,7.533807277679443
17-03-2003,10.516023635864258,10.836502075195312,27515034,10.994025230407715,10.972297668457031,7.74467658996582
18-03-2003,10.972297668457031,10.999457359313965,16578021,11.200434684753418,11.097229957580566,7.832859516143799
19-03-2003,11.10809326171875,11.129820823669434,15173154,11.412276268005371,11.406844139099121,8.051397323608398
20-03-2003,11.0646390914917,11.29820728302002,9567493,11.314502716064453,11.195002555847168,7.9018683433532715
21-03-2003,10.755023956298828,11.330798149108887,17301902,11.330798149108887,11.118956565856934,7.8481950759887695
24-03-2003,10.385660171508789,10.91797924041748,11178920,10.999457359313965,10.570342063903809,7.460963249206543
25-03-2003,10.401954650878906,10.570342063903809,12701427,10.945138931274414,10.646388053894043,7.514637470245361
26-03-2003,10.467137336730957,10.689842224121094,9448012,10.765888214111328,10.613797187805176,7.49163293838501
27-03-2003,10.48886489868164,10.570342063903809,6036455,10.722433090209961,10.619229316711426,7.495469093322754
28-03-2003,10.320478439331055,10.564909934997559,8807712,10.624661445617676,10.407386779785156,7.345942497253418
31-03-2003,10.070613861083984,10.380228042602539,10183676,10.380228042602539,10.124932289123535,7.146573543548584
01-04-2003,9.875067710876465,10.168387413024902,14549607,10.293318748474121,10.081477165222168,7.115898609161377
02-04-2003,10.293318748474121,10.423683166503906,11380510,10.592069625854492,10.423683166503906,7.357446670532227
03-04-2003,10.233569145202637,10.537751197814941,8148082,10.581206321716309,10.304183006286621,7.273094177246094
04-04-2003,10.021726608276367,10.358501434326172,6958060,10.456274032592773,10.130364418029785,7.1504082679748535
07-04-2003,10.18468189239502,10.18468189239502,12011236,10.711569786071777,10.20097827911377,7.200247764587402
08-04-2003,10.20097827911377,10.255295753479004,9098406,10.423683166503906,10.304183006286621,7.273094177246094
09-04-2003,10.293318748474121,10.369363784790039,9067109,10.499728202819824,10.374795913696289,7.322940349578857
10-04-2003,10.380228042602539,10.385660171508789,6949775,10.516023635864258,10.461706161499023,7.384284496307373
11-04-2003,10.456274032592773,10.543183326721191,11674333,10.890819549560547,10.722433090209961,7.568313121795654
14-04-2003,10.630091667175293,10.738728523254395,8036886,10.896251678466797,10.86366081237793,7.667998313903809
15-04-2003,10.809343338012695,10.86366081237793,15380635,11.091797828674316,10.91797924041748,7.706338405609131
16-04-2003,10.401954650878906,10.912548065185547,16934070,10.92341136932373,10.401954650878906,7.342104911804199
17-04-2003,10.293318748474121,10.374795913696289,13579952,10.575774192810059,10.521455764770508,7.426453113555908
21-04-2003,10.391092300415039,10.635523796081543,8080885,10.706137657165527,10.651820182800293,7.518473148345947
22-04-2003,10.532319068908691,10.592069625854492,13178246,11.0537748336792,10.977728843688965,7.748507976531982
23-04-2003,11.010319709777832,11.026616096496582,16693268,11.678436279296875,11.634981155395508,8.212424278259277
24-04-2003,11.423139572143555,11.634981155395508,12885159,11.97718620300293,11.79793643951416,8.327445983886719
25-04-2003,11.711027145385742,11.830527305603027,9182540,11.922867774963379,11.716458320617676,8.26993465423584
28-04-2003,11.78707218170166,11.78707218170166,7333255,12.324823379516602,12.129278182983398,8.561322212219238
29-04-2003,11.933732032775879,12.091255187988281,8599127,12.194459915161133,12.036935806274414,8.49614429473877
30-04-2003,12.004344940185547,12.042367935180664,16036215,12.683323860168457,12.493209838867188,8.818194389343262
01-05-2003,12.28136920928955,12.487777709960938,7823145,12.770234107971191,12.552960395812988,8.860372543334961
02-05-2003,12.357414245605469,12.509506225585938,6592805,12.84084701538086,12.732211112976074,8.986894607543945
05-05-2003,12.422595977783203,12.753937721252441,7542209,12.781097412109375,12.618142127990723,8.906380653381348
06-05-2003,12.41173267364502,12.547529220581055,9193770,12.601846694946289,12.46061897277832,8.795190811157227
07-05-2003,12.41173267364502,12.46605110168457,8526592,12.585551261901855,12.45518684387207,8.791359901428223
08-05-2003,12.1673002243042,12.422595977783203,8497872,12.47691535949707,12.22161865234375,8.626498222351074
09-05-2003,12.161869049072266,12.232481956481934,8882825,12.362846374511719,12.22161865234375,8.626498222351074
12-05-2003,12.112981796264648,12.1673002243042,9055327,12.438892364501953,12.346550941467285,8.714677810668945
13-05-2003,12.362846374511719,12.390005111694336,11284962,12.960348129272461,12.574687957763672,8.875704765319824
14-05-2003,12.199891090393066,12.710482597351074,12191470,12.764801979064941,12.737643241882324,8.990728378295898
15-05-2003,12.976642608642578,13.036393165588379,15604500,13.422053337097168,13.378599166870117,9.443140029907227
16-05-2003,11.814230918884277,12.938619613647461,28917508,13.09071159362793,12.22161865234375,8.626498222351074
19-05-2003,12.03150463104248,12.22705078125,9957601,12.438892364501953,12.205323219299316,8.614994049072266
20-05-2003,12.189027786254883,12.2759370803833,12044927,12.46605110168457,12.433460235595703,8.776023864746094
21-05-2003,12.335686683654785,12.390005111694336,6084505,12.552960395812988,12.531232833862305,8.845033645629883
22-05-2003,12.509506225585938,12.509506225585938,5938514,12.770234107971191,12.694188117980957,8.960058212280273
23-05-2003,12.764801979064941,12.90059757232666,6344270,13.036393165588379,12.944051742553711,9.136417388916016
27-05-2003,12.66702938079834,12.737643241882324,7147683,12.938619613647461,12.895166397094727,9.101913452148438
28-05-2003,12.819120407104492,12.873437881469727,8753035,13.068984031677246,12.982074737548828,9.163256645202637
29-05-2003,12.895166397094727,12.954916000366211,6476454,13.112439155578613,12.938619613647461,9.132584571838379
30-05-2003,13.12873363494873,13.14503002166748,8697068,13.769689559936523,13.764259338378906,9.715351104736328
02-06-2003,13.498099327087402,14.513851165771484,9182356,14.513851165771484,13.54155445098877,9.558156967163086
03-06-2003,13.51439380645752,13.54155445098877,5363938,13.883758544921875,13.764259338378906,9.715351104736328
04-06-2003,13.731668472290039,13.764259338378906,6706211,14.307441711425781,13.932644844055176,9.834208488464355
05-06-2003,13.52525806427002,13.693644523620605,9057536,14.19880485534668,14.133623123168945,9.976067543029785
06-06-2003,14.052145957946777,14.242259979248047,6602010,14.5029878616333,14.171646118164062,10.00290584564209
09-06-2003,13.633894920349121,14.122758865356445,7154862,14.122758865356445,13.80771255493164,9.74602222442627
10-06-2003,13.791418075561523,13.943509101867676,4410668,14.00869083404541,14.00869083404541,9.887883186340332
11-06-2003,13.82944107055664,13.959803581237793,4646316,14.3943510055542,14.367192268371582,10.140928268432617
12-06-2003,13.693644523620605,14.340032577514648,11807438,14.361760139465332,13.905486106872559,9.815035820007324
13-06-2003,13.508962631225586,13.905486106872559,9643342,13.99782657623291,13.595871925354004,9.596498489379883
16-06-2003,13.362302780151367,13.362302780151367,6475902,14.122758865356445,14.122758865356445,9.968396186828613
17-06-2003,14.285714149475098,14.44866943359375,7968953,14.5029878616333,14.345463752746582,10.125593185424805
18-06-2003,14.068441390991211,14.340032577514648,6296036,14.4432373046875,14.269418716430664,10.071917533874512
19-06-2003,13.851167678833008,14.334601402282715,7808602,14.340032577514648,13.889190673828125,9.803539276123047
20-06-2003,13.938076972961426,13.943509101867676,6357157,14.20423698425293,14.073872566223145,9.933889389038086
23-06-2003,13.606735229492188,13.938076972961426,5255871,14.106464385986328,13.693644523620605,9.665507316589355
24-06-2003,13.470939636230469,13.862031936645508,7961589,13.948941230773926,13.633894920349121,9.623335838317871
25-06-2003,13.508962631225586,13.633894920349121,4491488,13.894621849060059,13.579575538635254,9.58499526977539
26-06-2003,13.557848930358887,13.655621528625488,3950418,13.80771255493164,13.785985946655273,9.730691909790039
27-06-2003,13.470939636230469,13.677349090576172,3920962,13.959803581237793,13.661053657531738,9.64250373840332
30-06-2003,13.851167678833008,13.851167678833008,8462709,14.236827850341797,14.122758865356445,9.968396186828613
01-07-2003,13.639326095581055,14.122758865356445,6231049,14.122758865356445,13.894621849060059,9.80737018585205
02-07-2003,13.036393165588379,13.14503002166748,21075768,13.715372085571289,13.585007667541504,9.58883285522461
03-07-2003,13.362302780151367,13.362302780151367,6251300,13.709939956665039,13.579575538635254,9.58499526977539
07-07-2003,13.579575538635254,13.579575538635254,5949007,13.796850204467773,13.715372085571289,9.680848121643066
08-07-2003,13.568713188171387,13.612167358398438,7261825,13.731668472290039,13.644758224487305,9.631003379821777
09-07-2003,13.51439380645752,13.563281059265137,5740974,13.682781219482422,13.579575538635254,9.58499526977539
10-07-2003,13.248234748840332,13.52525806427002,7902308,13.563281059265137,13.52525806427002,9.546655654907227
11-07-2003,13.508962631225586,13.508962631225586,5611552,13.872895240783691,13.775121688842773,9.7230224609375
14-07-2003,13.546984672546387,13.959803581237793,5645058,13.959803581237793,13.568713188171387,9.577329635620117
15-07-2003,13.373167037963867,13.57414436340332,4244978,13.617598533630371,13.443780899047852,9.48914909362793
16-07-2003,12.764801979064941,13.378599166870117,8075178,13.470939636230469,13.030961036682129,9.19776439666748
17-07-2003,12.438892364501953,13.030961036682129,15513555,13.52525806427002,13.313417434692383,9.397130012512207
18-07-2003,13.454644203186035,13.470939636230469,13500605,14.19337272644043,14.122758865356445,9.968396186828613
21-07-2003,14.00869083404541,14.122758865356445,9522204,14.318305015563965,14.18794059753418,10.014405250549316
22-07-2003,14.296578407287598,14.350895881652832,8535612,14.796305656433105,14.63335132598877,10.328791618347168
23-07-2003,14.475828170776367,14.611623764038086,4272961,14.665942192077637,14.579032897949219,10.29045295715332
24-07-2003,14.166213989257812,14.584465026855469,6043083,14.856056213378906,14.63878345489502,10.332629203796387
25-07-2003,14.568168640136719,14.568168640136719,5625912,15.344921112060547,15.344921112060547,10.831045150756836
28-07-2003,14.807169914245605,15.888104438781738,12889946,15.888104438781738,14.93753433227539,10.543496131896973
29-07-2003,14.4432373046875,14.910374641418457,8256701,14.975557327270508,14.568168640136719,10.282785415649414
30-07-2003,14.584465026855469,14.665942192077637,4052777,15.07332992553711,14.87778377532959,10.501320838928223
31-07-2003,14.87778377532959,14.87778377532959,5840204,15.339488983154297,14.997283935546875,10.58566951751709
01-08-2003,14.975557327270508,15.089625358581543,6784269,15.453557968139648,15.377511978149414,10.854052543640137
04-08-2003,15.002716064453125,15.36121654510498,5327486,15.589353561401367,15.377511978149414,10.854052543640137
05-08-2003,14.801737785339355,15.192830085754395,6333961,15.274307250976562,14.828897476196289,10.466814994812012
06-08-2003,14.720260620117188,14.801737785339355,3633398,15.12221622467041,14.980989456176758,10.57417106628418
07-08-2003,14.975557327270508,15.209124565124512,3799824,15.30689811706543,15.160239219665527,10.700692176818848
08-08-2003,14.948397636413574,15.160239219665527,3263173,15.181965827941895,15.07332992553711,10.639345169067383
11-08-2003,14.986419677734375,15.024442672729492,3970117,15.567625999450684,15.393808364868164,10.86555290222168
12-08-2003,15.138511657714844,15.420967102050781,3194687,15.5078763961792,15.372079849243164,10.85021686553955
13-08-2003,15.07876205444336,15.453557968139648,3210152,15.491580963134766,15.285170555114746,10.7888765335083
14-08-2003,15.219988822937012,15.377511978149414,2179008,15.480716705322266,15.31776237487793,10.811877250671387
15-08-2003,15.209124565124512,15.328625679016113,1650641,15.382944107055664,15.382944107055664,10.85788345336914
18-08-2003,15.344921112060547,15.388376235961914,2995307,15.60021686553955,15.469853401184082,10.919228553771973
19-08-2003,15.241716384887695,15.274307250976562,2624898,15.562193870544434,15.393808364868164,10.86555290222168
20-08-2003,15.040739059448242,15.372079849243164,3804611,15.458990097045898,15.11678409576416,10.670018196105957
21-08-2003,14.93753433227539,15.11678409576416,4711487,15.165671348571777,15.019010543823242,10.601006507873535
22-08-2003,14.508419036865234,15.181965827941895,7912802,15.198262214660645,14.617055892944336,10.317294120788574
25-08-2003,14.584465026855469,14.617055892944336,4323957,14.845192909240723,14.807169914245605,10.4514799118042
26-08-2003,14.579032897949219,14.671374320983887,3926117,15.002716064453125,14.975557327270508,10.570332527160645
27-08-2003,14.606191635131836,14.910374641418457,2894052,14.92667007446289,14.63878345489502,10.332629203796387
28-08-2003,14.676806449890137,14.68223762512207,3675372,15.12221622467041,15.06789779663086,10.63551139831543
29-08-2003,15.06246566772461,15.06789779663086,3137248,15.279739379882812,15.263443946838379,10.773536682128906
02-09-2003,15.31776237487793,15.5078763961792,3693598,15.583922386169434,15.545899391174316,10.972906112670898
03-09-2003,15.399239540100098,15.562193870544434,3405298,15.670830726623535,15.475284576416016,10.923062324523926
04-09-2003,15.181965827941895,15.209124565124512,5441812,15.627375602722168,15.475284576416016,10.923062324523926
05-09-2003,15.399239540100098,15.453557968139648,3616645,15.79576301574707,15.627375602722168,11.030415534973145
08-09-2003,15.480716705322266,15.491580963134766,4869077,15.888104438781738,15.833786010742188,11.176112174987793
09-09-2003,15.61108112335205,15.839218139648438,3261332,15.915263175964355,15.643671989440918,11.041918754577637
10-09-2003,15.649104118347168,15.649104118347168,4347153,16.018468856811523,15.964150428771973,11.2681245803833
11-09-2003,15.99130916595459,16.02389907836914,4481546,16.317218780517578,16.18685531616211,11.425315856933594
12-09-2003,16.328083038330078,16.338945388793945,7898442,16.67572021484375,16.65399169921875,11.755041122436523
15-09-2003,16.40412712097168,16.485605239868164,6346663,16.632265090942383,16.5725154876709,11.697532653808594
16-09-2003,16.132537841796875,16.447582244873047,7229975,16.610538482666016,16.27919578552246,11.490495681762695
17-09-2003,16.02389907836914,16.03476333618164,8246575,16.605106353759766,16.29549217224121,11.501994132995605
18-09-2003,16.072786331176758,16.349809646606445,7725020,16.643129348754883,16.56708335876465,11.693695068359375
19-09-2003,16.29006004333496,16.53992462158203,20174230,16.643129348754883,16.371536254882812,11.555670738220215
22-09-2003,15.926127433776855,16.241172790527344,6074195,16.257469177246094,16.089082717895508,11.356306076049805
23-09-2003,15.915263175964355,15.975013732910156,3581666,16.317218780517578,16.27919578552246,11.490495681762695
24-09-2003,15.5947847366333,16.241172790527344,7869355,16.29006004333496,15.779467582702637,11.13776683807373
25-09-2003,15.426399230957031,15.75230884552002,6296036,15.975013732910156,15.844650268554688,11.183773040771484
26-09-2003,15.279739379882812,15.589353561401367,6607717,15.79033088684082,15.681694984436035,11.068757057189941
29-09-2003,15.480716705322266,15.714285850524902,4158819,15.833786010742188,15.61108112335205,11.018917083740234
30-09-2003,15.399239540100098,15.567625999450684,4236141,15.909832000732422,15.784899711608887,11.1416015625
01-10-2003,15.80119514465332,15.822921752929688,5119269,16.27376365661621,16.241172790527344,11.463653564453125
02-10-2003,16.099945068359375,16.246604919433594,3240712,16.42042350769043,16.235740661621094,11.459823608398438
03-10-2003,16.083650588989258,16.43671989440918,4372007,16.507333755493164,16.127105712890625,11.383140563964844
06-10-2003,16.02389907836914,16.252037048339844,1765887,16.29549217224121,16.18685531616211,11.425315856933594
07-10-2003,16.04019546508789,16.089082717895508,3822468,16.55078887939453,16.53449249267578,11.67069149017334
08-10-2003,16.491037368774414,16.56708335876465,7695012,16.81694793701172,16.632265090942383,11.739706039428711
09-10-2003,15.697990417480469,16.80608367919922,15845855,16.822378158569336,16.241172790527344,11.463653564453125
10-10-2003,15.969581604003906,16.40412712097168,5329327,16.485605239868164,16.29549217224121,11.501994132995605
13-10-2003,16.252037048339844,16.366104125976562,2494555,16.458446502685547,16.300922393798828,11.505828857421875
14-10-2003,16.03476333618164,16.344377517700195,4975118,16.41499137878418,16.371536254882812,11.555670738220215
15-10-2003,16.322650909423828,16.474742889404297,4133229,16.643129348754883,16.355241775512695,11.544171333312988
16-10-2003,15.567625999450684,15.670830726623535,12000006,16.257469177246094,16.110809326171875,11.3716402053833
17-10-2003,15.714285850524902,15.714285850524902,4479521,15.904399871826172,15.817489624023438,11.164603233337402
20-10-2003,15.75230884552002,15.969581604003906,3479490,16.018468856811523,15.98587703704834,11.283459663391113
21-10-2003,15.687127113342285,15.822921752929688,6909825,16.018468856811523,15.687127113342285,11.072590827941895
22-10-2003,15.263443946838379,15.692558288574219,6193676,15.692558288574219,15.480716705322266,10.926897048950195
23-10-2003,15.209124565124512,15.480716705322266,3610201,15.654536247253418,15.62194538116455,11.026579856872559
24-10-2003,15.480716705322266,15.5078763961792,2076464,15.736013412475586,15.736013412475586,11.107096672058105
27-10-2003,15.420967102050781,15.736013412475586,3303490,15.779467582702637,15.480716705322266,10.926897048950195
28-10-2003,15.486148834228516,15.513307571411133,3570804,15.719717979431152,15.697990417480469,11.080257415771484
29-10-2003,15.334057807922363,15.6165132522583,5212055,15.6165132522583,15.399239540100098,10.869384765625
30-10-2003,14.856056213378906,15.209124565124512,8698173,15.328625679016113,14.93210220336914,10.539658546447754
31-10-2003,14.361760139465332,14.856056213378906,13991784,14.888647079467773,14.437806129455566,10.190770149230957
03-11-2003,14.3943510055542,14.557306289672852,7451816,14.676806449890137,14.627920150756836,10.324960708618164
04-11-2003,14.236827850341797,14.611623764038086,8932900,14.665942192077637,14.361760139465332,10.137097358703613
05-11-2003,14.263986587524414,14.4052152633667,6405391,14.524715423583984,14.38891887664795,10.156261444091797
06-11-2003,14.236827850341797,14.5029878616333,5806330,14.5029878616333,14.459532737731934,10.206103324890137
07-11-2003,14.367192268371582,14.421509742736816,12554515,14.769146919250488,14.622488021850586,10.321124076843262
10-11-2003,14.372624397277832,14.584465026855469,3718084,14.617055892944336,14.535577774047852,10.259781837463379
11-11-2003,14.5029878616333,14.5029878616333,2727073,14.617055892944336,14.557306289672852,10.275115966796875
12-11-2003,14.481260299682617,14.600760459899902,2792245,14.714829444885254,14.627920150756836,10.324960708618164
13-11-2003,14.584465026855469,14.698533058166504,6644169,15.344921112060547,15.176533699035645,10.712191581726074
14-11-2003,15.12764835357666,15.192830085754395,5791234,15.36121654510498,15.279739379882812,10.785038948059082
17-11-2003,14.774579048156738,15.171102523803711,3135591,15.198262214660645,15.008148193359375,10.593342781066895
18-11-2003,14.622488021850586,15.008148193359375,3052194,15.176533699035645,14.736556053161621,10.401640892028809
19-11-2003,14.665942192077637,15.046171188354492,4798935,15.07332992553711,14.910374641418457,10.524328231811523
20-11-2003,14.617055892944336,14.93753433227539,4005648,14.948397636413574,14.720260620117188,10.39013671875
21-11-2003,14.589897155761719,14.88321590423584,3871071,14.964693069458008,14.660511016845703,10.347962379455566
24-11-2003,14.736556053161621,14.812602043151855,4384342,15.008148193359375,14.850625038146973,10.482154846191406
25-11-2003,14.69310188293457,14.818034172058105,3658067,14.948397636413574,14.861488342285156,10.48982048034668
26-11-2003,14.796305656433105,14.970125198364258,3397381,15.07332992553711,14.997283935546875,10.58566951751709
28-11-2003,14.997283935546875,15.024442672729492,2565802,15.111352920532227,15.111352920532227,10.666183471679688
01-12-2003,15.160239219665527,15.344921112060547,4015773,15.475284576416016,15.372079849243164,10.85021686553955
02-12-2003,15.209124565124512,15.377511978149414,3178855,15.388376235961914,15.285170555114746,10.7888765335083
03-12-2003,15.290602684020996,15.290602684020996,3162102,15.540467262268066,15.339488983154297,10.827210426330566
04-12-2003,15.344921112060547,15.372079849243164,2813048,15.562193870544434,15.458990097045898,10.911561012268066
05-12-2003,15.241716384887695,15.480716705322266,2632814,15.513307571411133,15.31776237487793,10.811877250671387
08-12-2003,15.697990417480469,15.75230884552002,7621188,16.18685531616211,16.02389907836914,11.310297966003418
09-12-2003,15.904399871826172,16.105377197265625,6656136,16.154264450073242,15.969581604003906,11.271956443786621
10-12-2003,15.817489624023438,15.860944747924805,8493822,16.17599105834961,16.083650588989258,11.581744194030762
11-12-2003,16.105377197265625,16.18685531616211,5241879,16.317218780517578,16.26833152770996,11.71473217010498
12-12-2003,16.17599105834961,16.349809646606445,3524779,16.442150115966797,16.393264770507812,11.804693222045898
15-12-2003,16.300922393798828,16.463878631591797,4465161,16.56708335876465,16.322650909423828,11.75384521484375
16-12-2003,16.338945388793945,16.338945388793945,3974903,16.632265090942383,16.56708335876465,11.929855346679688
17-12-2003,16.43671989440918,16.463878631591797,3443775,16.692014694213867,16.637697219848633,11.98071002960205
18-12-2003,16.599674224853516,16.692014694213867,4413613,17.007061004638672,16.892993927001953,12.164545059204102
19-12-2003,16.57794761657715,16.838674545288086,4813663,16.860401153564453,16.65399169921875,11.99244213104248
22-12-2003,16.51819610595703,16.643129348754883,4920257,16.80608367919922,16.78435516357422,12.086316108703613
23-12-2003,15.31233024597168,15.942422866821289,28125325,16.5616512298584,16.507333755493164,11.886834144592285
24-12-2003,16.083650588989258,16.349809646606445,4146484,16.376968383789062,16.246604919433594,11.699085235595703
26-12-2003,16.121673583984375,16.219446182250977,2431593,16.371536254882812,16.29006004333496,11.73038101196289
29-12-2003,16.17055892944336,16.230310440063477,7035382,16.43128776550293,16.43128776550293,11.832075119018555
30-12-2003,16.322650909423828,16.41499137878418,3147190,16.501901626586914,16.485605239868164,11.871185302734375
31-12-2003,16.376968383789062,16.485605239868164,2954989,16.659423828125,16.57794761657715,11.937681198120117
02-01-2004,16.322650909423828,16.57794761657715,4842566,16.57794761657715,16.387832641601562,11.800783157348633
05-01-2004,16.29006004333496,16.5616512298584,3984476,16.5616512298584,16.463878631591797,11.855545043945312
06-01-2004,16.458446502685547,16.512765884399414,3887087,16.632265090942383,16.52906036376953,11.902480125427246
07-01-2004,16.5725154876709,16.621400833129883,4330584,16.838674545288086,16.833242416381836,12.121520042419434
08-01-2004,16.496469497680664,16.833242416381836,5447703,17.093971252441406,16.632265090942383,11.976798057556152
09-01-2004,16.42585563659668,16.442150115966797,3570067,16.5833797454834,16.458446502685547,11.851631164550781
12-01-2004,16.262901306152344,16.40412712097168,4734132,16.41499137878418,16.398696899414062,11.808605194091797
13-01-2004,16.18685531616211,16.355241775512695,5025562,16.474742889404297,16.27919578552246,11.722558975219727
14-01-2004,16.29006004333496,16.322650909423828,3542820,16.659423828125,16.626832962036133,11.972885131835938
15-01-2004,16.53992462158203,16.57794761657715,5750916,17.468767166137695,17.06138038635254,12.285796165466309
16-01-2004,16.941879272460938,17.077674865722656,6406496,17.30581283569336,17.197174072265625,12.383585929870605
20-01-2004,17.110265731811523,17.27322006225586,5378850,17.360130310058594,17.240629196166992,12.414875984191895
21-01-2004,16.838674545288086,17.224334716796875,7929739,17.229766845703125,16.887561798095703,12.16063404083252
22-01-2004,16.947311401367188,16.947311401367188,3955757,17.126562118530273,16.974470138549805,12.223219871520996
23-01-2004,16.730037689208984,17.034221649169922,3293917,17.15915298461914,16.78978729248047,12.090229034423828
26-01-2004,16.702878952026367,16.730037689208984,4820659,17.034221649169922,16.952743530273438,12.207571983337402
27-01-2004,15.909832000732422,17.001630783081055,25089516,17.164583206176758,15.969581604003906,11.499603271484375
28-01-2004,15.382944107055664,15.975013732910156,15733738,15.975013732910156,15.632807731628418,11.257089614868164
29-01-2004,14.720260620117188,15.040739059448242,21926678,15.942422866821289,15.62194538116455,11.249272346496582
30-01-2004,15.627375602722168,15.627375602722168,5974781,15.969581604003906,15.833786010742188,11.40182113647461
02-02-2004,15.757740020751953,15.839218139648438,5088156,16.148832321166992,15.99130916595459,11.515247344970703
03-02-2004,15.877241134643555,15.931558609008789,4673379,16.252037048339844,16.165128707885742,11.640413284301758
04-02-2004,16.04562759399414,16.116241455078125,6774696,16.333513259887695,16.333513259887695,11.761669158935547
05-02-2004,16.143400192260742,16.41499137878418,7089507,16.43128776550293,16.17599105834961,11.648238182067871
06-02-2004,16.03476333618164,16.132537841796875,9347678,16.208581924438477,16.17055892944336,11.644326210021973
09-02-2004,16.05105972290039,16.089082717895508,4078551,16.26833152770996,16.214014053344727,11.675615310668945
10-02-2004,16.127105712890625,16.159696578979492,5094599,16.621400833129883,16.53992462158203,11.910299301147461
11-02-2004,16.453014373779297,16.56708335876465,4640241,16.702878952026367,16.67572021484375,12.008087158203125
12-02-2004,16.5833797454834,16.67572021484375,6071986,16.90385627746582,16.7680606842041,12.074581146240234
13-02-2004,16.588809967041016,16.740901947021484,3967539,16.854970932006836,16.6702880859375,12.00417423248291
17-02-2004,16.512765884399414,16.80608367919922,4091438,16.80608367919922,16.67572021484375,12.008087158203125
18-02-2004,16.51819610595703,16.67572021484375,3289867,16.740901947021484,16.55621910095215,11.92203426361084
19-02-2004,16.252037048339844,16.594242095947266,5245561,16.648561477661133,16.29549217224121,11.734284400939941
20-02-2004,15.915263175964355,16.42042350769043,8807712,16.43128776550293,15.98044490814209,11.50742244720459
23-02-2004,15.638239860534668,15.942422866821289,5854012,16.013036727905273,15.730581283569336,11.327497482299805
24-02-2004,15.697990417480469,15.697990417480469,5432975,15.871809005737305,15.768604278564453,11.354881286621094
25-02-2004,15.654536247253418,15.80662727355957,4606734,15.844650268554688,15.768604278564453,11.354881286621094
26-02-2004,15.708853721618652,15.763172149658203,3107792,15.80662727355957,15.719717979431152,11.319679260253906
27-02-2004,15.719717979431152,15.74687671661377,4036577,15.898967742919922,15.817489624023438,11.390079498291016
01-03-2004,15.757740020751953,15.81205940246582,4190116,16.007604598999023,15.969581604003906,11.499603271484375
02-03-2004,15.833786010742188,15.860944747924805,4369429,16.072786331176758,15.942422866821289,11.48004150390625
03-03-2004,15.763172149658203,15.969581604003906,4476944,15.98587703704834,15.893535614013672,11.444841384887695
04-03-2004,15.947854042053223,16.02933120727539,3384863,16.121673583984375,16.105377197265625,11.597387313842773
05-03-2004,16.013036727905273,16.105377197265625,3198369,16.387832641601562,16.28462791442871,11.72646713256836
08-03-2004,16.02389907836914,16.28462791442871,3483540,16.29006004333496,16.05649185180664,11.562187194824219
09-03-2004,16.02389907836914,16.02389907836914,5464640,16.230310440063477,16.19771957397461,11.663884162902832
10-03-2004,15.98044490814209,16.17599105834961,8517202,16.230310440063477,15.99674129486084,11.519161224365234
11-03-2004,15.763172149658203,15.969581604003906,5620757,15.99130916595459,15.81205940246582,11.386173248291016
12-03-2004,15.817489624023438,15.860944747924805,3155842,16.105377197265625,16.03476333618164,11.546538352966309
15-03-2004,15.893535614013672,16.02389907836914,5157562,16.078218460083008,15.947854042053223,11.483954429626465
16-03-2004,16.002172470092773,16.04019546508789,5174499,16.230310440063477,16.19228744506836,11.6599702835083
17-03-2004,16.05649185180664,16.224878311157227,3996995,16.27376365661621,16.17055892944336,11.644326210021973
18-03-2004,16.121673583984375,16.132537841796875,5017830,16.507333755493164,16.40955924987793,11.816426277160645
19-03-2004,16.349809646606445,16.55621910095215,5488389,16.67572021484375,16.376968383789062,11.79295539855957
22-03-2004,15.936990737915039,16.328083038330078,5615786,16.398696899414062,16.05105972290039,11.558274269104004
23-03-2004,15.99674129486084,16.05649185180664,4948792,16.311786651611328,16.143400192260742,11.624768257141113
24-03-2004,16.03476333618164,16.105377197265625,3980978,16.214014053344727,16.159696578979492,11.63650131225586
25-03-2004,16.257469177246094,16.55621910095215,4632692,16.599674224853516,16.55621910095215,11.92203426361084
26-03-2004,16.349809646606445,16.480173110961914,3837933,16.65399169921875,16.621400833129883,11.968976020812988
29-03-2004,16.496469497680664,16.56708335876465,4224727,16.854970932006836,16.77349281311035,12.078496932983398
30-03-2004,16.57794761657715,16.643129348754883,2759107,16.77349281311035,16.740901947021484,12.055023193359375
31-03-2004,16.599674224853516,16.68115234375,3997916,16.838674545288086,16.7789249420166,12.082402229309082
01-04-2004,16.692014694213867,16.78435516357422,3869046,16.833242416381836,16.7680606842041,12.074581146240234
02-04-2004,16.78435516357422,16.876697540283203,4392074,16.969039916992188,16.941879272460938,12.199748992919922
05-04-2004,16.81694793701172,16.958175659179688,4299471,17.164583206176758,17.14828872680664,12.348380088806152
06-04-2004,16.89842414855957,17.028789520263672,2756713,17.115697860717773,17.110265731811523,12.321002006530762
07-04-2004,16.93101692199707,17.110265731811523,3280294,17.15915298461914,16.974470138549805,12.223219871520996
08-04-2004,16.78978729248047,17.115697860717773,3221382,17.115697860717773,16.90385627746582,12.172367095947266
12-04-2004,16.833242416381836,16.974470138549805,2556965,17.04508399963379,16.990766525268555,12.234949111938477
13-04-2004,16.626832962036133,16.990766525268555,4243321,16.996198654174805,16.838674545288086,12.125431060791016
14-04-2004,16.458446502685547,16.81151580810547,5440707,16.81151580810547,16.53992462158203,11.910299301147461
15-04-2004,16.56708335876465,16.67572021484375,9527727,17.093971252441406,17.093971252441406,12.309268951416016
16-04-2004,17.012493133544922,17.110265731811523,3464394,17.202606201171875,17.13742446899414,12.340557098388672
19-04-2004,16.974470138549805,17.072242736816406,3531774,17.381858825683594,17.229766845703125,12.407055854797363
20-04-2004,17.762086868286133,17.92504119873047,12629628,18.28354263305664,17.832700729370117,12.841221809387207
21-04-2004,17.8924503326416,17.92504119873047,12688724,18.848451614379883,18.446495056152344,13.28321361541748
22-04-2004,17.6534481048584,18.196632385253906,11207456,18.51167869567871,18.332427978515625,13.201069831848145
23-04-2004,17.995655059814453,18.115154266357422,4706517,18.16947364807129,18.087995529174805,13.025054931640625
26-04-2004,17.381858825683594,18.071699142456055,5546013,18.223791122436523,17.62628936767578,12.692586898803711
27-04-2004,17.6643123626709,17.740358352661133,4564207,17.859859466552734,17.762086868286133,12.790380477905273
28-04-2004,17.251493453979492,17.77294921875,4510082,17.77294921875,17.30581283569336,12.461814880371094
29-04-2004,17.110265731811523,17.354698181152344,5394682,17.512222290039062,17.15372085571289,12.352294921875
30-04-2004,17.15372085571289,17.15915298461914,5319570,17.41444969177246,17.191743850708008,12.379674911499023
03-05-2004,17.229766845703125,17.327539443969727,6879817,17.430744171142578,17.381858825683594,12.51657485961914
04-05-2004,17.441608428955078,17.485061645507812,3780125,17.63172149658203,17.501358032226562,12.602625846862793
05-05-2004,17.430744171142578,17.54481315612793,4500693,17.91960906982422,17.848995208740234,12.852964401245117
06-05-2004,17.62628936767578,17.65888023376465,3141114,17.805540084838867,17.734926223754883,12.770816802978516
07-05-2004,17.495925903320312,17.604562759399414,3100244,17.762086868286133,17.495925903320312,12.598714828491211
10-05-2004,17.072242736816406,17.436176300048828,4955604,17.52308464050293,17.246061325073242,12.418787002563477
11-05-2004,17.072242736816406,17.218902587890625,5434080,17.474199295043945,17.186311721801758,12.375760078430176
12-05-2004,16.92015266418457,17.072242736816406,4749964,17.240629196166992,17.218902587890625,12.39923095703125
13-05-2004,16.979902267456055,17.05594825744629,3465498,17.338403701782227,17.311243057250977,12.46572208404541
14-05-2004,17.197174072265625,17.27322006225586,3499189,17.740358352661133,17.463335037231445,12.575244903564453
17-05-2004,17.083106994628906,17.30038070678711,3465314,17.381858825683594,17.246061325073242,12.418787002563477
18-05-2004,17.13742446899414,17.180879592895508,2856680,17.365562438964844,17.256925582885742,12.426613807678223
19-05-2004,17.007061004638672,17.28408432006836,3682000,17.365562438964844,17.03965187072754,12.270153045654297
20-05-2004,17.017925262451172,17.03965187072754,2857784,17.28408432006836,17.15372085571289,12.352294921875
21-05-2004,17.093971252441406,17.164583206176758,2607224,17.365562438964844,17.164583206176758,12.360115051269531
24-05-2004,16.91472053527832,17.170015335083008,5409226,17.224334716796875,17.05594825744629,12.281886100769043
25-05-2004,16.615970611572266,16.92015266418457,9241820,17.028789520263672,16.833242416381836,12.121520042419434
26-05-2004,16.512765884399414,16.746334075927734,6890127,16.89842414855957,16.68115234375,12.011999130249023
27-05-2004,16.708311080932617,16.78435516357422,5601795,17.126562118530273,17.126562118530273,12.332736015319824
28-05-2004,16.969039916992188,17.04508399963379,2975608,17.213470458984375,17.077674865722656,12.297532081604004
01-06-2004,17.001630783081055,17.104833602905273,3096746,17.27322006225586,17.229766845703125,12.407055854797363
02-06-2004,17.28951644897461,17.354698181152344,2903993,17.468767166137695,17.338403701782227,12.485282897949219
03-06-2004,17.251493453979492,17.327539443969727,1809887,17.38728904724121,17.267789840698242,12.434433937072754
04-06-2004,17.27865219116211,17.381858825683594,2686755,17.506790161132812,17.425312042236328,12.547863960266113
07-06-2004,17.38728904724121,17.463335037231445,3326319,17.729494094848633,17.729494094848633,12.766902923583984
08-06-2004,17.62628936767578,17.64258575439453,5029980,17.8707218170166,17.77294921875,12.798197746276855
09-06-2004,17.53394889831543,17.582834243774414,4142066,17.740358352661133,17.707767486572266,12.751262664794922
10-06-2004,17.6534481048584,17.707767486572266,3478385,17.816404342651367,17.816404342651367,12.829489707946777
14-06-2004,17.751222610473633,17.80010986328125,3617933,17.859859466552734,17.7838134765625,12.80601692199707
15-06-2004,17.593698501586914,17.843563079833984,4138936,17.8707218170166,17.696903228759766,12.743437767028809
16-06-2004,17.6751766204834,17.6751766204834,3971037,17.843563079833984,17.838130950927734,12.845134735107422
17-06-2004,17.77838134765625,17.838130950927734,3413030,17.8815860748291,17.827268600463867,12.837312698364258
18-06-2004,17.762086868286133,17.827268600463867,3550369,17.8924503326416,17.827268600463867,12.837312698364258
21-06-2004,17.713199615478516,17.805540084838867,3630452,17.8707218170166,17.762086868286133,12.790380477905273
22-06-2004,17.696903228759766,17.696903228759766,4067874,17.92504119873047,17.90331268310547,12.892073631286621
23-06-2004,18.196632385253906,18.413904190063477,11035690,18.7887020111084,18.73981475830078,13.494430541992188
24-06-2004,18.462791442871094,18.65833854675293,5310180,18.73438262939453,18.48995018005371,13.314504623413086
25-06-2004,18.49538230895996,18.576860427856445,4226200,18.78326988220215,18.64747428894043,13.427936553955078
28-06-2004,18.538837432861328,18.631179809570312,5066248,18.924497604370117,18.609451293945312,13.400557518005371
29-06-2004,18.375883102416992,18.468223571777344,3914334,18.78326988220215,18.712656021118164,13.474873542785645
30-06-2004,18.441064834594727,18.631179809570312,3271457,18.78326988220215,18.74524688720703,13.49834156036377
01-07-2004,18.343292236328125,18.65833854675293,4124945,18.73438262939453,18.441064834594727,13.279303550720215
02-07-2004,18.071699142456055,18.39760971069336,3169466,18.40304183959961,18.27811050415039,13.16196060180664
06-07-2004,17.990222930908203,18.033676147460938,3417264,18.229223251342773,18.049972534179688,12.997675895690918
07-07-2004,18.00108528137207,18.00108528137207,2164832,18.26181411743164,18.136882781982422,13.06026554107666
08-07-2004,18.115154266357422,18.136882781982422,3309566,18.343292236328125,18.207496643066406,13.11111068725586
09-07-2004,18.15860939025879,18.191200256347656,2740329,18.39217758178711,18.294404983520508,13.173693656921387
12-07-2004,18.136882781982422,18.294404983520508,1857201,18.39760971069336,18.26181411743164,13.150224685668945
13-07-2004,17.979358673095703,17.979358673095703,2716580,18.337860107421875,18.223791122436523,13.122846603393555
14-07-2004,18.104291915893555,18.131450653076172,2125435,18.39217758178711,18.207496643066406,13.11111068725586
15-07-2004,17.941335678100586,18.18033790588379,1968581,18.245519638061523,18.098859786987305,13.032880783081055
16-07-2004,17.6751766204834,18.229223251342773,2828144,18.240087509155273,17.6751766204834,12.727788925170898
19-07-2004,17.65888023376465,17.745790481567383,1747845,17.843563079833984,17.691471099853516,12.739526748657227
20-07-2004,17.468767166137695,17.62628936767578,4014116,17.756654739379883,17.718631744384766,12.759081840515137
21-07-2004,17.452470779418945,17.762086868286133,3717900,17.946767807006836,17.52851676940918,12.622184753417969
22-07-2004,15.31776237487793,15.964150428771973,19745277,17.485061645507812,16.724605560302734,12.043288230895996
23-07-2004,16.02389907836914,16.594242095947266,6772303,16.833242416381836,16.366104125976562,11.785137176513672
26-07-2004,15.98587703704834,16.29549217224121,5309996,16.43128776550293,16.04562759399414,11.554362297058105
27-07-2004,15.888104438781738,15.915263175964355,5925259,16.387832641601562,16.355241775512695,11.777314186096191
28-07-2004,15.953286170959473,16.241172790527344,5374431,16.387832641601562,16.29549217224121,11.734284400939941
29-07-2004,16.02389907836914,16.29549217224121,4209078,16.322650909423828,16.137968063354492,11.620856285095215
30-07-2004,15.98587703704834,16.02389907836914,3589766,16.376968383789062,16.333513259887695,11.761669158935547
02-08-2004,16.257469177246094,16.29549217224121,3720109,16.491037368774414,16.469310760498047,11.859456062316895
03-08-2004,16.355241775512695,16.40955924987793,3047591,16.56708335876465,16.485605239868164,11.871185302734375
04-08-2004,16.300922393798828,16.349809646606445,4215522,16.730037689208984,16.730037689208984,12.047199249267578
05-08-2004,16.42585563659668,16.67572021484375,4221413,16.67572021484375,16.463878631591797,11.855545043945312
06-08-2004,16.19771957397461,16.317218780517578,3892610,16.43128776550293,16.257469177246094,11.70690631866455
09-08-2004,16.203149795532227,16.300922393798828,2948914,16.469310760498047,16.26833152770996,11.71473217010498
10-08-2004,16.349809646606445,16.393264770507812,4121079,16.730037689208984,16.67572021484375,12.008087158203125
11-08-2004,16.53449249267578,16.702878952026367,4066217,16.93101692199707,16.91472053527832,12.18018913269043
12-08-2004,16.7571964263916,16.838674545288086,3015374,16.963607788085938,16.89842414855957,12.16845417022705
13-08-2004,16.7571964263916,16.892993927001953,2708663,16.92558479309082,16.871265411376953,12.148897171020508
16-08-2004,16.78435516357422,16.78978729248047,3470837,17.208038330078125,17.170015335083008,12.36402416229248
17-08-2004,16.985334396362305,17.110265731811523,3603758,17.235197067260742,17.104833602905273,12.31708812713623
18-08-2004,17.001630783081055,17.088539123535156,1769017,17.30038070678711,17.30038070678711,12.457901000976562
19-08-2004,17.072242736816406,17.28951644897461,1642540,17.327539443969727,17.240629196166992,12.414875984191895
20-08-2004,17.202606201171875,17.208038330078125,1500599,17.381858825683594,17.354698181152344,12.497018814086914
23-08-2004,17.115697860717773,17.327539443969727,2056029,17.370994567871094,17.15915298461914,12.356209754943848
24-08-2004,17.06681251525879,17.267789840698242,2142004,17.365562438964844,17.218902587890625,12.39923095703125
25-08-2004,17.05051612854004,17.191743850708008,2048297,17.251493453979492,17.240629196166992,12.414875984191895
26-08-2004,16.626832962036133,16.838674545288086,6689458,17.034221649169922,16.746334075927734,12.05893611907959
27-08-2004,16.480173110961914,16.67572021484375,5473845,16.730037689208984,16.626832962036133,11.972885131835938
30-08-2004,16.300922393798828,16.52362823486328,3773314,16.615970611572266,16.355241775512695,11.777314186096191
31-08-2004,16.355241775512695,16.355241775512695,3865916,16.615970611572266,16.588809967041016,11.945505142211914
01-09-2004,16.52906036376953,16.594242095947266,2595810,16.78435516357422,16.740901947021484,12.055023193359375
02-09-2004,16.68115234375,16.730037689208984,3155842,17.034221649169922,16.952743530273438,12.207571983337402
03-09-2004,16.7571964263916,16.838674545288086,3628979,17.083106994628906,17.05051612854004,12.27797794342041
07-09-2004,16.827810287475586,17.028789520263672,4953947,17.099401473999023,16.947311401367188,12.203661918640137
08-09-2004,16.860401153564453,16.865833282470703,4757144,17.088539123535156,16.892993927001953,12.164545059204102
09-09-2004,16.81694793701172,16.838674545288086,2732228,17.083106994628906,17.034221649169922,12.266247749328613
10-09-2004,16.974470138549805,16.974470138549805,2442271,17.186311721801758,17.15372085571289,12.352294921875
13-09-2004,17.110265731811523,17.110265731811523,3798167,17.316675186157227,17.311243057250977,12.46572208404541
14-09-2004,17.13742446899414,17.13742446899414,5847016,17.490493774414062,17.474199295043945,12.583067893981934
15-09-2004,17.316675186157227,17.419879913330078,3814184,17.53394889831543,17.479631423950195,12.586978912353516
16-09-2004,17.360130310058594,17.441608428955078,2232213,17.447040557861328,17.40901756286621,12.536133766174316
17-09-2004,17.376426696777344,17.436176300048828,3742937,17.51765251159668,17.501358032226562,12.602625846862793
20-09-2004,17.30038070678711,17.40901756286621,1979075,17.490493774414062,17.41444969177246,12.540045738220215
21-09-2004,17.38728904724121,17.41444969177246,2473199,17.52851676940918,17.474199295043945,12.583067893981934
22-09-2004,17.316675186157227,17.39272117614746,3035809,17.447040557861328,17.436176300048828,12.555685043334961
23-09-2004,17.251493453979492,17.39272117614746,2177719,17.490493774414062,17.381858825683594,12.51657485961914
24-09-2004,17.218902587890625,17.30581283569336,2980211,17.452470779418945,17.436176300048828,12.555685043334961
27-09-2004,17.191743850708008,17.360130310058594,2394957,17.376426696777344,17.229766845703125,12.407055854797363
28-09-2004,17.13742446899414,17.13742446899414,3137064,17.436176300048828,17.316675186157227,12.469635963439941
29-09-2004,17.14285659790039,17.262357711791992,2528061,17.436176300048828,17.40901756286621,12.536133766174316
30-09-2004,17.235197067260742,17.40901756286621,4134150,17.561107635498047,17.468767166137695,12.579154968261719
01-10-2004,17.479631423950195,17.54481315612793,2817835,17.77838134765625,17.599130630493164,12.673030853271484
04-10-2004,17.490493774414062,17.6534481048584,3257097,17.6860408782959,17.604562759399414,12.676942825317383
05-10-2004,17.441608428955078,17.550243377685547,1858858,17.66974449157715,17.479631423950195,12.586978912353516
06-10-2004,17.343835830688477,17.51765251159668,1690406,17.561107635498047,17.51765251159668,12.614360809326172
07-10-2004,17.14828872680664,17.51765251159668,2005401,17.604562759399414,17.15915298461914,12.356209754943848
08-10-2004,16.81151580810547,17.072242736816406,2577216,17.267789840698242,16.91472053527832,12.18018913269043
11-10-2004,16.90385627746582,16.958175659179688,1420700,17.05594825744629,16.941879272460938,12.199748992919922
12-10-2004,16.713743209838867,16.827810287475586,3730971,16.854970932006836,16.81151580810547,12.105870246887207
13-10-2004,16.7571964263916,16.81151580810547,4443990,17.072242736816406,16.969039916992188,12.219305038452148
14-10-2004,16.892993927001953,16.892993927001953,3257097,17.13742446899414,17.04508399963379,12.274067878723145
15-10-2004,16.854970932006836,17.06138038635254,4114083,17.06681251525879,16.952743530273438,12.207571983337402
18-10-2004,16.844106674194336,16.871265411376953,2454237,17.034221649169922,17.017925262451172,12.254511833190918
19-10-2004,16.92015266418457,17.001630783081055,4188643,17.15372085571289,16.941879272460938,12.199748992919922
20-10-2004,16.42042350769043,16.947311401367188,3934401,16.947311401367188,16.844106674194336,12.129340171813965
21-10-2004,16.322650909423828,16.849538803100586,6026514,16.92015266418457,16.648561477661133,11.988534927368164
22-10-2004,16.083650588989258,16.53992462158203,6661843,16.55078887939453,16.300922393798828,11.738197326660156
25-10-2004,15.942422866821289,16.29549217224121,5226599,16.29549217224121,16.121673583984375,11.609121322631836
26-10-2004,16.007604598999023,16.083650588989258,3366084,16.333513259887695,16.328083038330078,11.757761001586914
27-10-2004,16.18685531616211,16.235740661621094,4150535,16.724605560302734,16.605106353759766,11.957237243652344
28-10-2004,16.43128776550293,16.605106353759766,3105215,16.6702880859375,16.54535675048828,11.914213180541992
29-10-2004,16.52906036376953,16.610538482666016,2890186,16.735469818115234,16.708311080932617,12.031559944152832
01-11-2004,16.55621910095215,16.621400833129883,2724496,16.78978729248047,16.77349281311035,12.078496932983398
02-11-2004,16.57794761657715,16.719173431396484,2754688,16.996198654174805,16.659423828125,11.996354103088379
03-11-2004,16.686582565307617,16.833242416381836,2851709,17.001630783081055,16.80065155029297,12.09805679321289
04-11-2004,16.702878952026367,16.822378158569336,3378419,17.099401473999023,17.083106994628906,12.301445960998535
05-11-2004,16.92558479309082,17.077674865722656,2653433,17.15372085571289,17.15372085571289,12.352294921875
08-11-2004,17.001630783081055,17.083106994628906,2211962,17.235197067260742,17.077674865722656,12.297532081604004
09-11-2004,17.110265731811523,17.13742446899414,3336444,17.39272117614746,17.327539443969727,12.477458953857422
10-11-2004,17.224334716796875,17.30038070678711,3239240,17.360130310058594,17.246061325073242,12.418787002563477
11-11-2004,17.224334716796875,17.327539443969727,2474120,17.38728904724121,17.27865219116211,12.44225788116455
12-11-2004,17.115697860717773,17.332971572875977,2296463,17.39272117614746,17.381858825683594,12.51657485961914
15-11-2004,17.072242736816406,17.262357711791992,3588661,17.370994567871094,17.370994567871094,12.508750915527344
16-11-2004,17.175447463989258,17.316675186157227,3414319,17.338403701782227,17.267789840698242,12.434433937072754
17-11-2004,17.28408432006836,17.30038070678711,3755456,17.381858825683594,17.28951644897461,12.450078964233398
18-11-2004,17.27865219116211,17.28951644897461,3691941,17.419879913330078,17.354698181152344,12.497018814086914
19-11-2004,17.191743850708008,17.370994567871094,2712714,17.381858825683594,17.246061325073242,12.418787002563477
22-11-2004,17.110265731811523,17.202606201171875,3692494,17.566539764404297,17.425312042236328,12.547863960266113
23-11-2004,17.370994567871094,17.485061645507812,2969901,17.54481315612793,17.436176300048828,12.555685043334961
24-11-2004,17.376426696777344,17.457902908325195,2336045,17.561107635498047,17.495925903320312,12.598714828491211
26-11-2004,17.474199295043945,17.474199295043945,1025069,17.604562759399414,17.54481315612793,12.633915901184082
29-11-2004,17.332971572875977,17.599130630493164,4762667,17.6534481048584,17.354698181152344,12.497018814086914
30-11-2004,17.083106994628906,17.28408432006836,5465745,17.311243057250977,17.191743850708008,12.379674911499023
01-12-2004,17.191743850708008,17.218902587890625,5323436,17.566539764404297,17.474199295043945,12.583067893981934
02-12-2004,17.327539443969727,17.381858825683594,4196007,17.6534481048584,17.577404022216797,12.657387733459473
03-12-2004,17.332971572875977,17.599130630493164,5299503,17.62628936767578,17.39272117614746,12.524394989013672
06-12-2004,17.27322006225586,17.41444969177246,3978769,17.425312042236328,17.349266052246094,12.493102073669434
07-12-2004,17.430744171142578,17.436176300048828,6911850,17.77838134765625,17.490493774414062,12.594796180725098
08-12-2004,17.14285659790039,17.327539443969727,6472220,17.53938102722168,17.447040557861328,12.794774055480957
09-12-2004,17.126562118530273,17.13742446899414,3745699,17.457902908325195,17.40358543395996,12.762907028198242
10-12-2004,17.202606201171875,17.27322006225586,3105399,17.463335037231445,17.376426696777344,12.742985725402832
13-12-2004,17.218902587890625,17.327539443969727,3244947,17.436176300048828,17.40358543395996,12.762907028198242
14-12-2004,17.332971572875977,17.40358543395996,5004390,17.713199615478516,17.64258575439453,12.938173294067383
15-12-2004,17.457902908325195,17.571971893310547,4179438,17.724063873291016,17.707767486572266,12.98597526550293
16-12-2004,17.593698501586914,17.62628936767578,9911208,18.413904190063477,18.212928771972656,13.35643196105957
17-12-2004,17.941335678100586,18.142314910888672,5314415,18.250951766967773,18.196632385253906,13.344487190246582
20-12-2004,17.941335678100586,18.196632385253906,4463505,18.294404983520508,18.087995529174805,13.264812469482422
21-12-2004,18.033676147460938,18.060836791992188,5594063,18.25638198852539,18.212928771972656,13.35643196105957
22-12-2004,18.223791122436523,18.299837112426758,3671690,18.473655700683594,18.413904190063477,13.503820419311523
23-12-2004,18.413904190063477,18.468223571777344,4821947,18.804996490478516,18.723520278930664,13.730881690979004
27-12-2004,18.538837432861328,18.723520278930664,2021602,18.728952407836914,18.538837432861328,13.595441818237305
28-12-2004,18.479087829589844,18.544269561767578,2801450,18.7887020111084,18.723520278930664,13.730881690979004
29-12-2004,18.66377067565918,18.712656021118164,2871776,18.8756103515625,18.73981475830078,13.742825508117676
30-12-2004,18.65290641784668,18.73981475830078,1408917,18.859315872192383,18.7887020111084,13.778681755065918
31-12-2004,18.685497283935547,18.7887020111084,1698875,18.89190673828125,18.76154327392578,13.758763313293457
03-01-2005,18.76154327392578,18.79413414001465,5253294,19.00054359436035,18.804996490478516,13.790626525878906
04-01-2005,18.723520278930664,18.848451614379883,5596272,18.929929733276367,18.7669734954834,13.762741088867188
05-01-2005,18.696361541748047,18.821292877197266,10838335,19.239543914794922,18.967952728271484,13.910126686096191
06-01-2005,19.01683807373047,19.092884063720703,6173241,19.239543914794922,19.04399871826172,13.965898513793945
07-01-2005,19.092884063720703,19.092884063720703,5691820,19.483976364135742,19.27213478088379,14.133204460144043
10-01-2005,18.98967933654785,19.310157775878906,7358293,19.353612899780273,19.244976043701172,14.113287925720215
11-01-2005,19.13633918762207,19.190656661987305,6873558,19.342748641967773,19.315589904785156,14.165072441101074
12-01-2005,19.098316192626953,19.27213478088379,7462494,19.326452255249023,19.174362182617188,14.061498641967773
13-01-2005,18.576860427856445,19.158065795898438,10587775,19.174362182617188,18.685497283935547,13.70298957824707
14-01-2005,18.52254295349121,18.685497283935547,9291527,18.712656021118164,18.65833854675293,13.683076858520508
18-01-2005,18.544269561767578,18.631179809570312,10975490,19.060293197631836,19.03313446044922,13.957934379577637
19-01-2005,18.9951114654541,19.03313446044922,4808508,19.25583839416504,19.201520919799805,14.0814208984375
20-01-2005,18.957088470458984,19.01140785217285,5612657,19.185224533081055,19.03313446044922,13.957934379577637
21-01-2005,18.908201217651367,19.03313446044922,4390601,19.076589584350586,18.9951114654541,13.930044174194336
24-01-2005,18.886474609375,19.01140785217285,4954683,19.109180450439453,19.01140785217285,13.942002296447754
25-01-2005,18.696361541748047,19.01140785217285,4391153,19.02770233154297,18.718088150024414,13.726888656616211
26-01-2005,18.549701690673828,18.576860427856445,4221413,18.8756103515625,18.832155227661133,13.810547828674316
27-01-2005,18.48995018005371,18.832155227661133,8711244,18.913633346557617,18.549701690673828,13.603405952453613
28-01-2005,18.142314910888672,18.468223571777344,6315735,18.48995018005371,18.316133499145508,13.432121276855469
31-01-2005,18.305269241333008,18.359586715698242,4877545,18.468223571777344,18.337860107421875,13.448049545288086
01-02-2005,18.370450973510742,18.441064834594727,4950449,18.593156814575195,18.430200576782227,13.51577091217041
02-02-2005,18.191200256347656,18.348724365234375,4680743,18.473655700683594,18.451927185058594,13.531708717346191
03-02-2005,18.250951766967773,18.305269241333008,4960206,18.73438262939453,18.728952407836914,13.734859466552734
04-02-2005,18.614883422851562,18.65833854675293,5400205,19.168930053710938,19.065725326538086,13.981833457946777
07-02-2005,18.86474609375,18.8756103515625,4115556,19.14177131652832,18.946224212646484,13.894196510314941
08-02-2005,18.87017822265625,19.0059757232666,2241602,19.04399871826172,18.973384857177734,13.914112091064453
09-02-2005,18.723520278930664,19.01140785217285,2819492,19.01140785217285,18.728952407836914,13.734859466552734
10-02-2005,18.51167869567871,18.79413414001465,3520360,18.810428619384766,18.544269561767578,13.59942626953125
11-02-2005,18.457359313964844,18.576860427856445,4012828,18.7887020111084,18.685497283935547,13.70298957824707
14-02-2005,18.560565948486328,18.631179809570312,1738825,18.712656021118164,18.64204216003418,13.671128273010254
15-02-2005,18.50624656677246,18.609451293945312,5096809,18.75611114501953,18.674633026123047,13.695029258728027
16-02-2005,18.51711082458496,18.680065155029297,2760395,18.680065155029297,18.631179809570312,13.663158416748047
17-02-2005,18.52254295349121,18.620315551757812,3998468,18.75067901611328,18.685497283935547,13.70298957824707
18-02-2005,18.538837432861328,18.712656021118164,8108685,19.293861389160156,19.239543914794922,14.109301567077637
22-02-2005,18.98967933654785,19.282997131347656,4603236,19.462249755859375,18.9951114654541,13.930044174194336
23-02-2005,18.973384857177734,19.13090705871582,4566601,19.483976364135742,19.348180770874023,14.188972473144531
24-02-2005,19.14177131652832,19.39163589477539,4263204,19.53286361694336,19.53286361694336,14.324407577514648
25-02-2005,19.402498245239258,19.549158096313477,4318066,19.826181411743164,19.684953689575195,14.435941696166992
28-02-2005,19.282997131347656,19.549158096313477,4665094,19.674089431762695,19.36990737915039,14.204900741577148
01-03-2005,18.853883743286133,19.092884063720703,5678565,19.337316513061523,19.299293518066406,14.153120040893555
02-03-2005,19.076589584350586,19.13090705871582,4681479,19.39163589477539,19.201520919799805,14.0814208984375
03-03-2005,18.919065475463867,19.196088790893555,4445831,19.217815399169922,19.054861068725586,13.97386360168457
04-03-2005,18.89190673828125,19.076589584350586,4865579,19.212385177612305,19.152633666992188,14.045561790466309
07-03-2005,19.076589584350586,19.12547492980957,4666383,19.282997131347656,19.163497924804688,14.053535461425781
08-03-2005,19.082021713256836,19.114612579345703,3666536,19.282997131347656,19.109180450439453,14.013696670532227
09-03-2005,18.886474609375,18.9842472076416,4661596,19.12004280090332,19.03856658935547,13.9619140625
10-03-2005,18.957088470458984,19.02227020263672,4529965,19.326452255249023,19.196088790893555,14.077435493469238
11-03-2005,19.02227020263672,19.26670265197754,2477986,19.397066116333008,19.03856658935547,13.9619140625
14-03-2005,18.79413414001465,19.01140785217285,3443591,19.098316192626953,18.929929733276367,13.882246971130371
15-03-2005,18.625747680664062,18.946224212646484,3186219,19.092884063720703,18.65290641784668,13.679094314575195
16-03-2005,18.082563400268555,18.549701690673828,7164252,18.65290641784668,18.207496643066406,13.352447509765625
17-03-2005,18.15860939025879,18.196632385253906,4597529,18.52254295349121,18.479087829589844,13.551618576049805
18-03-2005,18.288972854614258,18.468223571777344,6521558,18.565996170043945,18.40847396850586,13.499836921691895
21-03-2005,18.299837112426758,18.468223571777344,2987207,18.565996170043945,18.343292236328125,13.452043533325195
22-03-2005,18.115154266357422,18.38674545288086,4824341,18.413904190063477,18.126018524169922,13.29270076751709
23-03-2005,18.191200256347656,18.196632385253906,5660339,18.527973175048828,18.348724365234375,13.45602035522461
24-03-2005,18.321563720703125,18.343292236328125,2721550,18.631179809570312,18.52254295349121,13.583486557006836
28-03-2005,18.343292236328125,18.52254295349121,2769969,18.631179809570312,18.354154586791992,13.460007667541504
29-03-2005,17.968494415283203,18.294404983520508,4991319,18.38674545288086,18.294404983520508,13.416181564331055
30-03-2005,18.240087509155273,18.26724624633789,3840694,18.685497283935547,18.620315551757812,13.655191421508789
31-03-2005,18.419336318969727,18.620315551757812,3488327,18.707223892211914,18.457359313964844,13.535685539245605
01-04-2005,18.17490577697754,18.565996170043945,2947993,18.582292556762695,18.332427978515625,13.444066047668457
04-04-2005,18.191200256347656,18.332427978515625,3482620,18.419336318969727,18.321563720703125,13.436097145080566
05-04-2005,18.240087509155273,18.305269241333008,3948209,18.65290641784668,18.64204216003418,13.671128273010254
06-04-2005,18.51167869567871,18.64204216003418,3834987,18.804996490478516,18.565996170043945,13.615357398986816
07-04-2005,18.413904190063477,18.533405303955078,2483509,18.89190673828125,18.89190673828125,13.854363441467285
08-04-2005,18.614883422851562,18.88104248046875,2014975,18.951656341552734,18.712656021118164,13.722906112670898
11-04-2005,18.64747428894043,18.707223892211914,3053483,18.946224212646484,18.77240562438965,13.76672649383545
12-04-2005,18.64747428894043,18.7887020111084,4897796,19.02227020263672,18.98967933654785,13.926058769226074
13-04-2005,18.815860748291016,19.12004280090332,5597561,19.190656661987305,18.859315872192383,13.830458641052246
14-04-2005,18.712656021118164,18.826725006103516,3469917,19.02227020263672,18.89190673828125,13.854363441467285
15-04-2005,18.707223892211914,18.89190673828125,3315825,18.962520599365234,18.75067901611328,13.750794410705566
18-04-2005,18.294404983520508,18.636611938476562,4098250,18.723520278930664,18.50624656677246,13.571537971496582
19-04-2005,18.142314910888672,18.473655700683594,3725079,18.49538230895996,18.321563720703125,13.436097145080566
20-04-2005,18.202064514160156,18.26724624633789,3353566,18.527973175048828,18.48451805114746,13.555610656738281
21-04-2005,18.924497604370117,18.9842472076416,7895497,19.684953689575195,19.60347557067871,14.376191139221191
22-04-2005,19.489408493041992,19.500272750854492,6604772,20.14122772216797,19.89679527282715,14.591297149658203
25-04-2005,19.679521560668945,19.923954010009766,7470778,19.929386138916016,19.842477798461914,14.551462173461914
26-04-2005,19.809886932373047,19.847909927368164,5612289,20.14122772216797,19.961977005004883,14.639095306396484
27-04-2005,19.831613540649414,19.86420440673828,4371823,20.190113067626953,20.10320472717285,14.742666244506836
28-04-2005,19.74470329284668,19.951114654541016,3059742,20.048885345458984,19.77186393737793,14.499679565429688
29-04-2005,19.60890769958496,19.663227081298828,5194750,20.157522201538086,20.152090072631836,14.778515815734863
02-05-2005,19.663227081298828,20.152090072631836,5937225,20.195545196533203,20.032590866088867,14.69088077545166
03-05-2005,19.87506866455078,19.9891357421875,3741833,20.0977725982666,19.9891357421875,14.65902042388916
04-05-2005,20.0,20.032590866088867,2754688,20.320478439331055,20.320478439331055,14.902009963989258
05-05-2005,20.1086368560791,20.363933563232422,2492898,20.363933563232422,20.24443244934082,14.846233367919922
06-05-2005,20.271591186523438,20.353069305419922,2725785,20.49429702758789,20.363933563232422,14.933874130249023
09-05-2005,20.11949920654297,20.325910568237305,3157499,20.38566017150879,20.38566017150879,14.949803352355957
10-05-2005,20.23356819152832,20.23356819152832,3358905,20.554046630859375,20.450841903686523,14.997602462768555
11-05-2005,20.38022804260254,20.49429702758789,3613515,20.646387100219727,20.64095687866211,15.137025833129883
12-05-2005,20.358501434326172,20.64095687866211,4612994,20.760456085205078,20.418251037597656,14.973708152770996
13-05-2005,20.09234046936035,20.450841903686523,4826182,20.602933883666992,20.293319702148438,14.882086753845215
16-05-2005,20.12493133544922,20.293319702148438,3683657,20.36936378479004,20.23356819152832,14.838272094726562
17-05-2005,19.961977005004883,20.23356819152832,4849378,20.277023315429688,20.26072883605957,14.85819149017334
18-05-2005,20.173818588256836,20.363933563232422,3906234,20.39109230041504,20.282455444335938,14.874116897583008
19-05-2005,20.016294479370117,20.222705841064453,4695839,20.24443244934082,20.0977725982666,14.738676071166992
20-05-2005,20.048885345458984,20.10320472717285,3059190,20.173818588256836,20.13579559326172,14.766563415527344
23-05-2005,20.043455123901367,20.12493133544922,5919920,20.532318115234375,20.37479591369629,14.941837310791016
24-05-2005,20.054317474365234,20.12493133544922,4765613,20.36936378479004,20.168386459350586,14.790462493896484
25-05-2005,19.99456787109375,20.195545196533203,3134303,20.24986457824707,20.021726608276367,14.682915687561035
26-05-2005,19.831613540649414,20.027158737182617,2950755,20.1086368560791,20.065181732177734,14.71478271484375
27-05-2005,19.961977005004883,20.027158737182617,2239945,20.11949920654297,20.065181732177734,14.71478271484375
31-05-2005,20.00543212890625,20.0869083404541,5996873,20.24443244934082,20.043455123901367,14.698854446411133
01-06-2005,19.9891357421875,20.016294479370117,3758586,20.200977325439453,20.11949920654297,14.754618644714355
02-06-2005,19.88050079345703,19.961977005004883,4105614,20.173818588256836,20.059749603271484,14.710801124572754
03-06-2005,19.978273391723633,20.016294479370117,3578536,20.12493133544922,20.038022994995117,14.694865226745605
06-06-2005,19.9891357421875,20.038022994995117,3382101,20.10320472717285,20.059749603271484,14.710801124572754
07-06-2005,19.9891357421875,20.038022994995117,3288210,20.152090072631836,20.0,14.66698169708252
08-06-2005,19.76099967956543,20.0108642578125,2788010,20.0108642578125,19.831613540649414,14.543501853942871
09-06-2005,19.73927116394043,19.75556755065918,4071924,19.940250396728516,19.88050079345703,14.579347610473633
10-06-2005,19.75013542175293,19.88050079345703,3484461,19.934818267822266,19.837045669555664,14.547480583190918
13-06-2005,19.722976684570312,19.75013542175293,2478170,20.0108642578125,19.809886932373047,14.52756404876709
14-06-2005,19.60890769958496,19.717544555664062,3384679,19.815317153930664,19.76099967956543,14.491711616516113
15-06-2005,19.641498565673828,19.76099967956543,3831857,19.809886932373047,19.76643180847168,14.495694160461426
16-06-2005,19.641498565673828,19.777294158935547,2776228,20.0108642578125,19.978273391723633,14.651043891906738
17-06-2005,19.934818267822266,20.13579559326172,4193614,20.157522201538086,20.11949920654297,14.754618644714355
20-06-2005,20.016294479370117,20.043455123901367,4069715,20.418251037597656,20.358501434326172,14.929887771606445
21-06-2005,20.287887573242188,20.325910568237305,2887977,20.434545516967773,20.39109230041504,14.953792572021484
22-06-2005,20.211841583251953,20.423683166503906,2199995,20.450841903686523,20.331342697143555,14.909974098205566
23-06-2005,19.967409133911133,20.287887573242188,3198553,20.353069305419922,19.967409133911133,14.643086433410645
24-06-2005,19.842477798461914,19.934818267822266,3068579,20.14665985107422,20.0977725982666,14.738676071166992
27-06-2005,20.038022994995117,20.0977725982666,3832226,20.25529670715332,20.179250717163086,14.798432350158691
28-06-2005,20.152090072631836,20.24986457824707,2758739,20.49429702758789,20.48886489868164,15.025484085083008
29-06-2005,20.22813606262207,20.48886489868164,1826640,20.499727249145508,20.315046310424805,14.898019790649414
30-06-2005,20.11949920654297,20.282455444335938,3044830,20.298751831054688,20.152090072631836,14.778515815734863
01-07-2005,19.85334014892578,20.0977725982666,2929215,20.168386459350586,20.14122772216797,14.770548820495605
05-07-2005,19.9891357421875,20.027158737182617,2455894,20.401954650878906,20.37479591369629,14.941837310791016
06-07-2005,20.10320472717285,20.277023315429688,2410790,20.36936378479004,20.168386459350586,14.790462493896484
07-07-2005,19.793590545654297,19.91852378845215,3737966,20.37479591369629,20.363933563232422,14.933874130249023
08-07-2005,20.211841583251953,20.363933563232422,3499925,20.700706481933594,20.695274353027344,15.176857948303223
11-07-2005,20.48886489868164,20.74416160583496,3105031,20.776752471923828,20.657251358032227,15.148975372314453
12-07-2005,20.592069625854492,20.61379623413086,2619559,20.803911209106445,20.776752471923828,15.236618041992188
13-07-2005,20.46713638305664,20.771320343017578,2763709,20.776752471923828,20.586637496948242,15.097189903259277
14-07-2005,20.586637496948242,20.706138610839844,2615325,20.85822868347168,20.836502075195312,15.280436515808105
15-07-2005,20.700706481933594,20.836502075195312,3142403,20.836502075195312,20.787614822387695,15.244579315185547
18-07-2005,20.575773239135742,20.776752471923828,2472647,20.86366081237793,20.657251358032227,15.148975372314453
19-07-2005,20.554046630859375,20.711570739746094,1741218,20.74959373474121,20.575773239135742,15.089226722717285
20-07-2005,20.49429702758789,20.49429702758789,2811391,20.96143341064453,20.95600128173828,15.368062973022461
21-07-2005,20.62466049194336,20.72243309020996,8374341,21.49918556213379,21.276479721069336,15.60308837890625
22-07-2005,21.080934524536133,21.195003509521484,3801113,21.298206329345703,21.13525390625,15.499517440795898
25-07-2005,21.037479400634766,21.10809326171875,3172227,21.276479721069336,21.086366653442383,15.463666915893555
26-07-2005,21.01032066345215,21.086366653442383,4224727,21.25475311279297,21.0157527923584,15.411885261535645
27-07-2005,21.026615142822266,21.075502395629883,4703387,21.276479721069336,21.23845672607422,15.575204849243164
28-07-2005,21.189571380615234,21.23845672607422,2910805,21.662139892578125,21.624116897583008,15.858030319213867
29-07-2005,21.33079719543457,21.629549026489258,1758339,21.629549026489258,21.33079719543457,15.642919540405273
01-08-2005,21.271047592163086,21.33622932434082,2901968,21.417707443237305,21.309070587158203,15.626989364624023
02-08-2005,21.33079719543457,21.390548706054688,2174589,21.526344299316406,21.51548194885254,15.778360366821289
03-08-2005,21.374252319335938,21.401411056518555,2674605,21.624116897583008,21.51004981994629,15.774380683898926
04-08-2005,21.47745704650879,21.531776428222656,2315242,21.61325454711914,21.59695816040039,15.838109016418457
05-08-2005,21.35252571105957,21.548072814941406,2083276,21.548072814941406,21.374252319335938,15.674790382385254
08-08-2005,21.23845672607422,21.368820190429688,2927190,21.434003829956055,21.34709358215332,15.654867172241211
09-08-2005,21.35252571105957,21.423139572143555,2560647,21.51548194885254,21.48288917541504,15.754454612731934
10-08-2005,21.428571701049805,21.537208557128906,3555339,21.781639099121094,21.59152603149414,15.834128379821777
11-08-2005,21.50461769104004,21.59152603149414,5347185,22.031505584716797,22.031505584716797,16.156784057617188
12-08-2005,21.792503356933594,21.922868728637695,2255961,22.004344940185547,21.884845733642578,16.049232482910156
15-08-2005,21.586095809936523,21.73275375366211,4421530,21.906572341918945,21.651275634765625,15.877938270568848
16-08-2005,21.700162887573242,21.754480361938477,3112579,21.863117218017578,21.787071228027344,15.97752571105957
17-08-2005,21.586095809936523,21.797935485839844,2053636,21.85225486755371,21.640413284301758,15.869978904724121
18-08-2005,21.195003509521484,21.553504943847656,3635791,21.640413284301758,21.466594696044922,15.742510795593262
19-08-2005,21.385116577148438,21.569799423217773,1730908,21.569799423217773,21.51004981994629,15.774380683898926
22-08-2005,21.558935165405273,21.60782241821289,2958303,21.759912490844727,21.667572021484375,15.889890670776367
23-08-2005,21.363388061523438,21.60782241821289,3718636,21.61325454711914,21.48288917541504,15.754454612731934
24-08-2005,21.276479721069336,21.51004981994629,4920625,21.59152603149414,21.33079719543457,15.642919540405273
25-08-2005,21.26561737060547,21.363388061523438,2565434,21.439434051513672,21.26561737060547,15.595124244689941
26-08-2005,21.032047271728516,21.271047592163086,1945753,21.271047592163086,21.11895751953125,15.487571716308594
29-08-2005,21.026615142822266,21.12982177734375,2641467,21.59152603149414,21.564367294311523,15.814207077026367
30-08-2005,21.401411056518555,21.48288917541504,3804795,21.618684768676758,21.542640686035156,15.7982816696167
31-08-2005,21.48832130432129,21.520912170410156,3481699,21.917436599731445,21.906572341918945,16.065166473388672
01-09-2005,21.705595016479492,21.85225486755371,3242553,21.928300857543945,21.71645736694336,15.925752639770508
02-09-2005,21.23845672607422,21.618684768676758,4015957,21.71645736694336,21.434003829956055,15.71860408782959
06-09-2005,21.34709358215332,21.395980834960938,4083338,21.797935485839844,21.797935485839844,15.985488891601562
07-09-2005,21.73818588256836,21.776208877563477,3179039,22.026073455810547,21.917436599731445,16.073137283325195
08-09-2005,21.72732162475586,22.243345260620117,3183641,22.270505905151367,21.770776748657227,15.965585708618164
09-09-2005,21.792503356933594,21.792503356933594,1647327,21.950027465820312,21.868549346923828,16.037281036376953
12-09-2005,21.781639099121094,21.81966209411621,1840448,21.97175407409668,21.808799743652344,15.9934663772583
13-09-2005,21.60782241821289,21.808799743652344,3593080,21.912004470825195,21.863117218017578,16.03329849243164
14-09-2005,21.749048233032227,21.906572341918945,2545919,21.98805046081543,21.765344619750977,15.961592674255371
15-09-2005,21.83595848083496,21.84682273864746,4314936,22.297664642333984,22.243345260620117,16.3121395111084
16-09-2005,22.004344940185547,22.303096771240234,4944006,22.308528900146484,22.134708404541016,16.232467651367188
19-09-2005,21.906572341918945,22.08039093017578,2088062,22.1075496673584,21.955459594726562,16.101016998291016
20-09-2005,21.74361801147461,21.928300857543945,2103895,22.053232192993164,21.85225486755371,16.02533531188965
21-09-2005,21.423139572143555,21.423139572143555,4135807,21.85225486755371,21.83052635192871,16.009395599365234
22-09-2005,21.700162887573242,21.770776748657227,2782487,21.873981475830078,21.792503356933594,15.981514930725098
23-09-2005,21.678436279296875,21.808799743652344,2592864,21.863117218017578,21.700162887573242,15.91379165649414
26-09-2005,21.569799423217773,21.890277862548828,4774634,21.939163208007812,21.705595016479492,15.917783737182617
27-09-2005,21.461162567138672,21.73818588256836,3396277,21.797935485839844,21.694730758666992,15.909811973571777
28-09-2005,21.363388061523438,21.873981475830078,2984629,21.884845733642578,21.580663681030273,15.826164245605469
29-09-2005,21.02118492126465,21.59695816040039,3232980,21.72188949584961,21.645845413208008,15.873955726623535
30-09-2005,21.48832130432129,21.651275634765625,2598572,21.759912490844727,21.656707763671875,15.88193416595459
03-10-2005,21.520912170410156,21.59695816040039,2047376,21.781639099121094,21.667572021484375,15.889890670776367
04-10-2005,21.72732162475586,21.781639099121094,4421162,22.004344940185547,21.749048233032227,15.9496488571167
05-10-2005,21.49918556213379,21.72732162475586,5160875,21.83595848083496,21.51548194885254,15.778360366821289
06-10-2005,20.678979873657227,21.461162567138672,5981961,21.466594696044922,21.026615142822266,15.419848442077637
07-10-2005,20.896251678466797,21.059207916259766,3943606,21.12982177734375,21.053775787353516,15.4397611618042
10-10-2005,20.700706481933594,21.032047271728516,3052010,21.20586585998535,20.885387420654297,15.316279411315918
11-10-2005,20.47800064086914,20.98859214782715,3863707,20.9940242767334,20.47800064086914,15.017525672912598
12-10-2005,20.401954650878906,20.48343276977539,4825813,20.831069946289062,20.700706481933594,15.18084716796875
13-10-2005,19.9022274017334,19.934818267822266,6477006,20.46713638305664,20.325910568237305,14.905988693237305
14-10-2005,20.12493133544922,20.325910568237305,5422666,20.548614501953125,20.309614181518555,14.894036293029785
17-10-2005,20.13036346435547,20.304182052612305,3292260,20.434545516967773,20.38022804260254,14.945818901062012
18-10-2005,20.271591186523438,20.342205047607422,5094968,20.87995719909668,20.592069625854492,15.101178169250488
19-10-2005,20.47800064086914,20.597501754760742,3337181,20.831069946289062,20.820205688476562,15.268486022949219
20-10-2005,20.320478439331055,20.776752471923828,7024704,20.793046951293945,20.559478759765625,15.077280044555664
21-10-2005,20.592069625854492,20.695274353027344,4248844,20.782184600830078,20.700706481933594,15.18084716796875
24-10-2005,20.765888214111328,20.809343338012695,4649446,21.070070266723633,21.048343658447266,15.43578815460205
25-10-2005,20.776752471923828,21.048343658447266,3472678,21.11895751953125,20.95056915283203,15.364080429077148
26-10-2005,20.803911209106445,20.95600128173828,3609281,21.26561737060547,21.075502395629883,15.455708503723145
27-10-2005,20.896251678466797,21.075502395629883,3126570,21.271047592163086,20.896251678466797,15.324249267578125
28-10-2005,20.87995719909668,20.99945640563965,2697617,21.184139251708984,21.162412643432617,15.519437789916992
31-10-2005,20.73329734802246,21.173274993896484,5040290,21.314502716064453,20.765888214111328,15.228643417358398
01-11-2005,19.549158096313477,20.668115615844727,14852636,20.678979873657227,19.87506866455078,14.575366020202637
02-11-2005,19.87506866455078,19.88050079345703,8401588,20.516023635864258,20.38566017150879,14.949803352355957
03-11-2005,20.36936378479004,20.412818908691406,4211840,20.695274353027344,20.586637496948242,15.097189903259277
04-11-2005,20.157522201538086,20.532318115234375,3369582,20.657251358032227,20.363933563232422,14.933874130249023
07-11-2005,20.39652442932129,20.505159378051758,3111106,20.72243309020996,20.60836410522461,15.113128662109375
08-11-2005,20.61379623413086,20.61379623413086,4992608,21.097230911254883,20.798479080200195,15.252542495727539
09-11-2005,20.597501754760742,20.793046951293945,3149767,20.907115936279297,20.74959373474121,15.216695785522461
10-11-2005,20.74416160583496,20.803911209106445,3940292,21.0048885345459,20.771320343017578,15.232626914978027
11-11-2005,20.651819229125977,20.782184600830078,2171275,20.99945640563965,20.9940242767334,15.395949363708496
14-11-2005,20.651819229125977,20.651819229125977,3901263,21.048343658447266,20.907115936279297,15.332220077514648
15-11-2005,20.923410415649414,20.95056915283203,3342704,21.189571380615234,21.10809326171875,15.479591369628906
16-11-2005,20.700706481933594,21.10809326171875,3235005,21.146116256713867,20.72243309020996,15.19678020477295
17-11-2005,20.662683486938477,20.72243309020996,3437883,21.048343658447266,20.9940242767334,15.395949363708496
18-11-2005,20.793046951293945,21.091798782348633,2559358,21.091798782348633,20.939706802368164,15.356118202209473
21-11-2005,20.814775466918945,20.97772979736328,1722808,21.059207916259766,21.059207916259766,15.443753242492676
22-11-2005,20.923410415649414,21.059207916259766,3075575,21.292776107788086,21.184139251708984,15.53536605834961
23-11-2005,21.075502395629883,21.184139251708984,1888682,21.287343978881836,21.1243896484375,15.491559028625488
25-11-2005,21.080934524536133,21.200435638427734,570710,21.292776107788086,21.22759437561035,15.567233085632324
28-11-2005,21.184139251708984,21.34709358215332,2106104,21.428571701049805,21.2330265045166,15.571220397949219
29-11-2005,21.24388885498047,21.401411056518555,3208127,21.47745704650879,21.292776107788086,15.615036964416504
30-11-2005,20.923410415649414,21.271047592163086,3274771,21.35252571105957,21.097230911254883,15.471638679504395
01-12-2005,21.151548385620117,21.23845672607422,3413582,21.624116897583008,21.466594696044922,15.742510795593262
02-12-2005,21.167844772338867,21.374252319335938,3418185,21.564367294311523,21.50461769104004,15.770394325256348
05-12-2005,21.401411056518555,21.428571701049805,2919090,21.575231552124023,21.461162567138672,15.738520622253418
06-12-2005,21.401411056518555,21.564367294311523,2477066,21.624116897583008,21.48832130432129,15.758439064025879
07-12-2005,20.9940242767334,21.10809326171875,3906234,21.401411056518555,21.146116256713867,15.739039421081543
08-12-2005,20.97229766845703,21.146116256713867,3075575,21.35252571105957,21.167844772338867,15.755207061767578
09-12-2005,20.97772979736328,21.173274993896484,2131878,21.184139251708984,21.053775787353516,15.670304298400879
12-12-2005,20.782184600830078,21.053775787353516,2812680,21.1243896484375,20.945138931274414,15.589447021484375
13-12-2005,20.814775466918945,20.912548065185547,5358046,21.184139251708984,21.086366653442383,15.694563865661621
14-12-2005,20.885387420654297,21.080934524536133,4460927,21.10809326171875,21.01032066345215,15.637964248657227
15-12-2005,20.890819549560547,21.075502395629883,2628212,21.173274993896484,20.99945640563965,15.629878997802734
16-12-2005,20.87995719909668,21.0048885345459,5840573,21.167844772338867,20.917978286743164,15.56923770904541
19-12-2005,19.956544876098633,20.776752471923828,5343134,20.787614822387695,20.586637496948242,15.32261848449707
20-12-2005,20.521455764770508,20.61379623413086,3866100,20.776752471923828,20.62466049194336,15.35091781616211
21-12-2005,20.47256851196289,20.695274353027344,2636496,20.73872947692871,20.575773239135742,15.314534187316895
22-12-2005,20.543182373046875,20.63009262084961,2952780,20.72786521911621,20.651819229125977,15.371129035949707
23-12-2005,20.47256851196289,20.717002868652344,1935259,20.717002868652344,20.61922836303711,15.346879005432129
27-12-2005,20.271591186523438,20.564910888671875,2870487,20.61379623413086,20.353069305419922,15.148770332336426
28-12-2005,20.287887573242188,20.412818908691406,4227488,20.505159378051758,20.401954650878906,15.18515682220459
29-12-2005,20.38022804260254,20.439977645874023,3052562,20.63552474975586,20.49429702758789,15.253885269165039
30-12-2005,20.298751831054688,20.36936378479004,3354118,20.543182373046875,20.450841903686523,15.221541404724121
03-01-2006,20.429115295410156,21.12982177734375,7786510,21.12982177734375,20.836502075195312,15.50859546661377
04-01-2006,20.820205688476562,20.907115936279297,5743000,21.12982177734375,21.1243896484375,15.722868919372559
05-01-2006,20.923410415649414,21.146116256713867,5323436,21.21673011779785,20.939706802368164,15.585407257080078
06-01-2006,20.923410415649414,21.1026611328125,6092605,21.2330265045166,21.064638137817383,15.678393363952637
09-01-2006,20.9940242767334,21.01032066345215,3920778,21.2330265045166,21.097230911254883,15.702653884887695
10-01-2006,20.95600128173828,21.02118492126465,5347737,21.156980514526367,21.086366653442383,15.694563865661621
11-01-2006,20.96143341064453,21.042911529541016,4720324,21.12982177734375,21.080934524536133,15.690520286560059
12-01-2006,20.711570739746094,21.080934524536133,5093863,21.086366653442383,20.912548065185547,15.565193176269531
13-01-2006,20.689842224121094,20.97772979736328,3844560,21.156980514526367,20.73872947692871,15.435811996459961
17-01-2006,20.61379623413086,20.61379623413086,4846617,20.98859214782715,20.945138931274414,15.589447021484375
18-01-2006,20.96686553955078,20.97229766845703,4310886,21.439434051513672,21.2221622467041,15.795641899108887
19-01-2006,21.1026611328125,21.25475311279297,4326166,21.537208557128906,21.417707443237305,15.941177368164062
20-01-2006,20.85822868347168,21.33079719543457,4629747,21.390548706054688,20.99945640563965,15.629878997802734
23-01-2006,20.803911209106445,21.02118492126465,3600444,21.162412643432617,20.85279655456543,15.520710945129395
24-01-2006,20.85822868347168,20.912548065185547,3582770,21.064638137817383,20.890819549560547,15.549017906188965
25-01-2006,20.597501754760742,20.98316192626953,5452490,20.98316192626953,20.755023956298828,15.447942733764648
26-01-2006,20.23900032043457,20.537750244140625,6382747,20.755023956298828,20.63009262084961,15.354952812194824
27-01-2006,20.331342697143555,20.695274353027344,7823698,20.700706481933594,20.450841903686523,15.221541404724121
30-01-2006,19.85334014892578,20.353069305419922,6764386,20.358501434326172,20.016294479370117,14.898117065429688
31-01-2006,19.91852378845215,19.934818267822266,7357557,20.195545196533203,20.016294479370117,14.898117065429688
01-02-2006,19.636066436767578,20.054317474365234,6195701,20.076045989990234,19.793590545654297,14.73234748840332
02-02-2006,19.782726287841797,19.85877227783203,6364889,20.021726608276367,19.809886932373047,14.74448299407959
03-02-2006,19.462249755859375,19.826181411743164,6576604,19.929386138916016,19.565454483032227,14.562546730041504
06-02-2006,19.190656661987305,19.52743148803711,7081775,19.62520408630371,19.25583839416504,14.332101821899414
07-02-2006,19.076589584350586,19.228679656982422,8383362,19.592613220214844,19.478544235229492,14.4978609085083
08-02-2006,19.36990737915039,19.429658889770508,5297846,19.782726287841797,19.679521560668945,14.647453308105469
09-02-2006,19.978273391723633,20.61379623413086,11138234,20.61379623413086,20.342205047607422,15.1406888961792
10-02-2006,19.88050079345703,20.206409454345703,5336875,20.347637176513672,20.14122772216797,14.991095542907715
13-02-2006,19.88593292236328,20.0977725982666,3274587,20.14665985107422,19.978273391723633,14.869804382324219
14-02-2006,19.809886932373047,19.923954010009766,5426163,20.418251037597656,20.304182052612305,15.112387657165527
15-02-2006,20.505159378051758,20.64095687866211,8194843,21.200435638427734,20.73329734802246,15.431775093078613
16-02-2006,20.461706161499023,20.60836410522461,6024120,20.86909294128418,20.86909294128418,15.532846450805664
17-02-2006,20.678979873657227,20.814775466918945,5062934,20.934274673461914,20.820205688476562,15.496465682983398
21-02-2006,20.510591506958008,20.782184600830078,4262651,20.890819549560547,20.592069625854492,15.326662063598633
22-02-2006,20.646387100219727,20.706138610839844,12786850,20.912548065185547,20.907115936279297,15.561150550842285
23-02-2006,20.72243309020996,20.793046951293945,4411957,20.95056915283203,20.73329734802246,15.431775093078613
24-02-2006,20.575773239135742,20.575773239135742,4603789,20.96686553955078,20.917978286743164,15.56923770904541
27-02-2006,20.782184600830078,20.803911209106445,6045476,21.2221622467041,20.890819549560547,15.549017906188965
28-02-2006,20.423683166503906,20.689842224121094,6484738,20.755023956298828,20.559478759765625,15.30240535736084
01-03-2006,20.39652442932129,20.49429702758789,4131020,20.760456085205078,20.706138610839844,15.4115571975708
02-03-2006,20.48886489868164,20.516023635864258,4643923,20.814775466918945,20.678979873657227,15.391348838806152
03-03-2006,20.586637496948242,20.586637496948242,5006415,20.923410415649414,20.912548065185547,15.565193176269531
06-03-2006,20.776752471923828,20.836502075195312,5436105,21.059207916259766,20.96143341064453,15.601581573486328
07-03-2006,20.668115615844727,21.032047271728516,4381212,21.12982177734375,20.798479080200195,15.480287551879883
08-03-2006,20.646387100219727,20.85822868347168,3169834,20.97772979736328,20.97229766845703,15.609657287597656
09-03-2006,20.717002868652344,20.890819549560547,3713481,20.99945640563965,20.765888214111328,15.456028938293457
10-03-2006,20.646387100219727,20.771320343017578,4162133,20.907115936279297,20.798479080200195,15.480287551879883
13-03-2006,20.668115615844727,20.793046951293945,4918416,21.097230911254883,20.928842544555664,15.577316284179688
14-03-2006,20.755023956298828,20.847366333007812,4612994,20.9940242767334,20.831069946289062,15.504546165466309
15-03-2006,20.64095687866211,20.798479080200195,3892795,20.85822868347168,20.787614822387695,15.472204208374023
16-03-2006,20.706138610839844,20.793046951293945,3802033,20.86366081237793,20.782184600830078,15.468160629272461
17-03-2006,20.74416160583496,20.85279655456543,5916054,20.99945640563965,20.99945640563965,15.629878997802734
20-03-2006,20.86909294128418,21.080934524536133,2794638,21.080934524536133,20.917978286743164,15.56923770904541
21-03-2006,20.689842224121094,20.912548065185547,3938267,21.042911529541016,20.890819549560547,15.549017906188965
22-03-2006,20.87452507019043,20.96686553955078,3126202,21.086366653442383,20.96143341064453,15.601581573486328
23-03-2006,20.86366081237793,20.896251678466797,4181463,21.156980514526367,21.086366653442383,15.694563865661621
24-03-2006,20.934274673461914,20.98859214782715,2065602,21.10809326171875,21.053775787353516,15.670304298400879
27-03-2006,20.923410415649414,20.96686553955078,3996811,21.26018524169922,21.189571380615234,15.771380424499512
28-03-2006,20.934274673461914,21.184139251708984,5928941,21.444866180419922,20.9940242767334,15.625835418701172
29-03-2006,20.912548065185547,21.02118492126465,3584243,21.178707122802734,20.97229766845703,15.609657287597656
30-03-2006,20.782184600830078,20.85822868347168,4844223,20.99945640563965,20.87995719909668,15.540934562683105
31-03-2006,20.825637817382812,20.885387420654297,5337611,21.12982177734375,21.080934524536133,15.690520286560059
03-04-2006,20.912548065185547,21.02118492126465,4175204,21.21673011779785,20.945138931274414,15.589447021484375
04-04-2006,20.74959373474121,21.162412643432617,3500477,21.162412643432617,20.847366333007812,15.516679763793945
05-04-2006,20.418251037597656,20.831069946289062,6185576,20.831069946289062,20.47256851196289,15.23770809173584
06-04-2006,20.190113067626953,20.39109230041504,4433496,20.456274032592773,20.331342697143555,15.132603645324707
07-04-2006,20.11406707763672,20.331342697143555,4343655,20.47800064086914,20.152090072631836,14.999181747436523
10-04-2006,19.831613540649414,20.13036346435547,6016572,20.173818588256836,20.00543212890625,14.890024185180664
11-04-2006,19.820749282836914,19.972841262817383,5264892,20.09234046936035,19.923954010009766,14.829380989074707
12-04-2006,20.00543212890625,20.00543212890625,4240928,20.222705841064453,20.14122772216797,14.991095542907715
13-04-2006,19.695817947387695,20.032590866088867,5350682,20.1086368560791,19.826181411743164,14.756611824035645
17-04-2006,19.554590225219727,19.777294158935547,4699521,19.88050079345703,19.717544555664062,14.675748825073242
18-04-2006,19.809886932373047,19.809886932373047,5734531,20.070613861083984,20.038022994995117,14.91428279876709
19-04-2006,19.972841262817383,19.972841262817383,4240191,20.287887573242188,20.11406707763672,14.970879554748535
20-04-2006,20.74959373474121,20.85822868347168,7892919,21.173274993896484,20.917978286743164,15.56923770904541
21-04-2006,20.765888214111328,21.059207916259766,5564054,21.178707122802734,20.945138931274414,15.589447021484375
24-04-2006,20.825637817382812,20.945138931274414,4664174,21.173274993896484,21.075502395629883,15.686480522155762
25-04-2006,20.776752471923828,21.026615142822266,4460007,21.086366653442383,20.85822868347168,15.524758338928223
26-04-2006,20.570341110229492,20.782184600830078,5513427,20.912548065185547,20.646387100219727,15.367086410522461
27-04-2006,20.39652442932129,20.64095687866211,6065911,20.678979873657227,20.575773239135742,15.314534187316895
28-04-2006,20.342205047607422,20.581205368041992,6183367,20.646387100219727,20.47800064086914,15.241759300231934
01-05-2006,20.206409454345703,20.63552474975586,5775769,20.706138610839844,20.277023315429688,15.092168807983398
02-05-2006,20.11949920654297,20.24443244934082,5194382,20.401954650878906,20.211841583251953,15.043652534484863
03-05-2006,20.12493133544922,20.211841583251953,4545429,20.46713638305664,20.179250717163086,15.019397735595703
04-05-2006,20.298751831054688,20.298751831054688,7233657,20.72786521911621,20.706138610839844,15.4115571975708
05-05-2006,20.651819229125977,20.73329734802246,4190484,20.896251678466797,20.74416160583496,15.439859390258789
08-05-2006,20.64095687866211,20.646387100219727,4068058,21.026615142822266,20.9940242767334,15.625835418701172
09-05-2006,20.912548065185547,20.9940242767334,6020254,21.319934844970703,21.146116256713867,15.739039421081543
10-05-2006,20.695274353027344,21.0157527923584,4284191,21.048343658447266,20.793046951293945,15.476238250732422
11-05-2006,20.521455764770508,20.72243309020996,2935843,20.836502075195312,20.73872947692871,15.435811996459961
12-05-2006,20.570341110229492,20.673547744750977,4254367,20.787614822387695,20.657251358032227,15.375168800354004
15-05-2006,20.564910888671875,20.592069625854492,4320827,20.95600128173828,20.706138610839844,15.4115571975708
16-05-2006,20.526887893676758,20.63552474975586,4292107,20.755023956298828,20.564910888671875,15.306438446044922
17-05-2006,20.065181732177734,20.429115295410156,6913691,20.554046630859375,20.09234046936035,14.954720497131348
18-05-2006,19.576316833496094,19.576316833496094,7699430,20.25529670715332,20.059749603271484,14.930456161499023
19-05-2006,19.75013542175293,20.043455123901367,7354795,20.0977725982666,19.86420440673828,14.784912109375
22-05-2006,19.847909927368164,19.86420440673828,7053239,20.13579559326172,20.043455123901367,14.918330192565918
23-05-2006,19.799022674560547,20.076045989990234,3682368,20.195545196533203,19.804454803466797,14.740439414978027
24-05-2006,19.63063621520996,19.722976684570312,4621646,20.13579559326172,20.027158737182617,14.906193733215332
25-05-2006,20.032590866088867,20.266159057617188,4693077,20.38566017150879,20.336772918701172,15.136641502380371
26-05-2006,20.532318115234375,20.586637496948242,5570866,20.901683807373047,20.820205688476562,15.496465682983398
30-05-2006,20.39652442932129,20.74959373474121,4232091,20.74959373474121,20.47256851196289,15.23770809173584
31-05-2006,20.445409774780273,20.48343276977539,5650397,20.73872947692871,20.47800064086914,15.241759300231934
01-06-2006,20.49429702758789,20.532318115234375,2823910,20.803911209106445,20.73329734802246,15.431775093078613
02-06-2006,20.564910888671875,20.700706481933594,2965299,20.885387420654297,20.700706481933594,15.407522201538086
05-06-2006,20.358501434326172,20.61922836303711,3655858,20.706138610839844,20.407386779785156,15.189194679260254
06-06-2006,20.26072883605957,20.48343276977539,3759874,20.63552474975586,20.429115295410156,15.20536994934082
07-06-2006,20.418251037597656,20.532318115234375,5307971,20.825637817382812,20.717002868652344,15.41965103149414
08-06-2006,20.461706161499023,20.85279655456543,4735788,20.896251678466797,20.505159378051758,15.261975288391113
09-06-2006,20.222705841064453,20.48886489868164,4691604,20.673547744750977,20.559478759765625,15.30240535736084
12-06-2006,20.423683166503906,20.61922836303711,4261179,20.689842224121094,20.592069625854492,15.326662063598633
13-06-2006,20.24443244934082,20.548614501953125,5312574,20.814775466918945,20.277023315429688,15.092168807983398
14-06-2006,20.298751831054688,20.336772918701172,4014853,20.581205368041992,20.499727249145508,15.257933616638184
15-06-2006,20.505159378051758,20.592069625854492,4476760,21.026615142822266,20.97229766845703,15.609657287597656
16-06-2006,20.564910888671875,20.85822868347168,4951554,21.048343658447266,20.64095687866211,15.36304759979248
19-06-2006,20.38022804260254,20.63009262084961,2880245,20.798479080200195,20.46713638305664,15.233665466308594
20-06-2006,20.0977725982666,20.423683166503906,4718483,20.46713638305664,20.168386459350586,15.011311531066895
21-06-2006,20.24986457824707,20.25529670715332,4782366,20.651819229125977,20.575773239135742,15.314534187316895
22-06-2006,20.195545196533203,20.47800064086914,2301250,20.526887893676758,20.407386779785156,15.189194679260254
23-06-2006,20.184682846069336,20.24443244934082,4250133,20.363933563232422,20.23356819152832,15.059834480285645
26-06-2006,19.87506866455078,19.929386138916016,3407691,20.206409454345703,20.016294479370117,14.898117065429688
27-06-2006,19.641498565673828,19.923954010009766,4147773,20.076045989990234,19.684953689575195,14.651491165161133
28-06-2006,19.641498565673828,19.74470329284668,2848027,19.88050079345703,19.717544555664062,14.675748825073242
29-06-2006,19.60890769958496,19.77186393737793,2864044,20.14122772216797,20.059749603271484,14.930456161499023
30-06-2006,19.63063621520996,20.043455123901367,8832382,20.043455123901367,19.967409133911133,14.861729621887207
03-07-2006,19.88050079345703,20.027158737182617,2661534,20.1086368560791,19.956544876098633,14.8536376953125
05-07-2006,19.940250396728516,19.956544876098633,6137710,20.179250717163086,20.048885345458984,14.922361373901367
06-07-2006,19.8913631439209,20.054317474365234,3871991,20.09234046936035,19.961977005004883,14.85767936706543
07-07-2006,19.684953689575195,19.923954010009766,5488757,19.967409133911133,19.788158416748047,14.728306770324707
10-07-2006,19.76643180847168,19.826181411743164,3570804,19.9022274017334,19.809886932373047,14.74448299407959
11-07-2006,19.76643180847168,19.826181411743164,4525178,20.027158737182617,20.0,14.885982513427734
12-07-2006,19.89679527282715,19.9891357421875,2741065,20.0977725982666,19.91852378845215,14.82534122467041
13-07-2006,19.9891357421875,20.016294479370117,7415732,20.217273712158203,20.0977725982666,14.958747863769531
14-07-2006,19.88050079345703,20.070613861083984,9513736,20.695274353027344,20.548614501953125,15.294315338134766
17-07-2006,20.505159378051758,20.554046630859375,5141177,20.885387420654297,20.668115615844727,15.383260726928711
18-07-2006,20.564910888671875,20.73329734802246,4573596,20.776752471923828,20.73872947692871,15.435811996459961
19-07-2006,20.700706481933594,20.776752471923828,5843702,21.086366653442383,20.95600128173828,15.5975341796875
20-07-2006,21.72732162475586,21.72732162475586,14441909,22.514938354492188,21.906572341918945,16.305044174194336
21-07-2006,22.09125518798828,22.161869049072266,9869601,22.672460556030273,22.525800704956055,16.76593589782715
24-07-2006,22.47691535949707,22.498641967773438,8899394,22.71591567993164,22.48234748840332,16.73359489440918
25-07-2006,22.194459915161133,22.297664642333984,6736771,22.819120407104492,22.732210159301758,16.919565200805664
26-07-2006,22.569255828857422,22.650733947753906,5268022,22.781097412109375,22.69961929321289,16.895307540893555
27-07-2006,22.498641967773438,22.667028427124023,5652606,22.748506546020508,22.667028427124023,16.87104606628418
28-07-2006,22.558391571044922,22.677892684936523,4454484,22.829984664916992,22.650733947753906,16.858922958374023
31-07-2006,22.433460235595703,22.487777709960938,8381521,22.86257553100586,22.813688278198242,16.980207443237305
01-08-2006,22.71591567993164,22.813688278198242,9061954,23.313417434692383,23.269962310791016,17.319814682006836
02-08-2006,22.992938995361328,23.08527946472168,6365073,23.351438522338867,23.014665603637695,17.129796981811523
03-08-2006,22.72677993774414,22.813688278198242,3865732,22.992938995361328,22.829984664916992,16.992338180541992
04-08-2006,22.406301498413086,22.829984664916992,8320031,22.96034812927246,22.509506225585938,16.753807067871094
07-08-2006,22.509506225585938,22.59098243713379,5008441,22.71048355102539,22.645301818847656,16.854883193969727
08-08-2006,22.786529541015625,22.813688278198242,5416406,23.23737144470215,23.041824340820312,17.15001106262207
09-08-2006,22.808256149291992,23.139598846435547,2873249,23.177621841430664,22.813688278198242,16.980207443237305
10-08-2006,22.69418716430664,22.72677993774414,5008993,23.307985305786133,23.24823570251465,17.303640365600586
11-08-2006,23.014665603637695,23.139598846435547,4596977,23.31884765625,23.286256790161133,17.33194351196289
14-08-2006,23.307985305786133,23.356870651245117,6098497,23.671916961669922,23.411190032958984,17.424924850463867
15-08-2006,23.34600830078125,23.601303100585938,4386919,23.623031616210938,23.378599166870117,17.400667190551758
16-08-2006,23.07984733581543,23.44921112060547,4992424,23.45464324951172,23.107006072998047,17.198522567749023
17-08-2006,23.058120727539062,23.123302459716797,5476055,23.4274845123291,23.42205238342285,17.433013916015625
18-08-2006,23.307985305786133,23.47093963623047,2855391,23.503530502319336,23.47637176513672,17.473438262939453
21-08-2006,23.33514404296875,23.400325775146484,2540396,23.650190353393555,23.492666244506836,17.485570907592773
22-08-2006,23.389461517333984,23.46007537841797,4605262,23.753395080566406,23.59587287902832,17.562387466430664
23-08-2006,23.19391632080078,23.525257110595703,2252464,23.56871223449707,23.253665924072266,17.30768585205078
24-08-2006,23.259098052978516,23.3297119140625,6412755,23.95437240600586,23.688213348388672,17.63111114501953
25-08-2006,23.389461517333984,23.508962631225586,3123625,23.699077606201172,23.48180389404297,17.477481842041016
28-08-2006,23.46550750732422,23.546985626220703,5541778,24.133623123168945,24.003259658813477,17.865602493286133
29-08-2006,23.97066879272461,23.992395401000977,5592222,24.3346004486084,24.29114532470703,18.079877853393555
30-08-2006,24.171646118164062,24.32916831970215,5185913,24.383487701416016,24.242259979248047,18.043493270874023
31-08-2006,24.08473777770996,24.133623123168945,5325277,24.258554458618164,24.106464385986328,17.942420959472656
01-09-2006,24.20423698425293,24.28028106689453,4414718,24.4541015625,24.421510696411133,18.176908493041992
05-09-2006,24.32916831970215,24.421510696411133,3941213,24.660511016845703,24.57903289794922,18.29415512084961
06-09-2006,24.019554138183594,24.416078567504883,5150198,24.4649658203125,24.133623123168945,17.962635040283203
07-09-2006,23.82400894165039,24.155349731445312,3901263,24.19880485534668,23.82400894165039,17.732179641723633
08-09-2006,23.688213348388672,23.764259338378906,4578935,23.872894287109375,23.796850204467773,17.711977005004883
11-09-2006,23.4383487701416,23.655622482299805,3011508,24.20966911315918,24.166213989257812,17.986888885498047
12-09-2006,24.155349731445312,24.155349731445312,3275323,24.54644203186035,24.432373046875,18.184993743896484
13-09-2006,24.20966911315918,24.3454647064209,2707743,24.432373046875,24.399782180786133,18.160736083984375
14-09-2006,24.133623123168945,24.30744171142578,3401063,24.4649658203125,24.4432373046875,18.19308090209961
15-09-2006,24.475828170776367,24.524715423583984,5337059,24.769147872924805,24.747419357299805,18.419479370117188
18-09-2006,24.530147552490234,24.68766975402832,4729713,24.780010223388672,24.714828491210938,18.395225524902344
19-09-2006,24.3454647064209,24.714828491210938,2983525,24.769147872924805,24.5518741607666,18.273942947387695
20-09-2006,24.524715423583984,24.530147552490234,2134640,24.714828491210938,24.627920150756836,18.330537796020508
21-09-2006,24.43780517578125,24.633350372314453,2429568,24.741987228393555,24.45953369140625,18.205209732055664
22-09-2006,24.416078567504883,24.5518741607666,3999573,24.736555099487305,24.68223762512207,18.3709659576416
25-09-2006,24.475828170776367,24.67137336730957,4158083,24.714828491210938,24.66594123840332,18.35883331298828
26-09-2006,24.416078567504883,24.68223762512207,4578751,24.68223762512207,24.58989715576172,18.30223846435547
27-09-2006,24.432373046875,24.58446502685547,3719925,24.714828491210938,24.59532928466797,18.306272506713867
28-09-2006,24.19337272644043,24.67137336730957,4234484,24.67680549621582,24.405214309692383,18.16478157043457
29-09-2006,24.399782180786133,24.54644203186035,3485197,24.698532104492188,24.69310188293457,18.379053115844727
02-10-2006,24.3346004486084,24.3346004486084,3179591,24.769147872924805,24.5410099029541,18.26584815979004
03-10-2006,24.388919830322266,24.486692428588867,2913935,24.709396362304688,24.56816864013672,18.286062240600586
04-10-2006,24.225963592529297,24.502988815307617,4751989,24.5410099029541,24.45953369140625,18.205209732055664
05-10-2006,24.30200958251953,24.3454647064209,3757113,24.600759506225586,24.30744171142578,18.092008590698242
06-10-2006,24.28028106689453,24.30744171142578,4826366,25.127647399902344,24.899511337280273,18.532684326171875
09-10-2006,24.655078887939453,24.866920471191406,2229635,24.894079208374023,24.769147872924805,18.43565559387207
10-10-2006,24.481260299682617,24.736555099487305,2484982,24.736555099487305,24.622488021850586,18.326499938964844
11-10-2006,24.481260299682617,24.492124557495117,2293702,24.915807723999023,24.790874481201172,18.451828002929688
12-10-2006,24.720260620117188,24.83976173400879,2926085,25.089624404907227,25.013580322265625,18.617586135864258
13-10-2006,24.725692749023438,24.877784729003906,2975977,25.105920791625977,24.964693069458008,18.58119773864746
16-10-2006,24.747419357299805,24.980989456176758,2270137,25.046171188354492,24.899511337280273,18.532684326171875
17-10-2006,24.171646118164062,24.660511016845703,2678287,25.002716064453125,24.986419677734375,18.597368240356445
18-10-2006,24.991851806640625,25.05703353881836,7552150,25.524171829223633,25.469852447509766,18.957189559936523
19-10-2006,23.97610092163086,25.366649627685547,11563321,25.366649627685547,24.410646438598633,18.16883087158203
20-10-2006,23.900054931640625,24.47039794921875,7961589,25.07332992553711,24.986419677734375,18.597368240356445
23-10-2006,24.861488342285156,24.93210220336914,6862143,25.79576301574707,25.643672943115234,19.086565017700195
24-10-2006,25.105920791625977,25.497011184692383,5028139,25.55133056640625,25.274307250976562,18.8116397857666
25-10-2006,24.997283935546875,25.366649627685547,4476576,25.366649627685547,25.122215270996094,18.698442459106445
26-10-2006,24.991851806640625,25.084192276000977,4457613,25.388376235961914,25.33405876159668,18.85611343383789
27-10-2006,25.040739059448242,25.268875122070312,3819707,25.285171508789062,25.17110252380371,18.73482894897461
30-10-2006,25.013580322265625,25.230852127075195,2963826,25.290603637695312,25.127647399902344,18.702484130859375
31-10-2006,24.883216857910156,25.225421905517578,3993129,25.252580642700195,24.970125198364258,18.58523941040039
01-11-2006,24.763715744018555,25.040739059448242,6034982,25.17653465270996,24.796306610107422,18.455867767333984
02-11-2006,24.617055892944336,24.68766975402832,4716458,25.105920791625977,24.94839859008789,18.56906509399414
03-11-2006,24.807170867919922,24.964693069458008,2649383,25.122215270996094,24.83976173400879,18.488210678100586
06-11-2006,25.040739059448242,25.040739059448242,4435153,25.507875442504883,25.40467071533203,18.908668518066406
07-11-2006,25.241716384887695,25.366649627685547,3475256,25.52960205078125,25.274307250976562,18.8116397857666
08-11-2006,24.877784729003906,25.274307250976562,4026451,25.274307250976562,24.899511337280273,18.532684326171875
09-11-2006,24.513851165771484,24.959260940551758,4770952,25.05703353881836,24.55730628967285,18.277976989746094
10-11-2006,24.383487701416016,24.5518741607666,3152713,24.703964233398438,24.524715423583984,18.253732681274414
13-11-2006,24.35089683532715,24.4432373046875,3520360,24.67137336730957,24.4541015625,18.201160430908203
14-11-2006,24.372623443603516,24.4432373046875,3461080,24.698532104492188,24.638782501220703,18.338623046875
15-11-2006,24.519283294677734,24.638782501220703,2565434,24.780010223388672,24.649646759033203,18.346710205078125
16-11-2006,24.58446502685547,24.698532104492188,4072292,25.16023826599121,25.06246566772461,18.65397071838379
17-11-2006,24.866920471191406,25.002716064453125,3485749,25.16023826599121,25.05160140991211,18.6458797454834
20-11-2006,24.622488021850586,24.92667007446289,3159340,25.06246566772461,24.720260620117188,18.39927864074707
21-11-2006,24.3346004486084,24.617055892944336,6327333,24.731124877929688,24.388919830322266,18.152650833129883
22-11-2006,23.900054931640625,24.43780517578125,6128689,24.4432373046875,24.117328643798828,17.95050621032715
24-11-2006,24.003259658813477,24.06300926208496,904299,24.215099334716797,24.117328643798828,17.95050621032715
27-11-2006,23.655622482299805,24.003259658813477,5099018,24.171646118164062,23.661054611206055,17.610897064208984
28-11-2006,23.56328010559082,23.661054611206055,5560188,24.06300926208496,24.041282653808594,17.893903732299805
29-11-2006,23.95980453491211,24.041282653808594,2975240,24.383487701416016,24.3346004486084,18.112228393554688
30-11-2006,23.95980453491211,24.3346004486084,4238534,24.421510696411133,24.30200958251953,18.087963104248047
01-12-2006,24.166213989257812,24.43780517578125,3260411,24.513851165771484,24.35089683532715,18.12435531616211
04-12-2006,24.432373046875,24.513851165771484,3485565,24.714828491210938,24.622488021850586,18.326499938964844
05-12-2006,24.4432373046875,24.59532928466797,2709400,24.714828491210938,24.622488021850586,18.326499938964844
06-12-2006,24.20966911315918,24.4432373046875,3056428,24.5518741607666,24.378055572509766,18.38055419921875
07-12-2006,24.30200958251953,24.486692428588867,2495291,24.655078887939453,24.3237361907959,18.339599609375
08-12-2006,24.052146911621094,24.432373046875,3228746,24.763715744018555,24.5410099029541,18.503421783447266
11-12-2006,24.090167999267578,24.5518741607666,4464977,24.5518741607666,24.166213989257812,18.22083854675293
12-12-2006,24.06300926208496,24.225963592529297,4356542,24.274850845336914,24.160781860351562,18.216737747192383
13-12-2006,24.394350051879883,24.4432373046875,4646684,24.709396362304688,24.44866943359375,18.43380355834961
14-12-2006,24.57360076904297,24.709396362304688,8526407,26.366104125976562,25.06246566772461,18.896581649780273
15-12-2006,25.138511657714844,25.17653465270996,6243752,25.366649627685547,25.285171508789062,19.06450080871582
18-12-2006,24.991851806640625,25.214557647705078,3451875,25.285171508789062,25.122215270996094,18.941631317138672
19-12-2006,25.046171188354492,25.122215270996094,3668008,25.274307250976562,25.247148513793945,19.03583335876465
20-12-2006,25.035306930541992,25.279739379882812,4235957,25.393808364868164,25.18196678161621,18.9866886138916
21-12-2006,25.105920791625977,25.18739891052246,3659540,25.388376235961914,25.290603637695312,19.06859588623047
22-12-2006,24.953828811645508,25.258012771606445,2754136,25.290603637695312,25.105920791625977,18.929351806640625
26-12-2006,24.975557327270508,25.05160140991211,2294622,25.214557647705078,25.17653465270996,18.982595443725586
27-12-2006,25.18196678161621,25.209125518798828,3763556,25.475284576416016,25.399240493774414,19.150510787963867
28-12-2006,25.268875122070312,25.45355796813965,3193767,25.469852447509766,25.32862663269043,19.097265243530273
29-12-2006,25.122215270996094,25.258012771606445,3047776,25.32319450378418,25.198261260986328,18.998971939086914
03-01-2007,25.17653465270996,25.203693389892578,4478785,25.388376235961914,25.258012771606445,19.044034957885742
04-01-2007,25.127647399902344,25.247148513793945,5692740,25.5458984375,25.518739700317383,19.240612030029297
05-01-2007,25.230852127075195,25.43183135986328,5952689,25.52960205078125,25.41553497314453,19.162796020507812
08-01-2007,25.236284255981445,25.350353240966797,3136144,25.518739700317383,25.475284576416016,19.207843780517578
09-01-2007,25.16567039489746,25.475284576416016,4819370,25.513307571411133,25.16567039489746,18.97439956665039
10-01-2007,25.024442672729492,25.122215270996094,5843334,25.43183135986328,25.41010284423828,19.15869903564453
11-01-2007,25.31776237487793,25.46442222595215,5546381,25.583921432495117,25.583921432495117,19.289758682250977
12-01-2007,25.41010284423828,25.46442222595215,3690653,25.882671356201172,25.828353881835938,19.474058151245117
16-01-2007,25.828353881835938,25.860944747924805,4163790,26.072786331176758,25.964149475097656,19.576440811157227
17-01-2007,25.855512619018555,25.855512619018555,5588171,26.382400512695312,26.27919578552246,19.813974380493164
18-01-2007,26.28462791442871,26.382400512695312,5869844,26.724605560302734,26.626832962036133,20.07608985900879
19-01-2007,26.252037048339844,26.605106353759766,7882978,26.621400833129883,26.54535675048828,20.0146541595459
22-01-2007,26.02389907836914,26.480173110961914,5213712,26.53449249267578,26.061922073364258,19.650156021118164
23-01-2007,25.882671356201172,26.072786331176758,4857663,26.17055892944336,26.105377197265625,19.682920455932617
24-01-2007,25.866376876831055,26.127105712890625,6785558,26.154264450073242,26.154264450073242,19.719783782958984
25-01-2007,26.41499137878418,26.41499137878418,10307023,27.14828872680664,26.947311401367188,20.317724227905273
26-01-2007,25.638240814208984,26.349809646606445,7773623,26.724605560302734,26.480173110961914,19.96550941467285
29-01-2007,26.203149795532227,26.42585563659668,5079319,26.480173110961914,26.311786651611328,19.83855438232422
30-01-2007,26.344377517700195,26.398696899414062,6639567,26.892993927001953,26.865833282470703,20.256288528442383
31-01-2007,26.724605560302734,26.871265411376953,5212423,27.017925262451172,26.974470138549805,20.33819580078125
01-02-2007,26.882129669189453,27.099401473999023,7272871,27.332971572875977,27.327539443969727,20.60441017150879
02-02-2007,27.017925262451172,27.13199234008789,4681663,27.246061325073242,27.023357391357422,20.37506675720215
05-02-2007,26.7680606842041,26.91472053527832,4649261,27.197174072265625,27.15372085571289,20.473346710205078
06-02-2007,26.637697219848633,27.104833602905273,6404655,27.15915298461914,26.865833282470703,20.256288528442383
07-02-2007,26.833242416381836,26.865833282470703,3212177,26.974470138549805,26.969039916992188,20.334104537963867
08-02-2007,26.892993927001953,27.05051612854004,6507935,27.093971252441406,27.03965187072754,20.387344360351562
09-02-2007,26.958175659179688,27.077674865722656,3162838,27.164583206176758,27.023357391357422,20.37506675720215
12-02-2007,26.92558479309082,27.034221649169922,3975271,27.13742446899414,27.104833602905273,20.43648910522461
13-02-2007,26.892993927001953,27.104833602905273,4607471,27.13199234008789,27.126562118530273,20.452877044677734
14-02-2007,26.974470138549805,27.121129989624023,4295974,27.327539443969727,27.30581283569336,20.588022232055664
15-02-2007,27.110265731811523,27.208038330078125,3327792,27.419879913330078,27.376426696777344,20.641271591186523
16-02-2007,27.017925262451172,27.104833602905273,5402783,27.41444969177246,27.40901756286621,20.66583251953125
20-02-2007,27.197174072265625,27.267789840698242,3086805,27.53938102722168,27.506790161132812,20.73956298828125
21-02-2007,27.39815330505371,27.54481315612793,4938667,27.696903228759766,27.485061645507812,20.723173141479492
22-02-2007,27.251493453979492,27.370994567871094,5349026,27.479631423950195,27.327539443969727,20.60441017150879
23-02-2007,26.876697540283203,27.452470779418945,3047960,27.452470779418945,27.05594825744629,20.399635314941406
26-02-2007,27.001630783081055,27.15915298461914,4329112,27.262357711791992,27.240629196166992,20.538877487182617
27-02-2007,26.127105712890625,27.213470458984375,7793505,27.376426696777344,26.6702880859375,20.108856201171875
28-02-2007,26.507333755493164,26.5616512298584,6574027,27.197174072265625,27.164583206176758,20.481544494628906
01-03-2007,26.398696899414062,26.724605560302734,8654725,27.093971252441406,26.936447143554688,20.309528350830078
02-03-2007,26.51819610595703,26.936447143554688,5359151,26.996198654174805,26.51819610595703,19.994171142578125
05-03-2007,26.27376365661621,26.328083038330078,5453963,26.610538482666016,26.344377517700195,19.863126754760742
06-03-2007,26.208581924438477,26.42585563659668,6867298,26.51819610595703,26.355241775512695,19.871307373046875
07-03-2007,26.208581924438477,26.29006004333496,7757238,26.648561477661133,26.53449249267578,20.075979232788086
08-03-2007,26.735469818115234,26.7680606842041,6569424,27.15372085571289,26.985334396362305,20.417098999023438
09-03-2007,26.952743530273438,27.13199234008789,6134028,27.208038330078125,27.14828872680664,20.540376663208008
12-03-2007,27.126562118530273,27.349266052246094,7476853,27.561107635498047,27.38728904724121,20.721202850341797
13-03-2007,27.093971252441406,27.365562438964844,7891631,27.506790161132812,27.13199234008789,20.528043746948242
14-03-2007,27.14828872680664,27.224334716796875,7027281,27.593698501586914,27.561107635498047,20.852710723876953
15-03-2007,27.376426696777344,27.479631423950195,9219176,27.941335678100586,27.816404342651367,21.045881271362305
16-03-2007,27.62628936767578,27.832700729370117,6719098,28.196632385253906,27.89788246154785,21.107526779174805
19-03-2007,27.90331268310547,27.935903549194336,6283333,28.294404983520508,28.27811050415039,21.39520263671875
20-03-2007,27.968494415283203,28.245519638061523,5546565,28.365018844604492,28.28354263305664,21.399316787719727
21-03-2007,27.89788246154785,28.234655380249023,6225894,28.424768447875977,28.413904190063477,21.497934341430664
22-03-2007,28.359586715698242,28.560565948486328,5228808,28.609451293945312,28.587724685668945,21.629451751708984
23-03-2007,28.441064834594727,28.51711082458496,5128474,28.625747680664062,28.544269561767578,21.596574783325195
26-03-2007,28.441064834594727,28.620315551757812,5261762,28.815860748291016,28.815860748291016,21.802061080932617
27-03-2007,28.604019165039062,28.625747680664062,4983587,28.9951114654541,28.826725006103516,21.81028175354004
28-03-2007,28.51711082458496,28.77240562438965,4033447,28.815860748291016,28.65833854675293,21.682884216308594
29-03-2007,28.73438262939453,28.78326988220215,3694887,28.957088470458984,28.908201217651367,21.871915817260742
30-03-2007,28.435632705688477,28.962520599365234,5878313,29.076589584350586,28.609451293945312,21.645893096923828
02-04-2007,28.50081443786621,28.73438262939453,5058332,28.799564361572266,28.680065155029297,21.699323654174805
03-04-2007,28.707223892211914,28.7887020111084,6371149,29.331884384155273,29.299293518066406,22.16782569885254
04-04-2007,29.03313446044922,29.244976043701172,4263756,29.326452255249023,29.212385177612305,22.10207748413086
05-04-2007,29.065725326538086,29.25040626525879,3761531,29.407930374145508,29.353612899780273,22.20891761779785
09-04-2007,29.25040626525879,29.331884384155273,4968307,29.576316833496094,29.53286361694336,22.344547271728516
10-04-2007,29.50570297241211,29.53286361694336,4831336,29.75013542175293,29.62520408630371,22.414405822753906
11-04-2007,29.244976043701172,29.598045349121094,5931886,29.62520408630371,29.321020126342773,22.184263229370117
12-04-2007,29.293861389160156,29.331884384155273,6167718,29.52199935913086,29.39163589477539,22.237699508666992
13-04-2007,28.468223571777344,28.902769088745117,5760489,29.543725967407227,29.326452255249023,22.188373565673828
16-04-2007,29.065725326538086,29.12547492980957,7600016,29.478544235229492,29.397066116333008,22.241806030273438
17-04-2007,29.331884384155273,29.331884384155273,11108962,30.032590866088867,29.88593292236328,22.611679077148438
18-04-2007,29.684953689575195,29.90765953063965,10108747,29.961977005004883,29.799022674560547,22.545909881591797
19-04-2007,30.13036346435547,30.48343276977539,12810230,30.85279655456543,30.24443244934082,22.882915496826172
20-04-2007,30.24443244934082,31.064638137817383,9451510,31.064638137817383,30.36936378479004,22.977432250976562
23-04-2007,30.22813606262207,30.689842224121094,7074779,30.689842224121094,30.61922836303711,23.166488647460938
24-04-2007,30.46713638305664,30.60836410522461,7353138,30.86366081237793,30.73872947692871,23.256900787353516
25-04-2007,30.646387100219727,30.711570739746094,9056063,31.21673011779785,31.178707122802734,23.589784622192383
26-04-2007,31.080934524536133,31.080934524536133,7849656,31.526344299316406,31.428571701049805,23.77883529663086
27-04-2007,31.042911529541016,31.406843185424805,7319632,31.412275314331055,31.064638137817383,23.503488540649414
30-04-2007,30.74959373474121,31.1243896484375,6470563,31.162412643432617,30.760456085205078,23.273338317871094
01-05-2007,30.450841903686523,30.646387100219727,6252772,31.032047271728516,30.9940242767334,23.45005226135254
02-05-2007,30.831069946289062,31.0157527923584,5364490,31.189571380615234,31.146116256713867,23.56513214111328
03-05-2007,31.075502395629883,31.113525390625,4741496,31.287343978881836,31.2330265045166,23.63088607788086
04-05-2007,31.13525390625,31.2330265045166,3924644,31.363388061523438,31.195003509521484,23.60211753845215
07-05-2007,31.189571380615234,31.195003509521484,2557333,31.395980834960938,31.26018524169922,23.651432037353516
08-05-2007,30.96686553955078,31.22759437561035,3206470,31.374252319335938,31.33079719543457,23.704858779907227
09-05-2007,31.2330265045166,31.319934844970703,2889450,31.47745704650879,31.374252319335938,23.73773956298828
10-05-2007,31.064638137817383,31.34709358215332,5109696,31.34709358215332,31.184139251708984,23.593902587890625
11-05-2007,30.668115615844727,31.20586585998535,8419077,31.2330265045166,30.825637817382812,23.322656631469727
14-05-2007,30.825637817382812,30.825637817382812,9816764,31.662139892578125,31.292776107788086,23.676090240478516
15-05-2007,31.053775787353516,31.35252571105957,4885278,31.461162567138672,31.151548385620117,23.569242477416992
16-05-2007,31.195003509521484,31.2330265045166,3411741,31.423139572143555,31.379684448242188,23.741849899291992
17-05-2007,30.847366333007812,31.2330265045166,3525515,31.25475311279297,30.96143341064453,23.42540168762207
18-05-2007,30.74959373474121,30.96143341064453,4970700,31.156980514526367,31.10809326171875,23.53636932373047
21-05-2007,30.9940242767334,31.048343658447266,4363538,31.287343978881836,31.189571380615234,23.59800910949707
22-05-2007,30.945138931274414,31.1243896484375,3708695,31.189571380615234,31.02118492126465,23.470611572265625
23-05-2007,30.95600128173828,30.98316192626953,4010434,31.25475311279297,31.042911529541016,23.487043380737305
24-05-2007,30.87995719909668,31.173274993896484,4368325,31.368820190429688,30.939706802368164,23.408958435058594
25-05-2007,30.820205688476562,30.901683807373047,3271825,31.13525390625,30.945138931274414,23.413066864013672
29-05-2007,30.510591506958008,31.042911529541016,6210798,31.064638137817383,30.581205368041992,23.137720108032227
30-05-2007,30.36936378479004,30.37479591369629,7042930,30.505159378051758,30.429115295410156,23.022645950317383
31-05-2007,30.429115295410156,30.912548065185547,5959869,31.162412643432617,30.87452507019043,23.359647750854492
01-06-2007,30.896251678466797,31.097230911254883,4047623,31.2330265045166,31.042911529541016,23.487043380737305
04-06-2007,30.814775466918945,30.939706802368164,3729682,31.35252571105957,31.319934844970703,23.69663429260254
05-06-2007,31.13525390625,31.271047592163086,4169865,31.444866180419922,31.189571380615234,23.59800910949707
06-06-2007,30.890819549560547,31.064638137817383,3917464,31.189571380615234,30.96143341064453,23.494138717651367
07-06-2007,29.90765953063965,30.847366333007812,8954072,30.96143341064453,30.282455444335938,22.978912353515625
08-06-2007,30.12493133544922,30.287887573242188,5832472,30.706138610839844,30.689842224121094,23.288053512573242
11-06-2007,30.304182052612305,30.689842224121094,3777916,30.73872947692871,30.320478439331055,23.00777244567871
12-06-2007,30.14665985107422,30.200977325439453,5666966,30.798479080200195,30.543182373046875,23.1767578125
13-06-2007,30.47256851196289,30.602933883666992,6534445,30.86909294128418,30.689842224121094,23.288053512573242
14-06-2007,30.668115615844727,30.760456085205078,4681847,31.1243896484375,31.01032066345215,23.531240463256836
15-06-2007,30.74416160583496,31.271047592163086,9184197,31.50461769104004,31.439434051513672,23.85685157775879
18-06-2007,30.96143341064453,30.96143341064453,5594247,31.553504943847656,31.395980834960938,23.823883056640625
19-06-2007,31.287343978881836,31.401411056518555,4169313,31.50461769104004,31.48288917541504,23.88983154296875
20-06-2007,30.896251678466797,31.48832130432129,5255319,31.49918556213379,30.98316192626953,23.51063346862793
21-06-2007,30.72786521911621,31.053775787353516,4608391,31.070070266723633,30.847366333007812,23.407577514648438
22-06-2007,30.1086368560791,30.689842224121094,6361944,30.771320343017578,30.24443244934082,22.95006561279297
25-06-2007,29.76643180847168,30.363933563232422,6792738,30.526887893676758,29.90765953063965,22.69451904296875
26-06-2007,29.53286361694336,30.070613861083984,8427362,30.162954330444336,29.587181091308594,22.451332092285156
27-06-2007,29.206953048706055,29.299293518066406,7176218,30.564910888671875,30.516023635864258,23.156150817871094
28-06-2007,30.39109230041504,30.47800064086914,4501245,30.689842224121094,30.564910888671875,23.19325065612793
29-06-2007,30.407386779785156,30.755023956298828,6634780,30.847366333007812,30.602933883666992,23.222097396850586
02-07-2007,30.85279655456543,30.96143341064453,6256823,31.49918556213379,31.395980834960938,23.823883056640625
03-07-2007,31.178707122802734,31.374252319335938,2296095,31.455730438232422,31.34166145324707,23.78266143798828
05-07-2007,31.195003509521484,31.34166145324707,3373264,31.47745704650879,31.455730438232422,23.86921501159668
06-07-2007,31.184139251708984,31.385116577148438,3761163,31.569799423217773,31.526344299316406,23.922805786132812
09-07-2007,31.2330265045166,31.439434051513672,3287290,31.50461769104004,31.439434051513672,23.85685157775879
10-07-2007,30.87995719909668,31.195003509521484,4476576,31.309070587158203,30.907115936279297,23.45292091369629
11-07-2007,30.95600128173828,31.048343658447266,5003286,31.553504943847656,31.553504943847656,23.943410873413086
12-07-2007,31.401411056518555,31.51548194885254,6323835,31.776208877563477,31.759912490844727,24.100038528442383
13-07-2007,31.667572021484375,31.72732162475586,5745209,31.912004470825195,31.803367614746094,24.133012771606445
16-07-2007,31.586095809936523,31.629549026489258,5536992,32.0315055847168,31.928300857543945,24.227819442749023
17-07-2007,31.700162887573242,31.81966209411621,3851188,32.04779815673828,31.922868728637695,24.22369384765625
18-07-2007,31.59695816040039,31.939163208007812,4973277,31.950027465820312,31.83052635192871,24.153621673583984
19-07-2007,29.923954010009766,31.395980834960938,20456087,31.759912490844727,30.179250717163086,22.90060043334961
20-07-2007,29.85877227783203,30.157522201538086,14832385,30.597501754760742,30.12493133544922,22.859386444091797
23-07-2007,30.23356819152832,30.412818908691406,8584215,30.771320343017578,30.73329734802246,23.32102394104004
24-07-2007,29.87506866455078,30.445409774780273,8519043,30.657251358032227,29.923954010009766,22.706876754760742
25-07-2007,28.97881507873535,30.179250717163086,15503061,30.200977325439453,29.02770233154297,22.026792526245117
26-07-2007,27.702335357666016,28.51711082458496,16644297,28.826725006103516,28.565996170043945,21.676429748535156
27-07-2007,28.039108276367188,28.288972854614258,8228350,28.696361541748047,28.26181411743164,21.445615768432617
30-07-2007,28.082563400268555,28.191200256347656,8562491,29.01140785217285,28.940792083740234,21.960834503173828
31-07-2007,28.565996170043945,28.951656341552734,11499438,28.951656341552734,28.571428298950195,21.680564880371094
01-08-2007,28.27811050415039,28.473655700683594,10788076,28.97881507873535,28.51711082458496,21.639333724975586
02-08-2007,28.50624656677246,28.527973175048828,8529353,29.467681884765625,29.38620376586914,22.298824310302734
03-08-2007,29.02227020263672,29.73927116394043,7978342,29.87506866455078,29.060293197631836,22.0515193939209
06-08-2007,29.087451934814453,29.87506866455078,7212302,29.87506866455078,29.315589904785156,22.245241165161133
07-08-2007,28.65833854675293,29.01140785217285,9422790,29.27756690979004,29.02770233154297,22.026792526245117
08-08-2007,28.51167869567871,28.951656341552734,9110373,29.60347557067871,29.60347557067871,22.463695526123047
09-08-2007,28.326995849609375,29.331884384155273,9183276,29.706680297851562,28.326995849609375,21.495075225830078
10-08-2007,27.6534481048584,28.299837112426758,8070576,28.441064834594727,28.240087509155273,21.42913055419922
13-08-2007,28.234655380249023,28.25638198852539,6014915,28.98967933654785,28.696361541748047,21.77536392211914
14-08-2007,28.48995018005371,28.565996170043945,5888439,28.951656341552734,28.48995018005371,21.61872673034668
15-08-2007,27.973926544189453,29.03313446044922,6781692,29.03313446044922,28.055404663085938,21.28898811340332
16-08-2007,27.088539123535156,27.93047332763672,8385755,28.039108276367188,27.66974449157715,20.99634552001953
17-08-2007,27.327539443969727,27.474199295043945,11138050,28.16404151916504,27.64258575439453,20.97572898864746
20-08-2007,26.952743530273438,27.729494094848633,9480966,27.751222610473633,27.246061325073242,20.674837112426758
21-08-2007,26.7789249420166,27.06681251525879,8169990,27.696903228759766,27.463335037231445,20.839717864990234
22-08-2007,27.6643123626709,27.702335357666016,9217887,28.18033790588379,28.15317726135254,21.36318016052246
23-08-2007,28.299837112426758,29.234111785888672,7664635,29.234111785888672,28.51167869567871,21.635215759277344
24-08-2007,28.39760971069336,28.636611938476562,3554419,28.65290641784668,28.598588943481445,21.701169967651367
27-08-2007,28.51711082458496,28.544269561767578,3814368,28.946224212646484,28.598588943481445,21.701169967651367
28-08-2007,28.049972534179688,28.609451293945312,5555218,28.843019485473633,28.066268920898438,21.297237396240234
29-08-2007,28.131450653076172,28.218360900878906,4897796,28.674633026123047,28.65833854675293,21.74650764465332
30-08-2007,28.625747680664062,28.680065155029297,7727966,29.397066116333008,29.223247528076172,22.175168991088867
31-08-2007,29.37533950805664,29.467681884765625,9611677,29.929386138916016,29.74470329284668,22.570863723754883
04-09-2007,29.293861389160156,29.494840621948242,4059405,29.712112426757812,29.462249755859375,22.356521606445312
05-09-2007,28.837587356567383,29.27756690979004,3922987,29.407930374145508,29.223247528076172,22.175168991088867
06-09-2007,28.15317726135254,28.15317726135254,2942286,29.440521240234375,29.25583839416504,22.269441604614258
07-09-2007,28.587724685668945,29.174362182617188,6126480,30.412818908691406,28.620315551757812,21.785688400268555
10-09-2007,28.549701690673828,28.696361541748047,3254888,29.01140785217285,28.837587356567383,21.951068878173828
11-09-2007,28.843019485473633,28.913633346557617,3784912,29.429658889770508,29.397066116333008,22.376941680908203
12-09-2007,29.168930053710938,29.223247528076172,3230587,29.804454803466797,29.63063621520996,22.55473518371582
13-09-2007,29.733840942382812,29.86963653564453,2857232,29.923954010009766,29.842477798461914,22.71599006652832
14-09-2007,29.413362503051758,29.690385818481445,3079257,29.75013542175293,29.695817947387695,22.604351043701172
17-09-2007,29.36990737915039,29.52743148803711,2946889,29.690385818481445,29.52199935913086,22.47203826904297
18-09-2007,29.61433982849121,29.728408813476562,3942502,30.14665985107422,30.065181732177734,22.885515213012695
19-09-2007,30.190113067626953,30.336772918701172,4316225,30.814775466918945,30.63009262084961,23.31552505493164
20-09-2007,30.39109230041504,30.586637496948242,3182537,30.73329734802246,30.429115295410156,23.162538528442383
21-09-2007,30.429115295410156,30.776752471923828,5600138,30.896251678466797,30.836502075195312,23.47263526916504
24-09-2007,30.429115295410156,30.695274353027344,3484645,30.74416160583496,30.564910888671875,23.26589584350586
25-09-2007,30.418251037597656,30.445409774780273,4098434,30.87995719909668,30.814775466918945,23.456104278564453
26-09-2007,30.027158737182617,30.836502075195312,6651349,30.896251678466797,30.266159057617188,23.03848648071289
27-09-2007,30.14122772216797,30.325910568237305,2835324,30.673547744750977,30.505159378051758,23.220417022705078
28-09-2007,30.429115295410156,30.429115295410156,3347859,30.646387100219727,30.570341110229492,23.270034790039062
01-10-2007,30.505159378051758,30.711570739746094,3771657,30.96143341064453,30.760456085205078,23.414749145507812
02-10-2007,30.271591186523438,30.755023956298828,3333683,30.934274673461914,30.684410095214844,23.356853485107422
03-10-2007,30.222705841064453,30.48886489868164,3088093,30.602933883666992,30.39109230041504,23.13359260559082
04-10-2007,30.418251037597656,30.516023635864258,2201468,30.74416160583496,30.602933883666992,23.294837951660156
05-10-2007,30.47256851196289,30.689842224121094,2940629,30.689842224121094,30.581205368041992,23.278301239013672
08-10-2007,30.14665985107422,30.47256851196289,3255256,30.554046630859375,30.287887573242188,23.055034637451172
09-10-2007,29.842477798461914,30.336772918701172,4633061,30.38566017150879,30.179250717163086,22.97233772277832
10-10-2007,30.054317474365234,30.179250717163086,2779542,30.353069305419922,30.222705841064453,23.00542640686035
11-10-2007,30.309614181518555,30.363933563232422,3954652,30.765888214111328,30.548614501953125,23.25349998474121
12-10-2007,30.64095687866211,30.74959373474121,5103988,31.314502716064453,31.173274993896484,23.728986740112305
15-10-2007,30.309614181518555,31.12982177734375,4453195,31.178707122802734,30.526887893676758,23.23695945739746
16-10-2007,30.298751831054688,30.554046630859375,5712071,30.72243309020996,30.39109230041504,23.13359260559082
17-10-2007,29.826181411743164,30.401954650878906,5399285,30.461706161499023,30.038022994995117,22.864837646484375
18-10-2007,30.684410095214844,30.825637817382812,14446879,33.1233024597168,32.36284637451172,24.634489059448242
19-10-2007,31.450298309326172,32.10755157470703,8738122,32.4551887512207,31.50461769104004,23.981201171875
22-10-2007,31.173274993896484,31.189571380615234,6092237,31.84139060974121,31.60239028930664,24.055631637573242
23-10-2007,31.694730758666992,31.966323852539062,3847690,32.10755157470703,32.05866241455078,24.40294075012207
24-10-2007,31.548072814941406,31.678436279296875,5855853,32.156436920166016,32.09125518798828,24.427749633789062
25-10-2007,32.129276275634766,32.129276275634766,5022432,32.72677993774414,32.49864196777344,24.737850189208984
26-10-2007,32.37371063232422,32.73221206665039,4990031,32.73221206665039,32.56382369995117,24.78746795654297
29-10-2007,32.4225959777832,32.612709045410156,3059742,32.645301818847656,32.51493835449219,24.750253677368164
30-10-2007,32.4443244934082,32.50950622558594,4845328,33.10700607299805,32.84627914428711,25.002471923828125
31-10-2007,32.4225959777832,32.83541488647461,5339636,32.889732360839844,32.59641647338867,24.812278747558594
01-11-2007,31.97175407409668,32.4334602355957,5770430,32.51493835449219,32.189029693603516,24.502172470092773
02-11-2007,31.59152603149414,32.265071868896484,4633613,32.313961029052734,32.178165435791016,24.49390411376953
05-11-2007,31.814231872558594,31.917436599731445,5063118,32.2161865234375,32.06409454345703,24.40707778930664
06-11-2007,31.83052635192871,32.04779815673828,3780862,32.134708404541016,32.134708404541016,24.460832595825195
07-11-2007,31.797935485839844,31.890277862548828,7025072,32.194461822509766,31.83052635192871,24.229280471801758
08-11-2007,31.309070587158203,31.857685089111328,6652085,31.944595336914062,31.640413284301758,24.084571838378906
09-11-2007,30.98859214782715,31.287343978881836,6111015,31.792503356933594,31.423139572143555,23.919179916381836
12-11-2007,30.96143341064453,31.428571701049805,4457245,31.629549026489258,31.01032066345215,23.604948043823242
13-11-2007,30.99945640563965,31.33622932434082,5139888,31.711027145385742,31.618684768676758,24.06803321838379
14-11-2007,31.10809326171875,31.873981475830078,5287904,31.97718620300293,31.72732162475586,24.150726318359375
15-11-2007,31.325366973876953,31.662139892578125,5774665,32.04779815673828,31.401411056518555,23.902645111083984
16-11-2007,31.368820190429688,31.678436279296875,7926794,32.07495880126953,31.645845413208008,24.088706970214844
19-11-2007,31.33622932434082,31.51004981994629,7420887,31.99348258972168,31.472026824951172,23.95639991760254
20-11-2007,30.9940242767334,31.461162567138672,6838395,31.922868728637695,31.363388061523438,23.873699188232422
21-11-2007,30.537750244140625,31.167844772338867,7370996,31.48832130432129,30.695274353027344,23.365127563476562
23-11-2007,30.74416160583496,31.02118492126465,2387593,31.444866180419922,31.444866180419922,23.93572425842285
26-11-2007,30.651819229125977,31.385116577148438,8363847,31.71645736694336,30.684410095214844,23.356853485107422
27-11-2007,30.564910888671875,30.564910888671875,9290791,31.792503356933594,31.711027145385742,24.138320922851562
28-11-2007,31.656707763671875,31.884845733642578,5600874,32.07495880126953,32.02607345581055,24.378135681152344
29-11-2007,31.526344299316406,31.98805046081543,4146853,31.98805046081543,31.82509422302246,24.22514533996582
30-11-2007,31.868549346923828,32.178165435791016,7259799,32.54752731323242,32.52037048339844,24.754390716552734
03-12-2007,31.781639099121094,32.259639739990234,6261609,32.46062088012695,32.05323028564453,24.398801803588867
04-12-2007,31.857685089111328,31.928300857543945,5039369,32.275936126708984,32.11841583251953,24.448429107666016
05-12-2007,32.04779815673828,32.35198211669922,4611337,32.58012008666992,32.42802810668945,24.68410301208496
06-12-2007,32.0423698425293,32.41716384887695,4009146,32.41716384887695,32.33025360107422,24.699872970581055
07-12-2007,32.178165435791016,32.178165435791016,4197480,32.85714340209961,32.72677993774414,25.002817153930664
10-12-2007,32.67789077758789,32.753936767578125,3753983,33.18305206298828,33.18305206298828,25.351398468017578
11-12-2007,32.05323028564453,33.18305206298828,7180452,33.18305206298828,32.08582305908203,24.513126373291016
12-12-2007,31.61325454711914,32.743072509765625,6733826,32.743072509765625,32.08582305908203,24.513126373291016
13-12-2007,31.74361801147461,31.776208877563477,4817529,32.4117317199707,32.35741424560547,24.720623016357422
14-12-2007,31.461162567138672,32.0315055847168,4762299,32.10211944580078,31.553504943847656,24.106443405151367
17-12-2007,31.151548385620117,31.368820190429688,6963030,31.586095809936523,31.26018524169922,23.88235092163086
18-12-2007,31.140684127807617,31.385116577148438,4803169,31.667572021484375,31.526344299316406,24.085691452026367
19-12-2007,31.466594696044922,31.466594696044922,3165968,32.02607345581055,31.84682273864746,24.330533981323242
20-12-2007,31.890277862548828,32.01520919799805,3380260,32.41716384887695,32.02607345581055,24.467483520507812
21-12-2007,32.04779815673828,32.34111785888672,6638830,32.46604919433594,32.32482147216797,24.695722579956055
24-12-2007,32.2161865234375,32.58555221557617,1459545,32.59098434448242,32.286800384521484,24.66667366027832
26-12-2007,31.939163208007812,32.140140533447266,3968644,32.297664642333984,32.134708404541016,24.55047607421875
27-12-2007,31.61325454711914,32.145572662353516,3968460,32.183597564697266,31.651275634765625,24.18113899230957
28-12-2007,31.711027145385742,31.98805046081543,2477066,32.08039093017578,31.868549346923828,24.34713363647461
31-12-2007,31.455730438232422,31.711027145385742,2801450,31.82509422302246,31.531776428222656,24.089841842651367
02-01-2008,31.12982177734375,31.450298309326172,6011786,32.00434494018555,31.390548706054688,23.981950759887695
03-01-2008,31.450298309326172,31.564367294311523,6843549,32.39543533325195,31.83595848083496,24.322240829467773
04-01-2008,31.33622932434082,31.629549026489258,4862081,31.83595848083496,31.33622932434082,23.940448760986328
07-01-2008,31.390548706054688,31.466594696044922,7085089,32.4334602355957,32.37371063232422,24.733076095581055
08-01-2008,32.938621520996094,32.938621520996094,12747820,33.81314468383789,33.09071350097656,25.280851364135742
09-01-2008,33.03096008300781,33.09071350097656,15522207,34.91580581665039,34.856056213378906,26.629549026489258
10-01-2008,34.11189651489258,34.6387825012207,10895222,34.845191955566406,34.2476921081543,26.16476821899414
11-01-2008,33.997825622558594,33.997825622558594,8992549,34.74742126464844,34.60619354248047,26.438661575317383
14-01-2008,34.18251037597656,34.95383071899414,5520791,34.95383071899414,34.57903289794922,26.417905807495117
15-01-2008,34.030418395996094,34.22053146362305,9502874,34.67680740356445,34.4432373046875,26.31416130065918
16-01-2008,34.2259635925293,34.2259635925293,12336357,35.41553497314453,35.25801086425781,26.936641693115234
17-01-2008,34.019554138183594,35.29060363769531,12999485,35.29060363769531,34.10646438598633,26.056861877441406
18-01-2008,33.84573745727539,34.372623443603516,9919492,34.78544235229492,34.30744171142578,26.210418701171875
22-01-2008,31.50461769104004,32.58012008666992,12959904,34.399784088134766,32.97121047973633,25.18955421447754
23-01-2008,32.134708404541016,32.259639739990234,18270084,33.34600830078125,33.31884765625,25.455142974853516
24-01-2008,33.46007537841797,33.916351318359375,12910933,34.13362121582031,33.69364547729492,25.74148178100586
25-01-2008,33.07984924316406,34.07930374145508,6979967,34.481258392333984,33.1341667175293,25.314048767089844
28-01-2008,32.81911849975586,33.1124382019043,6839867,33.64475631713867,33.53068923950195,25.616979598999023
29-01-2008,33.264530181884766,33.67191696166992,7964350,33.69364547729492,33.275394439697266,25.421945571899414
30-01-2008,32.55295944213867,33.264530181884766,10330772,33.373165130615234,32.68332290649414,24.969614028930664
31-01-2008,32.265071868896484,32.629005432128906,8824649,33.30255126953125,32.895164489746094,25.131452560424805
01-02-2008,32.86257553100586,33.12873458862305,7541472,33.438350677490234,33.411190032958984,25.52569580078125
04-02-2008,33.297119140625,33.422054290771484,6965976,34.08473587036133,33.60673522949219,25.675085067749023
05-02-2008,32.72134780883789,33.09071350097656,8220617,33.34600830078125,32.775665283203125,25.040159225463867
06-02-2008,32.47691345214844,32.933189392089844,5069009,32.99837112426758,32.54752731323242,24.865863800048828
07-02-2008,32.47691345214844,32.49320983886719,6440002,33.05812072753906,32.98207473754883,25.19784927368164
08-02-2008,32.612709045410156,32.770233154296875,4668776,33.08528137207031,32.944053649902344,25.16880989074707
11-02-2008,32.71048355102539,32.944053649902344,5288273,33.19391632080078,33.06898498535156,25.264253616333008
12-02-2008,32.96034622192383,33.3297119140625,7207515,33.921783447265625,33.394893646240234,25.513246536254883
13-02-2008,33.51982498168945,33.63932418823242,6067200,33.894622802734375,33.60130310058594,25.670942306518555
14-02-2008,32.68332290649414,33.80228042602539,8728917,33.80228042602539,32.764801025390625,25.0318546295166
15-02-2008,31.950027465820312,32.618141174316406,11092577,32.802825927734375,32.23248291015625,24.625173568725586
19-02-2008,32.24334716796875,32.53666687011719,7004637,33.10700607299805,32.759368896484375,25.027708053588867
20-02-2008,32.36284637451172,32.54209518432617,5588171,32.878868103027344,32.81911849975586,25.07335090637207
21-02-2008,32.53123474121094,32.87343978881836,6776721,32.97664260864258,32.58555221557617,24.894912719726562
22-02-2008,31.98261833190918,32.656166076660156,6244488,32.72677993774414,32.37914276123047,24.73722267150879
25-02-2008,32.194461822509766,32.33568572998047,9964228,32.69961929321289,32.59098434448242,24.899065017700195
26-02-2008,32.35198211669922,32.49864196777344,6818696,32.884300231933594,32.753936767578125,25.02355194091797
27-02-2008,32.42802810668945,32.672462463378906,7727229,32.80825424194336,32.49320983886719,24.824363708496094
28-02-2008,32.22161865234375,32.32482147216797,6995432,32.770233154296875,32.55295944213867,24.870010375976562
29-02-2008,31.901140213012695,32.189029693603516,7507598,32.49864196777344,32.05866241455078,24.49237632751465
03-03-2008,31.84139060974121,32.06952667236328,6496337,32.259639739990234,32.04779815673828,24.48406982421875
04-03-2008,31.814231872558594,31.814231872558594,8690072,32.4334602355957,32.34111785888672,24.708173751831055
05-03-2008,31.26018524169922,32.205322265625,9707041,32.265071868896484,31.569799423217773,24.1188907623291
06-03-2008,31.113525390625,31.363388061523438,7387381,31.624116897583008,31.167844772338867,23.901453018188477
07-03-2008,30.73329734802246,30.98316192626953,8203680,31.759912490844727,31.385116577148438,24.068071365356445
10-03-2008,30.657251358032227,31.35252571105957,6988252,31.472026824951172,30.72786521911621,23.564054489135742
11-03-2008,30.760456085205078,31.35795783996582,4584642,31.667572021484375,31.276479721069336,23.98476219177246
12-03-2008,31.2330265045166,31.466594696044922,5594799,31.667572021484375,31.292776107788086,23.997264862060547
13-03-2008,30.25529670715332,30.809343338012695,8769972,31.0157527923584,30.776752471923828,23.601545333862305
14-03-2008,30.309614181518555,31.042911529541016,11688693,31.368820190429688,30.564910888671875,23.4390869140625
17-03-2008,29.777294158935547,29.777294158935547,6848704,30.61379623413086,30.0977725982666,23.080852508544922
18-03-2008,30.434545516967773,30.60836410522461,8873436,31.23845672607422,31.23845672607422,23.955612182617188
19-03-2008,31.33079719543457,31.33079719543457,7908016,31.917436599731445,31.49918556213379,24.155550003051758
20-03-2008,31.24388885498047,31.765344619750977,7525824,31.917436599731445,31.531776428222656,24.1805419921875
24-03-2008,31.374252319335938,31.59695816040039,3538954,31.82509422302246,31.586095809936523,24.22219467163086
25-03-2008,31.319934844970703,31.72188949584961,4594216,31.765344619750977,31.61325454711914,24.243022918701172
26-03-2008,31.2112979888916,31.428571701049805,4512475,31.59695816040039,31.22759437561035,23.947275161743164
27-03-2008,30.97229766845703,31.34166145324707,6208404,31.412275314331055,31.173274993896484,23.905616760253906
28-03-2008,31.113525390625,31.20586585998535,5046917,31.34166145324707,31.2330265045166,23.95144271850586
31-03-2008,30.825637817382812,31.162412643432617,7728150,31.531776428222656,31.406843185424805,24.08473777770996
01-04-2008,31.51004981994629,31.51004981994629,7943179,32.59098434448242,32.58555221557617,24.988643646240234
02-04-2008,32.4117317199707,32.59098434448242,6982545,32.82455062866211,32.56382369995117,24.971982955932617
03-04-2008,32.248779296875,32.319393157958984,4883253,32.68332290649414,32.286800384521484,24.759540557861328
04-04-2008,32.22705078125,32.4008674621582,4487622,32.69418716430664,32.53123474121094,24.946992874145508
07-04-2008,32.58555221557617,32.70505142211914,5057043,32.98750686645508,32.82998275756836,25.176088333129883
08-04-2008,32.319393157958984,32.661598205566406,5206348,33.02553176879883,32.49320983886719,24.917829513549805
09-04-2008,32.35741424560547,32.52580261230469,5161428,32.87343978881836,32.53666687011719,24.951154708862305
10-04-2008,32.50950622558594,32.71048355102539,5472188,33.1233024597168,32.97121047973633,25.284385681152344
11-04-2008,32.645301818847656,32.645301818847656,6900436,32.98750686645508,32.900596618652344,25.2302303314209
14-04-2008,32.259639739990234,32.82455062866211,4952290,32.82455062866211,32.53666687011719,24.951154708862305
15-04-2008,31.99348258972168,32.68332290649414,7027649,32.68332290649414,32.22705078125,24.713726043701172
16-04-2008,32.37914276123047,33.02009963989258,9745149,33.02009963989258,32.82455062866211,25.171924591064453
17-04-2008,32.0206413269043,32.38457489013672,8069655,33.07441711425781,32.81368637084961,25.163591384887695
18-04-2008,33.09614181518555,33.427486419677734,8614223,33.62846374511719,33.286258697509766,25.525985717773438
21-04-2008,32.906028747558594,33.17218780517578,7003716,33.31884765625,33.10700607299805,25.388526916503906
22-04-2008,32.743072509765625,32.900596618652344,6354027,33.02553176879883,32.884300231933594,25.21773910522461
23-04-2008,32.791961669921875,32.98750686645508,5717594,33.07441711425781,33.05812072753906,25.351037979125977
24-04-2008,32.96034622192383,33.12873458862305,5993376,33.61759948730469,33.389461517333984,25.605131149291992
25-04-2008,33.405757904052734,33.48180389404297,5325645,33.92721176147461,33.67191696166992,25.821735382080078
28-04-2008,33.59587097167969,33.59587097167969,6994143,34.19337463378906,34.019554138183594,26.088321685791016
29-04-2008,33.916351318359375,33.916351318359375,7296988,34.367191314697266,34.22053146362305,26.242448806762695
30-04-2008,33.82400894165039,34.019554138183594,9107611,34.31830596923828,33.85116958618164,25.959209442138672
01-05-2008,33.80771255493164,33.867462158203125,5289377,34.22053146362305,34.16078186035156,26.196624755859375
02-05-2008,33.910919189453125,34.31287384033203,7000218,34.432373046875,34.11189651489258,26.15913963317871
05-05-2008,33.93264389038086,34.11189651489258,5491519,34.432373046875,34.28028106689453,26.288267135620117
06-05-2008,33.79684829711914,34.19880676269531,6981624,34.19880676269531,34.06843948364258,26.12582015991211
07-05-2008,33.378597259521484,33.95980453491211,6485107,34.16078186035156,33.389461517333984,25.605131149291992
08-05-2008,33.33514404296875,33.65018844604492,5311469,33.93807601928711,33.5143928527832,25.700937271118164
09-05-2008,33.05268859863281,33.1558952331543,4487622,33.400325775146484,33.269962310791016,25.51349639892578
12-05-2008,33.16675567626953,33.231937408447266,3125466,33.5469856262207,33.49810028076172,25.688447952270508
13-05-2008,33.16675567626953,33.64475631713867,3431624,33.67734909057617,33.275394439697266,25.517654418945312
14-05-2008,33.275394439697266,33.31884765625,4496827,33.731666564941406,33.58500671386719,25.755094528198242
15-05-2008,33.17218780517578,33.55241775512695,4435705,33.55241775512695,33.22107696533203,25.476003646850586
16-05-2008,33.06355285644531,33.13959884643555,5070114,33.411190032958984,33.280826568603516,25.52182388305664
19-05-2008,33.04182434082031,33.31341552734375,3937347,33.51982498168945,33.378597259521484,25.596799850463867
20-05-2008,33.16132354736328,33.280826568603516,4144643,33.54155349731445,33.33514404296875,25.5634822845459
21-05-2008,33.18848419189453,33.44921112060547,5872422,33.726234436035156,33.286258697509766,25.525985717773438
22-05-2008,33.1015739440918,33.259098052978516,4395203,33.405757904052734,33.16675567626953,25.434349060058594
23-05-2008,32.748504638671875,33.05268859863281,3435122,33.231937408447266,32.748504638671875,25.113605499267578
27-05-2008,32.37371063232422,32.775665283203125,5025746,32.97121047973633,32.82455062866211,25.171924591064453
28-05-2008,32.645301818847656,32.84084701538086,3684209,33.07984924316406,32.72134780883789,25.09278106689453
29-05-2008,32.661598205566406,32.661598205566406,5471820,33.31341552734375,33.1558952331543,25.426015853881836
30-05-2008,32.98750686645508,33.02009963989258,3729314,33.3623046875,33.18848419189453,25.451004028320312
02-06-2008,32.71591567993164,33.04182434082031,5631067,33.18848419189453,32.95491409301758,25.271894454956055
03-06-2008,32.98207473754883,33.00923538208008,6115434,33.280826568603516,33.275394439697266,25.517654418945312
04-06-2008,33.17761993408203,33.31884765625,4270200,33.54155349731445,33.400325775146484,25.613466262817383
05-06-2008,33.05812072753906,33.30255126953125,3814920,33.66648483276367,33.60673522949219,25.771751403808594
06-06-2008,32.47148132324219,32.55295944213867,5868740,33.33514404296875,33.1015739440918,25.474111557006836
09-06-2008,32.85171127319336,33.07984924316406,4963520,33.31341552734375,33.06355285644531,25.44486427307129
10-06-2008,32.672462463378906,32.797393798828125,3467892,33.07984924316406,32.86257553100586,25.290193557739258
11-06-2008,32.67789077758789,32.878868103027344,6308923,33.01466751098633,32.81368637084961,25.252567291259766
12-06-2008,32.81368637084961,33.03639221191406,5303369,33.33514404296875,33.05812072753906,25.440677642822266
13-06-2008,33.00923538208008,33.21021270751953,5696422,33.758827209472656,33.60673522949219,25.862882614135742
16-06-2008,33.33514404296875,33.50353240966797,5299134,33.80228042602539,33.67191696166992,25.91303825378418
17-06-2008,33.373165130615234,33.780555725097656,3624929,33.84030532836914,33.400325775146484,25.70403480529785
18-06-2008,33.17218780517578,33.253665924072266,6780955,33.394893646240234,33.297119140625,25.624605178833008
19-06-2008,32.99837112426758,33.21564483642578,9733551,34.22053146362305,34.15534973144531,26.285079956054688
20-06-2008,33.905487060546875,33.96523666381836,10686637,34.2150993347168,34.024986267089844,26.18474769592285
23-06-2008,33.49810028076172,34.10103225708008,11150017,34.10103225708008,33.85116958618164,26.051000595092773
24-06-2008,33.50353240966797,33.83487319946289,9594187,33.97610092163086,33.84030532836914,26.04262924194336
25-06-2008,33.769691467285156,33.900054931640625,7001691,34.43780517578125,34.09016799926758,26.23491668701172
26-06-2008,33.55241775512695,33.775123596191406,8421839,34.29657745361328,34.05757522583008,26.2098331451416
27-06-2008,33.79684829711914,33.905487060546875,10052596,34.372623443603516,34.17164611816406,26.297624588012695
30-06-2008,34.014122009277344,34.22053146362305,9721769,34.872352600097656,34.73112487792969,26.72817611694336
01-07-2008,34.30200958251953,34.41064453125,11496861,35.024444580078125,34.89950942993164,26.857765197753906
02-07-2008,34.6713752746582,35.035308837890625,5874447,35.08962631225586,34.6713752746582,26.68218994140625
03-07-2008,34.67680740356445,34.88864517211914,4326718,34.980987548828125,34.828895568847656,26.803422927856445
07-07-2008,34.34003448486328,34.986419677734375,7755028,35.171104431152344,34.69853210449219,26.70309066772461
08-07-2008,34.845191955566406,34.845191955566406,12940757,35.5784912109375,35.5567626953125,27.363569259643555
09-07-2008,35.25801086425781,35.56219482421875,10056094,36.116241455078125,35.3068962097168,27.171281814575195
10-07-2008,34.89950942993164,35.24171447753906,8163546,35.507877349853516,35.469852447509766,27.29668426513672
11-07-2008,35.035308837890625,35.19826126098633,7724836,35.69799041748047,35.43726348876953,27.2716064453125
14-07-2008,35.143943786621094,35.507877349853516,6495048,35.654537200927734,35.24171447753906,27.121116638183594
15-07-2008,34.89407730102539,34.89407730102539,15939746,36.38783264160156,36.29549026489258,27.93207359313965
16-07-2008,35.5784912109375,36.39326477050781,11120561,36.39326477050781,35.7849006652832,27.539138793945312
17-07-2008,35.05703353881836,36.35524368286133,17714838,37.838130950927734,36.91471862792969,28.40861701965332
18-07-2008,36.599674224853516,37.00162887573242,12151336,37.50679016113281,37.44704055786133,28.818281173706055
21-07-2008,36.92558288574219,37.58283615112305,7477222,37.5991325378418,37.00706100463867,28.47968292236328
22-07-2008,36.773494720458984,37.00706100463867,7310427,37.52851867675781,37.39815139770508,28.780649185180664
23-07-2008,36.708309173583984,37.370994567871094,5867635,37.52851867675781,36.95817565917969,28.442058563232422
24-07-2008,36.773494720458984,37.04508590698242,5219235,37.27322006225586,36.93101501464844,28.421165466308594
25-07-2008,36.81151580810547,36.81151580810547,5271151,37.17544937133789,36.92015075683594,28.412809371948242
28-07-2008,36.29549026489258,36.81694793701172,4286032,36.96903991699219,36.41499328613281,28.02404022216797
29-07-2008,35.964149475097656,36.4530143737793,5079871,36.68115234375,36.54535675048828,28.124374389648438
30-07-2008,36.730037689208984,36.773494720458984,7096687,37.338401794433594,37.246063232421875,28.66361427307129
31-07-2008,37.055946350097656,37.088539123535156,5053545,37.49049377441406,37.26778793334961,28.68033218383789
01-08-2008,37.12656021118164,37.14285659790039,6325676,37.60456466674805,37.15372085571289,28.592544555664062
04-08-2008,37.050514221191406,37.050514221191406,4906449,37.63715362548828,37.43074417114258,28.80573272705078
05-08-2008,37.39815139770508,37.41987991333008,7697221,38.0228157043457,38.00651931762695,29.24885368347168
06-08-2008,37.696903228759766,37.9684944152832,10258420,38.56599807739258,38.43020248413086,29.574899673461914
07-08-2008,37.90874481201172,38.12601852416992,5622230,38.468223571777344,37.9576301574707,29.211212158203125
08-08-2008,37.848995208740234,37.848995208740234,6423249,38.6474723815918,38.6474723815918,29.74209976196289
11-08-2008,38.09885787963867,38.51710891723633,7454761,38.64204025268555,38.207496643066406,29.403512954711914
12-08-2008,37.94676971435547,38.27267837524414,5753125,38.28354263305664,38.06626892089844,29.294830322265625
13-08-2008,37.751220703125,38.04997253417969,6393977,38.202064514160156,37.848995208740234,29.127620697021484
14-08-2008,37.365562438964844,37.713199615478516,5078399,38.09885787963867,37.88158416748047,29.152687072753906
15-08-2008,37.729496002197266,38.00651931762695,6251116,38.853885650634766,38.00651931762695,29.24885368347168
18-08-2008,37.78924560546875,38.09885787963867,5785711,38.495384216308594,37.92504119873047,29.186138153076172
19-08-2008,37.43074417114258,37.9576301574707,6670495,38.10429000854492,37.729496002197266,29.03564453125
20-08-2008,37.246063232421875,37.870723724365234,4534199,37.870723724365234,37.46876525878906,28.835006713867188
21-08-2008,37.365562438964844,37.41987991333008,4307940,38.06626892089844,38.03910827636719,29.273927688598633
22-08-2008,37.94676971435547,38.23465347290039,3906970,38.51710891723633,38.28897476196289,29.466209411621094
25-08-2008,36.88212966918945,38.299835205078125,7252988,38.299835205078125,37.01792526245117,28.488033294677734
26-08-2008,36.68658447265625,36.97990036010742,3563256,37.229766845703125,37.088539123535156,28.542381286621094
27-08-2008,36.757198333740234,37.02335739135742,3826703,37.13742446899414,37.077674865722656,28.534029006958008
28-08-2008,37.02335739135742,37.251495361328125,6537943,37.327537536621094,37.208038330078125,28.63435173034668
29-08-2008,36.79521942138672,37.235198974609375,4425580,37.41444778442383,36.80608367919922,28.32501792907715
02-09-2008,36.80065155029297,37.104835510253906,9433836,38.07713317871094,37.90874481201172,29.173601150512695
03-09-2008,37.65888214111328,37.77294921875,6209509,38.158607482910156,37.859859466552734,29.135976791381836
04-09-2008,36.8766975402832,37.65888214111328,7223532,37.7620849609375,36.8875617980957,28.387727737426758
05-09-2008,36.121673583984375,36.88212966918945,6153543,37.31124496459961,36.4421501159668,28.044952392578125
08-09-2008,36.4747428894043,36.93101501464844,7445004,37.28408432006836,37.13199234008789,28.66897964477539
09-09-2008,36.99076461791992,37.050514221191406,7355163,37.51765441894531,37.01792526245117,28.580915451049805
10-09-2008,37.093971252441406,37.093971252441406,6319969,37.60456466674805,37.49049377441406,28.945772171020508
11-09-2008,36.83867645263672,37.30581283569336,8373236,37.45247268676758,37.18631362915039,28.71092414855957
12-09-2008,36.724605560302734,37.00162887573242,6571634,37.224334716796875,37.121131896972656,28.660602569580078
15-09-2008,36.39869689941406,36.39869689941406,6720386,37.691471099853516,37.03422164916992,28.593494415283203
16-09-2008,36.284629821777344,36.561649322509766,8974507,37.5882682800293,37.354698181152344,28.840946197509766
17-09-2008,35.67626190185547,37.083106994628906,8771997,37.088539123535156,35.82292175292969,27.658267974853516
18-09-2008,34.405216217041016,35.90439987182617,11962450,36.583377838134766,36.078216552734375,27.855382919311523
19-09-2008,35.621944427490234,36.6702880859375,13160020,37.42531204223633,35.86094665527344,27.687625885009766
22-09-2008,34.877784729003906,35.7849006652832,6823298,35.94242477416992,35.133079528808594,27.125654220581055
23-09-2008,34.519283294677734,35.133079528808594,9549083,35.469852447509766,34.76914596557617,26.84466552734375
24-09-2008,34.61705780029297,34.89950942993164,6815382,35.44812774658203,35.37751388549805,27.31437873840332
25-09-2008,35.497013092041016,35.68169403076172,6818696,36.257469177246094,35.93156051635742,27.742149353027344
26-09-2008,35.3177604675293,35.627376556396484,6135317,36.34437942504883,36.257469177246094,27.993785858154297
29-09-2008,34.56273651123047,35.89896774291992,11779639,36.38240051269531,35.21998977661133,27.19275665283203
30-09-2008,34.93753433227539,35.5784912109375,7945204,35.77946853637695,35.649105072021484,27.52406883239746
01-10-2008,35.44269561767578,35.44269561767578,8394960,36.32265090942383,36.246604919433594,27.985387802124023
02-10-2008,35.90983200073242,36.246604919433594,11664760,36.762630462646484,36.556217193603516,28.22443389892578
03-10-2008,36.37153625488281,36.572513580322266,11426535,37.5665397644043,36.45844650268555,28.148958206176758
06-10-2008,34.08473587036133,35.92612838745117,12563536,36.42042541503906,35.11135482788086,27.10888671875
07-10-2008,33.67191696166992,35.143943786621094,12791820,35.81205749511719,33.747962951660156,26.056224822998047
08-10-2008,33.20478057861328,33.22107696533203,12931000,34.73655700683594,34.24225997924805,26.437868118286133
09-10-2008,31.558935165405273,34.27485275268555,15235196,34.361759185791016,31.73275375366211,24.50032615661621
10-10-2008,27.87615394592285,30.96143341064453,18542920,32.37371063232422,30.47256851196289,23.5273494720459
13-10-2008,30.96686553955078,31.23845672607422,11270602,33.04725646972656,33.04725646972656,25.515230178833008
14-10-2008,32.161869049072266,34.481258392333984,10239826,34.481258392333984,33.01466751098633,25.490068435668945
15-10-2008,31.2112979888916,32.47148132324219,12081010,33.259098052978516,31.81966209411621,24.567428588867188
16-10-2008,29.9891357421875,33.32427978515625,15524785,33.32427978515625,32.08582305908203,24.772918701171875
17-10-2008,29.99456787109375,33.389461517333984,8511864,33.66648483276367,32.38457489013672,25.003585815429688
20-10-2008,32.43889236450195,32.748504638671875,7488820,33.98153305053711,33.93807601928711,26.203014373779297
21-10-2008,33.02553176879883,33.3297119140625,7982208,34.47039794921875,33.5361213684082,25.892667770385742
22-10-2008,31.640413284301758,32.895164489746094,9035260,33.5143928527832,32.2161865234375,24.873573303222656
23-10-2008,31.20586585998535,32.292232513427734,11031456,33.04182434082031,32.672462463378906,25.225858688354492
24-10-2008,30.706138610839844,30.706138610839844,10100278,32.38457489013672,31.61325454711914,24.408050537109375
27-10-2008,30.23900032043457,31.412275314331055,9618120,31.700162887573242,30.23900032043457,23.347013473510742
28-10-2008,29.712112426757812,30.85822868347168,13924772,32.2161865234375,32.09125518798828,24.777116775512695
29-10-2008,31.59695816040039,31.906572341918945,8995310,33.04182434082031,31.781639099121094,24.538061141967773
30-10-2008,31.99891471862793,32.46604919433594,8867361,32.802825927734375,32.4443244934082,25.049718856811523
31-10-2008,32.248779296875,32.4117317199707,7253724,33.18305206298828,32.85714340209961,25.368444442749023
03-11-2008,32.60728073120117,32.82998275756836,4202635,33.3514404296875,33.237369537353516,25.66201400756836
04-11-2008,33.01466751098633,33.65018844604492,6022832,33.894622802734375,33.416622161865234,25.80040740966797
05-11-2008,32.69418716430664,33.05268859863281,5831183,33.715370178222656,32.72677993774414,25.26779556274414
06-11-2008,31.292776107788086,32.68332290649414,8125622,33.231937408447266,31.537208557128906,24.349348068237305
07-11-2008,31.59152603149414,31.879413604736328,6411098,32.43889236450195,32.2379150390625,24.89034080505371
10-11-2008,32.52580261230469,32.73221206665039,6471667,33.231937408447266,33.18848419189453,25.62425994873047
11-11-2008,32.189029693603516,32.69418716430664,6915348,33.5252571105957,32.49320983886719,25.087451934814453
12-11-2008,31.912004470825195,32.50950622558594,7248385,32.944053649902344,32.194461822509766,24.8568058013916
13-11-2008,31.26018524169922,32.33025360107422,10336479,33.79141616821289,33.70450973510742,26.022674560546875
14-11-2008,32.50950622558594,33.16675567626953,7237892,33.94894027709961,32.59098434448242,25.162944793701172
17-11-2008,31.50461769104004,32.140140533447266,7229975,32.56382369995117,31.542640686035156,24.35353660583496
18-11-2008,30.14665985107422,31.417707443237305,10883072,31.564367294311523,31.1243896484375,24.030620574951172
19-11-2008,28.89190673828125,30.99945640563965,12535921,31.49375343322754,28.98967933654785,22.382436752319336
20-11-2008,26.072786331176758,28.848451614379883,18248176,29.03313446044922,26.344377517700195,20.340049743652344
21-11-2008,25.752309799194336,26.5616512298584,16879393,28.077131271362305,27.816404342651367,21.4765682220459
24-11-2008,28.071699142456055,28.343292236328125,9560865,29.02770233154297,28.593156814575195,22.076290130615234
25-11-2008,28.419336318969727,28.555133819580078,10763775,29.163497924804688,29.02770233154297,22.411800384521484
26-11-2008,28.343292236328125,28.598588943481445,7327180,29.26127052307129,28.935361862182617,22.34049415588379
28-11-2008,28.65290641784668,28.859315872192383,4662517,29.071157455444336,28.73438262939453,22.18532943725586
01-12-2008,27.691471099853516,28.039108276367188,8937503,28.86474609375,27.963064193725586,21.58980941772461
02-12-2008,27.77838134765625,28.430200576782227,7624686,28.8973388671875,28.848451614379883,22.273399353027344
03-12-2008,28.115154266357422,28.354154586791992,8692466,29.288429260253906,29.158065795898438,22.512451171875
04-12-2008,27.90874481201172,28.929929733276367,8256149,29.282997131347656,28.299837112426758,21.84981918334961
05-12-2008,27.6860408782959,27.92504119873047,9672798,29.103748321533203,29.03313446044922,22.415987014770508
08-12-2008,27.935903549194336,29.60890769958496,10261550,29.60890769958496,28.370450973510742,22.011409759521484
09-12-2008,27.457902908325195,28.16947364807129,8603361,29.060293197631836,27.76751708984375,21.543630599975586
10-12-2008,27.175447463989258,27.957632064819336,6888470,28.250951766967773,27.713199615478516,21.50148582458496
11-12-2008,27.381858825683594,27.53938102722168,8115312,28.571428298950195,27.68060874938965,21.476198196411133
12-12-2008,26.52906036376953,27.05051612854004,11082636,27.506790161132812,27.246061325073242,21.13905143737793
15-12-2008,26.615970611572266,27.452470779418945,9127126,27.64801788330078,27.474199295043945,21.31605339050293
16-12-2008,27.485061645507812,27.702335357666016,7732384,28.935361862182617,28.843019485473633,22.378063201904297
17-12-2008,28.223791122436523,28.473655700683594,8635763,29.288429260253906,28.479087829589844,22.0957088470459
18-12-2008,28.593156814575195,28.75067901611328,6723332,29.53286361694336,28.832155227661133,22.369630813598633
19-12-2008,28.593156814575195,29.158065795898438,11566635,29.37533950805664,29.223247528076172,22.673067092895508
22-12-2008,28.680065155029297,29.201520919799805,5657025,29.473112106323242,29.14720344543457,22.614065170288086
23-12-2008,28.48451805114746,29.456817626953125,5495017,29.456817626953125,28.631179809570312,22.213695526123047
24-12-2008,28.51711082458496,28.77240562438965,1616950,28.935361862182617,28.73438262939453,22.293777465820312
26-12-2008,28.576860427856445,28.935361862182617,1748398,28.951656341552734,28.75611114501953,22.31063461303711
29-12-2008,28.01738166809082,28.73438262939453,4679086,28.73438262939453,28.294404983520508,21.952415466308594
30-12-2008,28.250951766967773,28.538837432861328,5062566,28.7669734954834,28.64204216003418,22.222131729125977
31-12-2008,28.565996170043945,28.799564361572266,4750332,29.310157775878906,29.109180450439453,22.584566116333008
02-01-2009,28.723520278930664,29.239543914794922,5405360,30.043455123901367,29.91852378845215,23.212499618530273
05-01-2009,29.196088790893555,29.826181411743164,7316502,29.826181411743164,29.462249755859375,22.858497619628906
06-01-2009,29.158065795898438,29.684953689575195,12775435,30.027158737182617,29.310157775878906,22.74049186706543
07-01-2009,28.832155227661133,28.957088470458984,5212055,29.494840621948242,29.244976043701172,22.68992042541504
08-01-2009,28.826725006103516,29.179794311523438,7539631,29.560022354125977,29.321020126342773,22.748926162719727
09-01-2009,29.234111785888672,29.435089111328125,6490814,29.847909927368164,29.321020126342773,22.748926162719727
12-01-2009,28.66920280456543,29.201520919799805,7496368,29.467681884765625,28.799564361572266,22.344348907470703
13-01-2009,28.527973175048828,28.78326988220215,7818543,29.054861068725586,28.73981475830078,22.29798698425293
14-01-2009,28.348724365234375,28.348724365234375,13023050,29.239543914794922,29.03313446044922,22.525562286376953
15-01-2009,28.441064834594727,29.103748321533203,10261550,29.212385177612305,29.092884063720703,22.571918487548828
16-01-2009,29.25583839416504,29.451385498046875,8797219,29.983705520629883,29.847909927368164,23.157718658447266
20-01-2009,29.168930053710938,29.809886932373047,8948365,30.0,29.239543914794922,22.685701370239258
21-01-2009,29.060293197631836,29.52743148803711,10414353,30.309614181518555,30.13036346435547,23.376855850219727
22-01-2009,29.733840942382812,29.733840942382812,13908755,31.151548385620117,30.836502075195312,23.92472267150879
23-01-2009,30.24443244934082,30.646387100219727,11015439,31.309070587158203,31.21673011779785,24.219724655151367
26-01-2009,31.189571380615234,31.385116577148438,7911513,31.689298629760742,31.390548706054688,24.35457992553711
27-01-2009,31.26561737060547,31.298206329345703,7520853,31.912004470825195,31.770776748657227,24.649581909179688
28-01-2009,31.34166145324707,32.24334716796875,9208866,32.24334716796875,31.59695816040039,24.514726638793945
29-01-2009,31.2221622467041,31.34709358215332,9229117,31.82509422302246,31.640413284301758,24.548439025878906
30-01-2009,31.548072814941406,31.711027145385742,7188921,32.123844146728516,31.857685089111328,24.71701431274414
02-02-2009,31.47745704650879,31.558935165405273,5782949,32.07495880126953,31.857685089111328,24.71701431274414
03-02-2009,31.759912490844727,31.928300857543945,8224852,32.938621520996094,32.86257553100586,25.496662139892578
04-02-2009,32.2379150390625,32.889732360839844,7500234,33.12873458862305,32.297664642333984,25.05837631225586
05-02-2009,32.194461822509766,32.194461822509766,7137373,32.99837112426758,32.84084701538086,25.479808807373047
06-02-2009,32.40629959106445,32.889732360839844,7196285,32.927757263183594,32.69961929321289,25.37023162841797
09-02-2009,31.542640686035156,32.72134780883789,7427699,32.72134780883789,32.00434494018555,24.830808639526367
10-02-2009,30.9940242767334,31.803367614746094,8710323,32.00434494018555,31.281911849975586,24.270299911499023
11-02-2009,31.281911849975586,31.47745704650879,6092605,31.98805046081543,31.884845733642578,24.738080978393555
12-02-2009,31.13525390625,31.455730438232422,5973309,32.167301177978516,32.140140533447266,24.936159133911133
13-02-2009,31.73818588256836,31.97718620300293,4131756,32.134708404541016,31.906572341918945,24.75493812561035
17-02-2009,30.96143341064453,31.49375343322754,6300086,31.922868728637695,31.472026824951172,24.417800903320312
18-02-2009,31.24932098388672,31.694730758666992,5872606,31.868549346923828,31.59152603149414,24.51050567626953
19-02-2009,31.423139572143555,31.863117218017578,4664726,31.863117218017578,31.49918556213379,24.438867568969727
20-02-2009,30.97772979736328,31.080934524536133,7853522,31.72188949584961,31.531776428222656,24.464153289794922
23-02-2009,31.091798782348633,31.20586585998535,5721828,31.71645736694336,31.146116256713867,24.164936065673828
24-02-2009,30.96143341064453,31.34709358215332,6540337,31.73818588256836,31.651275634765625,24.55686378479004
25-02-2009,30.86909294128418,31.49918556213379,8710139,31.50461769104004,30.912548065185547,23.983720779418945
26-02-2009,29.793590545654297,31.24388885498047,8358324,31.390548706054688,29.804454803466797,23.12399673461914
27-02-2009,27.582834243774414,28.967952728271484,17213166,29.326452255249023,27.6534481048584,21.455127716064453
02-03-2009,27.322107315063477,27.571971893310547,12804891,28.587724685668945,27.7838134765625,21.556270599365234
03-03-2009,27.973926544189453,28.109722137451172,9800748,28.98967933654785,28.202064514160156,21.88077163696289
04-03-2009,28.00108528137207,28.51711082458496,7920903,28.924497604370117,28.51711082458496,22.125202178955078
05-03-2009,27.66974449157715,27.990222930908203,8996047,28.25638198852539,27.984790802001953,21.712202072143555
06-03-2009,27.474199295043945,28.17490577697754,9306991,28.674633026123047,28.202064514160156,21.99175262451172
09-03-2009,27.365562438964844,27.87615394592285,7286126,28.625747680664062,27.729494094848633,21.623247146606445
10-03-2009,27.360130310058594,28.136882781982422,10645951,28.136882781982422,27.88701820373535,21.746082305908203
11-03-2009,26.154264450073242,27.490493774414062,19954047,27.64258575439453,26.382400512695312,20.572795867919922
12-03-2009,26.110809326171875,26.382400512695312,13677894,27.604562759399414,27.463335037231445,21.415706634521484
13-03-2009,27.256925582885742,27.62628936767578,7692250,27.821836471557617,27.78924560546875,21.669849395751953
16-03-2009,27.66974449157715,27.968494415283203,5942564,28.299837112426758,27.740358352661133,21.631717681884766
17-03-2009,27.6751766204834,27.6751766204834,4646316,28.305269241333008,28.305269241333008,22.072233200073242
18-03-2009,27.843563079833984,28.245519638061523,6098865,28.696361541748047,28.16404151916504,21.96210289001465
19-03-2009,27.083106994628906,28.48451805114746,9125101,28.48451805114746,27.27322006225586,21.2674503326416
20-03-2009,26.626832962036133,27.121129989624023,12455101,27.501358032226562,26.92558479309082,20.99635887145996
23-03-2009,27.04508399963379,27.370994567871094,7118227,27.832700729370117,27.832700729370117,21.703731536865234
24-03-2009,27.197174072265625,27.53938102722168,10826001,27.740358352661133,27.436176300048828,21.394519805908203
25-03-2009,26.55078887939453,27.41444969177246,9740547,27.54481315612793,27.170015335083008,21.186969757080078
26-03-2009,25.860944747924805,27.088539123535156,18919405,27.14828872680664,26.833242416381836,20.924360275268555
27-03-2009,26.469310760498047,26.469310760498047,10585198,27.702335357666016,27.425312042236328,21.386056900024414
30-03-2009,27.06138038635254,27.316675186157227,9297971,27.571971893310547,27.490493774414062,21.436878204345703
31-03-2009,27.38728904724121,27.64801788330078,10670804,28.40847396850586,27.821836471557617,21.695255279541016
01-04-2009,26.974470138549805,27.577404022216797,9856530,27.821836471557617,27.52308464050293,21.46228790283203
02-04-2009,27.327539443969727,28.071699142456055,8845085,28.326995849609375,27.40901756286621,21.373340606689453
03-04-2009,26.241172790527344,27.479631423950195,12361026,27.745790481567383,26.40412712097168,20.58974838256836
06-04-2009,25.4481258392334,26.17599105834961,16980648,26.615970611572266,25.643672943115234,19.996740341186523
07-04-2009,25.32862663269043,25.32862663269043,9373083,26.491037368774414,26.246604919433594,20.466899871826172
08-04-2009,26.262901306152344,26.29006004333496,7267716,26.81151580810547,26.724605560302734,20.839641571044922
09-04-2009,26.610538482666016,27.235197067260742,8575010,27.463335037231445,26.740901947021484,20.85235023498535
13-04-2009,26.588809967041016,26.588809967041016,9537301,27.485061645507812,26.974470138549805,21.03449058532715
14-04-2009,26.306354522705078,26.81694793701172,8952967,27.53938102722168,26.67572021484375,20.801525115966797
15-04-2009,26.203149795532227,26.81694793701172,9343996,26.871265411376953,26.75176429748535,20.860822677612305
16-04-2009,27.376426696777344,27.718631744384766,17420278,28.218360900878906,27.6751766204834,21.580881118774414
17-04-2009,27.702335357666016,27.838130950927734,11484526,28.40847396850586,28.16404151916504,21.96210289001465
20-04-2009,27.506790161132812,28.055404663085938,8879327,28.479087829589844,27.51765251159668,21.458057403564453
21-04-2009,27.077674865722656,27.485061645507812,7154126,27.973926544189453,27.39815330505371,21.3648738861084
22-04-2009,26.344377517700195,27.072242736816406,9679426,27.322107315063477,26.42585563659668,20.6066837310791
23-04-2009,25.947853088378906,26.42042350769043,7290544,26.844106674194336,26.610538482666016,20.75069236755371
24-04-2009,25.93699073791504,26.746334075927734,7574610,26.746334075927734,26.110809326171875,20.36100959777832
27-04-2009,26.344377517700195,26.57794761657715,10311257,27.099401473999023,26.740901947021484,20.85235023498535
28-04-2009,26.740901947021484,26.740901947021484,5993560,27.39272117614746,26.985334396362305,21.04296112060547
29-04-2009,26.740901947021484,27.06138038635254,9389836,27.251493453979492,26.963607788085938,21.026012420654297
30-04-2009,26.208581924438477,27.27322006225586,11289748,27.349266052246094,26.344377517700195,20.54313850402832
01-05-2009,26.094514846801758,26.29549217224121,5301528,26.692014694213867,26.648561477661133,20.78034210205078
04-05-2009,26.65399169921875,26.702878952026367,7062076,27.218902587890625,27.202606201171875,21.212383270263672
05-05-2009,26.719173431396484,26.849538803100586,5447887,27.170015335083008,27.012493133544922,21.064136505126953
06-05-2009,26.17599105834961,27.05594825744629,6453441,27.13199234008789,26.501901626586914,20.665983200073242
07-05-2009,26.29006004333496,26.447582244873047,9360749,27.093971252441406,27.017925262451172,21.068370819091797
08-05-2009,26.512765884399414,26.990766525268555,9538773,27.745790481567383,27.30038070678711,21.28862953186035
11-05-2009,26.822378158569336,27.15915298461914,7923848,27.729494094848633,27.354698181152344,21.33098602294922
12-05-2009,27.447040557861328,27.52851676940918,10000128,28.223791122436523,27.827268600463867,21.699495315551758
13-05-2009,27.550243377685547,27.550243377685547,7018813,28.109722137451172,27.691471099853516,21.593591690063477
14-05-2009,27.354698181152344,27.6751766204834,5006415,27.990222930908203,27.506790161132812,21.44959259033203
15-05-2009,26.979902267456055,27.501358032226562,7986994,27.501358032226562,27.03965187072754,21.085315704345703
18-05-2009,26.626832962036133,27.110265731811523,6343166,27.115697860717773,26.80608367919922,20.903188705444336
19-05-2009,26.615970611572266,26.7789249420166,5955635,27.06681251525879,26.68115234375,20.80576515197754
20-05-2009,26.43128776550293,26.80608367919922,7312268,26.952743530273438,26.447582244873047,20.623620986938477
21-05-2009,26.19228744506836,26.27376365661621,6617659,26.719173431396484,26.55078887939453,20.704103469848633
22-05-2009,26.54535675048828,26.54535675048828,6404839,27.267789840698242,27.05051612854004,21.093793869018555
26-05-2009,26.626832962036133,27.023357391357422,7808786,27.64801788330078,27.479631423950195,21.42840003967285
27-05-2009,27.04508399963379,27.512222290039062,5743736,27.64801788330078,27.099401473999023,21.131908416748047
28-05-2009,26.838674545288086,27.001630783081055,5161059,27.316675186157227,27.06138038635254,21.10225486755371
29-05-2009,26.985334396362305,27.110265731811523,7762945,27.865291595458984,27.805540084838867,21.682546615600586
01-06-2009,26.697446823120117,27.963064193725586,14474494,27.973926544189453,26.740901947021484,20.85235023498535
02-06-2009,26.110809326171875,26.78978729248047,21092153,26.876697540283203,26.17599105834961,20.411842346191406
03-06-2009,25.92069435119629,26.246604919433594,17855491,27.14285659790039,26.7680606842041,20.87353515625
04-06-2009,24.69310188293457,26.865833282470703,37282275,26.865833282470703,25.736013412475586,20.06874656677246
05-06-2009,25.480716705322266,25.839218139648438,16807410,26.067354202270508,25.833786010742188,20.144983291625977
08-06-2009,25.192829132080078,25.274307250976562,12054868,25.860944747924805,25.268875122070312,19.812782287597656
09-06-2009,25.17653465270996,25.4372615814209,11466853,25.774036407470703,25.42096710205078,19.93204116821289
10-06-2009,24.94839859008789,25.594785690307617,12031119,25.725149154663086,25.209125518798828,19.765941619873047
11-06-2009,25.089624404907227,25.290603637695312,20212523,26.29006004333496,26.002172470092773,20.387758255004883
12-06-2009,25.573057174682617,25.94242286682129,18569247,27.419879913330078,26.90385627746582,21.094743728637695
15-06-2009,26.02389907836914,26.93101692199707,12593176,26.941879272460938,26.241172790527344,20.575145721435547
16-06-2009,25.93699073791504,26.29549217224121,10620177,26.29549217224121,25.985876083374023,20.37497901916504
17-06-2009,25.94242286682129,25.980445861816406,9122339,26.892993927001953,26.485605239868164,20.766807556152344
18-06-2009,26.344377517700195,26.5725154876709,8657118,27.457902908325195,27.012493133544922,21.17992401123047
19-06-2009,27.229766845703125,27.246061325073242,17957482,28.115154266357422,27.91417694091797,21.886913299560547
22-06-2009,27.208038330078125,27.64801788330078,9126758,27.6534481048584,27.41444969177246,21.495094299316406
23-06-2009,27.170015335083008,27.425312042236328,6399500,27.6860408782959,27.40358543395996,21.486570358276367
24-06-2009,27.262357711791992,27.604562759399414,6638646,27.62628936767578,27.501358032226562,21.563232421875
25-06-2009,27.457902908325195,27.463335037231445,8969720,28.609451293945312,28.370450973510742,22.244667053222656
26-06-2009,27.946767807006836,28.354154586791992,8284868,28.48995018005371,28.381315231323242,22.253189086914062
29-06-2009,28.120586395263672,28.381315231323242,7950727,28.804996490478516,28.76154327392578,22.551321029663086
30-06-2009,28.473655700683594,28.76154327392578,8064316,28.86474609375,28.7669734954834,22.55558204650879
01-07-2009,28.310701370239258,28.64204216003418,8439512,28.810428619384766,28.64747428894043,22.46187973022461
02-07-2009,28.375883102416992,28.40304183959961,10568076,28.940792083740234,28.87017822265625,22.63649559020996
06-07-2009,28.560565948486328,28.75067901611328,6604956,28.97881507873535,28.728952407836914,22.52576446533203
07-07-2009,28.614883422851562,28.7887020111084,5430214,29.13633918762207,28.66377067565918,22.474653244018555
08-07-2009,28.348724365234375,28.75067901611328,10421533,28.924497604370117,28.430200576782227,22.291515350341797
09-07-2009,28.473655700683594,28.571428298950195,9976931,29.01683807373047,28.593156814575195,22.41929054260254
10-07-2009,28.413904190063477,28.51167869567871,6634964,29.02227020263672,28.65290641784668,22.466140747070312
13-07-2009,28.636611938476562,28.66377067565918,8617537,29.25040626525879,29.01140785217285,22.74723243713379
14-07-2009,28.7887020111084,29.103748321533203,6769725,29.331884384155273,29.060293197631836,22.785564422607422
15-07-2009,28.593156814575195,29.02770233154297,9358171,29.054861068725586,28.837587356567383,22.61093521118164
16-07-2009,29.060293197631836,29.337316513061523,16939962,30.065181732177734,29.733840942382812,23.313674926757812
17-07-2009,29.185224533081055,29.782726287841797,9488146,29.831613540649414,29.413362503051758,23.062406539916992
20-07-2009,28.913633346557617,29.549158096313477,7799397,29.576316833496094,29.158065795898438,22.86221694946289
21-07-2009,28.87017822265625,29.331884384155273,6744319,29.440521240234375,29.321020126342773,22.989994049072266
22-07-2009,29.228679656982422,29.26127052307129,6346295,29.777294158935547,29.424226760864258,23.0709171295166
23-07-2009,29.174362182617188,29.543725967407227,5649661,29.85877227783203,29.331884384155273,22.99851417541504
24-07-2009,28.8973388671875,29.25040626525879,5190331,29.695817947387695,29.684953689575195,23.275348663330078
27-07-2009,29.494840621948242,29.76099967956543,4916943,29.847909927368164,29.652362823486328,23.249792098999023
28-07-2009,29.87506866455078,30.266159057617188,6886813,30.353069305419922,29.967409133911133,23.496816635131836
29-07-2009,29.9130916595459,29.929386138916016,6531868,30.38566017150879,30.304182052612305,23.7608699798584
30-07-2009,30.363933563232422,30.423683166503906,7334176,30.890819549560547,30.521455764770508,23.931230545043945
31-07-2009,30.47800064086914,30.47800064086914,7824250,30.98316192626953,30.61922836303711,24.007888793945312
03-08-2009,30.47256851196289,30.95056915283203,4661596,31.080934524536133,30.711570739746094,24.080289840698242
04-08-2009,29.99456787109375,30.581205368041992,6336170,30.61379623413086,30.304182052612305,23.7608699798584
05-08-2009,30.054317474365234,30.37479591369629,6326412,30.510591506958008,30.184682846069336,23.66716957092285
06-08-2009,29.728408813476562,30.39109230041504,6988252,30.39109230041504,29.809886932373047,23.3732967376709
07-08-2009,29.86420440673828,29.967409133911133,6951800,30.195545196533203,30.08147621154785,23.58625030517578
10-08-2009,29.815317153930664,30.09234046936035,3574854,30.190113067626953,30.14122772216797,23.633094787597656
11-08-2009,29.9022274017334,30.13579559326172,4672642,30.282455444335938,29.9891357421875,23.513843536376953
12-08-2009,29.657794952392578,29.9022274017334,6114513,30.211841583251953,29.972841262817383,23.50107192993164
13-08-2009,29.60347557067871,30.1086368560791,6479768,30.1086368560791,29.90765953063965,23.44996452331543
14-08-2009,29.668657302856445,29.940250396728516,5030901,30.1086368560791,30.0,23.522363662719727
17-08-2009,29.60890769958496,29.831613540649414,5634012,30.461706161499023,30.13036346435547,23.62457847595215
18-08-2009,29.793590545654297,30.09234046936035,4296710,30.315046310424805,29.951114654541016,23.484033584594727
19-08-2009,29.712112426757812,29.712112426757812,5315888,30.543182373046875,30.516023635864258,23.926969528198242
20-08-2009,30.282455444335938,30.358501434326172,3853949,30.570341110229492,30.48886489868164,23.905670166015625
21-08-2009,30.271591186523438,30.570341110229492,4542299,30.74959373474121,30.575773239135742,23.973814010620117
24-08-2009,30.554046630859375,30.72786521911621,4336660,30.847366333007812,30.760456085205078,24.118623733520508
25-08-2009,30.689842224121094,30.787614822387695,5094415,31.167844772338867,30.901683807373047,24.229354858398438
26-08-2009,30.798479080200195,30.809343338012695,4860608,31.200435638427734,30.87995719909668,24.212318420410156
27-08-2009,30.548614501953125,30.87452507019043,5116691,31.02118492126465,30.86366081237793,24.199535369873047
28-08-2009,30.61922836303711,30.95600128173828,3510235,30.98859214782715,30.841934204101562,24.18250274658203
31-08-2009,30.581205368041992,30.73329734802246,4802433,31.1026611328125,30.917978286743164,24.242136001586914
01-09-2009,30.282455444335938,30.592069625854492,5854932,30.96143341064453,30.450841903686523,23.875864028930664
02-09-2009,30.190113067626953,30.298751831054688,5870029,30.564910888671875,30.190113067626953,23.671428680419922
03-09-2009,30.179250717163086,30.325910568237305,5334482,30.657251358032227,30.63009262084961,24.016408920288086
04-09-2009,30.592069625854492,30.695274353027344,5657393,30.87452507019043,30.755023956298828,24.114368438720703
08-09-2009,30.12493133544922,30.87995719909668,6234731,30.939706802368164,30.200977325439453,23.7891845703125
09-09-2009,30.200977325439453,30.200977325439453,5903167,30.689842224121094,30.320478439331055,23.88331413269043
10-09-2009,30.027158737182617,30.266159057617188,5531837,30.48343276977539,30.48343276977539,24.01167869567871
11-09-2009,30.499727249145508,30.499727249145508,8560650,31.075502395629883,30.885387420654297,24.328296661376953
14-09-2009,30.711570739746094,30.890819549560547,5335954,30.934274673461914,30.907115936279297,24.345409393310547
15-09-2009,30.277023315429688,30.901683807373047,8119915,30.901683807373047,30.39109230041504,23.938934326171875
16-09-2009,30.021726608276367,30.689842224121094,9820630,30.98859214782715,30.48343276977539,24.01167869567871
17-09-2009,30.38022804260254,30.461706161499023,18597046,32.09668731689453,31.792503356933594,25.042831420898438
18-09-2009,31.683866500854492,31.98261833190918,8279161,32.11841583251953,31.700162887573242,24.970090866088867
21-09-2009,31.51004981994629,31.575231552124023,4804090,31.912004470825195,31.651275634765625,24.931581497192383
22-09-2009,31.428571701049805,31.667572021484375,4850851,31.928300857543945,31.586095809936523,24.880237579345703
23-09-2009,30.798479080200195,31.569799423217773,10129918,31.624116897583008,30.847366333007812,24.2983455657959
24-09-2009,30.782184600830078,30.934274673461914,6966344,31.1243896484375,31.0157527923584,24.43099021911621
25-09-2009,30.890819549560547,31.0157527923584,6004422,31.461162567138672,31.167844772338867,24.550779342651367
28-09-2009,31.064638137817383,31.25475311279297,4358568,31.47745704650879,31.20586585998535,24.580732345581055
29-09-2009,30.825637817382812,31.195003509521484,5300791,31.325366973876953,30.847366333007812,24.2983455657959
30-09-2009,30.282455444335938,30.890819549560547,11590384,31.113525390625,30.96686553955078,24.39247703552246
01-10-2009,30.23900032043457,30.99945640563965,8003748,31.075502395629883,30.26072883605957,23.836252212524414
02-10-2009,30.179250717163086,30.26072883605957,7228871,30.87995719909668,30.798479080200195,24.259838104248047
05-10-2009,30.418251037597656,30.755023956298828,6488052,31.053775787353516,30.934274673461914,24.366798400878906
06-10-2009,30.668115615844727,31.064638137817383,6050262,31.287343978881836,31.10809326171875,24.503721237182617
07-10-2009,30.9940242767334,31.10809326171875,4252342,31.303638458251953,31.276479721069336,24.63636016845703
08-10-2009,31.178707122802734,31.417707443237305,6095735,31.48288917541504,31.26018524169922,24.623519897460938
09-10-2009,31.178707122802734,31.292776107788086,4286400,31.662139892578125,31.60782241821289,24.897350311279297
12-10-2009,31.276479721069336,31.374252319335938,5244273,31.651275634765625,31.368820190429688,24.709087371826172
13-10-2009,31.059207916259766,31.51548194885254,6258295,31.59695816040039,31.34166145324707,24.68769645690918
14-10-2009,30.923410415649414,31.51004981994629,13077544,31.51004981994629,30.96143341064453,24.38819694519043
15-10-2009,29.397066116333008,29.85877227783203,28214430,30.173818588256836,29.60347557067871,23.31853675842285
16-10-2009,29.467681884765625,29.73927116394043,14744753,30.168386459350586,29.967409133911133,23.605213165283203
19-10-2009,29.847909927368164,29.9891357421875,7297724,30.304182052612305,30.14122772216797,23.74211883544922
20-10-2009,29.87506866455078,30.14665985107422,10610051,30.25529670715332,30.10320472717285,23.712177276611328
21-10-2009,30.00543212890625,30.027158737182617,7610878,30.23356819152832,30.043455123901367,23.665103912353516
22-10-2009,29.804454803466797,29.972841262817383,6794395,30.320478439331055,30.195545196533203,23.784910202026367
23-10-2009,29.61977195739746,30.0869083404541,6688169,30.13579559326172,29.91852378845215,23.566701889038086
26-10-2009,29.777294158935547,29.945682525634766,5005127,30.24986457824707,29.9130916595459,23.562429428100586
27-10-2009,29.657794952392578,29.9891357421875,7699430,30.027158737182617,29.663227081298828,23.365604400634766
28-10-2009,29.587181091308594,29.60347557067871,6677491,29.86420440673828,29.61977195739746,23.33137321472168
29-10-2009,29.14177131652832,29.733840942382812,8115496,29.733840942382812,29.489408493041992,23.228689193725586
30-10-2009,29.060293197631836,29.402498245239258,7913354,29.706680297851562,29.36447525024414,23.13027572631836
02-11-2009,29.37533950805664,29.37533950805664,5244089,29.75013542175293,29.63063621520996,23.339933395385742
03-11-2009,29.174362182617188,29.52743148803711,5383452,29.684953689575195,29.288429260253906,23.07037925720215
04-11-2009,29.174362182617188,29.174362182617188,9443962,29.61977195739746,29.315589904785156,23.09177589416504
05-11-2009,29.413362503051758,29.435089111328125,5590565,29.809886932373047,29.788158416748047,23.46401596069336
06-11-2009,29.51656723022461,29.76643180847168,5006968,29.978273391723633,29.940250396728516,23.583810806274414
09-11-2009,29.940250396728516,30.054317474365234,7571297,30.62466049194336,30.575773239135742,24.084409713745117
10-11-2009,30.532318115234375,30.532318115234375,10477131,31.2330265045166,31.2221622467041,24.593568801879883
11-11-2009,30.86366081237793,31.319934844970703,5670464,31.319934844970703,31.0157527923584,24.43099021911621
12-11-2009,29.61977195739746,30.885387420654297,20208289,30.885387420654297,29.74470329284668,23.429784774780273
13-11-2009,29.52199935913086,29.75556755065918,9882488,30.0108642578125,29.777294158935547,23.45545196533203
16-11-2009,29.62520408630371,29.826181411743164,8632081,30.0108642578125,29.793590545654297,23.468292236328125
17-11-2009,29.788158416748047,29.788158416748047,5545276,30.059749603271484,29.842477798461914,23.506797790527344
18-11-2009,29.820749282836914,29.88593292236328,7786694,30.304182052612305,30.24443244934082,23.823410034179688
19-11-2009,29.815317153930664,30.09234046936035,9241820,30.184682846069336,29.847909927368164,23.511079788208008
20-11-2009,29.418794631958008,29.717544555664062,10554269,29.847909927368164,29.51113510131836,23.24579620361328
23-11-2009,29.554590225219727,29.86420440673828,8191345,29.983705520629883,29.690385818481445,23.386999130249023
24-11-2009,29.60347557067871,29.695817947387695,6319601,30.0977725982666,30.0,23.630876541137695
25-11-2009,29.684953689575195,30.14122772216797,7425489,30.14665985107422,29.73927116394043,23.425500869750977
27-11-2009,29.223247528076172,29.668657302856445,3611674,30.016294479370117,29.782726287841797,23.459726333618164
30-11-2009,29.554590225219727,29.76099967956543,7428803,29.847909927368164,29.63063621520996,23.339933395385742
01-12-2009,29.63063621520996,29.701248168945312,7299381,30.1086368560791,29.99456787109375,23.626598358154297
02-12-2009,29.88050079345703,29.88050079345703,7180084,30.439977645874023,30.39109230041504,23.938934326171875
03-12-2009,30.304182052612305,30.37479591369629,10906820,31.042911529541016,30.673547744750977,24.161436080932617
04-12-2009,30.48886489868164,30.841934204101562,11119640,31.1026611328125,30.793046951293945,24.255552291870117
07-12-2009,30.266159057617188,30.711570739746094,7125775,30.912548065185547,30.423683166503906,23.964609146118164
08-12-2009,29.923954010009766,30.195545196533203,10048362,30.222705841064453,29.940250396728516,23.70655632019043
09-12-2009,29.9022274017334,29.9891357421875,7432301,30.418251037597656,30.36936378479004,24.04633140563965
10-12-2009,30.39109230041504,30.407386779785156,16214423,31.759912490844727,31.542640686035156,24.975324630737305
11-12-2009,31.33622932434082,31.50461769104004,17911273,32.44975662231445,32.319393157958984,25.590347290039062
14-12-2009,31.863117218017578,32.4117317199707,9934957,32.4117317199707,32.01520919799805,25.349502563476562
15-12-2009,31.770776748657227,31.955459594726562,7250410,32.10211944580078,32.04779815673828,25.375307083129883
16-12-2009,31.700162887573242,32.04779815673828,10594955,32.3900032043457,31.73818588256836,25.130151748657227
17-12-2009,31.444866180419922,31.689298629760742,6697006,31.83595848083496,31.49375343322754,24.936609268188477
18-12-2009,30.841934204101562,31.303638458251953,11535706,31.368820190429688,31.287343978881836,24.773181915283203
21-12-2009,31.21673011779785,31.379684448242188,8760767,31.705595016479492,31.673004150390625,25.078540802001953
22-12-2009,31.60782241821289,31.82509422302246,5889727,32.0206413269043,31.863117218017578,25.229076385498047
23-12-2009,31.765344619750977,31.765344619750977,3813447,32.0206413269043,31.917436599731445,25.2720890045166
24-12-2009,31.85225486755371,32.0315055847168,1272499,32.0315055847168,31.944595336914062,25.293590545654297
28-12-2009,31.808799743652344,31.944595336914062,3435858,32.129276275634766,32.129276275634766,25.439821243286133
29-12-2009,31.98805046081543,32.10755157470703,5634196,32.21075439453125,32.161869049072266,25.465627670288086
30-12-2009,31.922868728637695,31.966323852539062,2686940,32.09668731689453,32.0423698425293,25.371002197265625
31-12-2009,31.781639099121094,31.97175407409668,3027709,32.0423698425293,31.873981475830078,25.23767852783203
04-01-2010,31.309070587158203,32.0423698425293,11467589,32.0423698425293,31.662139892578125,25.069942474365234
05-01-2010,31.34709358215332,31.673004150390625,5993744,31.673004150390625,31.444866180419922,24.89790153503418
06-01-2010,31.35795783996582,31.50461769104004,5229361,31.71645736694336,31.553504943847656,24.98392105102539
07-01-2010,31.461162567138672,31.51004981994629,6279467,32.156436920166016,32.06409454345703,25.388200759887695
08-01-2010,31.960891723632812,32.10211944580078,5171369,32.265071868896484,32.140140533447266,25.448421478271484
11-01-2010,31.901140213012695,32.172733306884766,5439419,32.172733306884766,31.955459594726562,25.302194595336914
12-01-2010,31.82509422302246,31.901140213012695,9434020,32.67789077758789,32.46062088012695,25.702178955078125
13-01-2010,32.46062088012695,32.53666687011719,7932501,32.895164489746094,32.791961669921875,25.964527130126953
14-01-2010,32.86257553100586,33.02009963989258,11379957,33.61216735839844,33.51982498168945,26.540851593017578
15-01-2010,32.98207473754883,33.427486419677734,8236082,33.59043884277344,33.443782806396484,26.480640411376953
19-01-2010,32.656166076660156,32.67789077758789,10666570,33.47637176513672,33.373165130615234,26.424724578857422
20-01-2010,32.634437561035156,33.31884765625,8736281,33.59043884277344,33.02553176879883,26.149463653564453
21-01-2010,32.2379150390625,33.08528137207031,7913170,33.08528137207031,32.37371063232422,25.633363723754883
22-01-2010,31.863117218017578,32.25421142578125,7451632,32.48234558105469,31.906572341918945,25.263484954833984
25-01-2010,31.922868728637695,32.0315055847168,6397659,32.55295944213867,32.02607345581055,25.358108520507812
26-01-2010,31.83052635192871,31.912004470825195,5531653,32.22161865234375,32.08039093017578,25.401113510131836
27-01-2010,31.49375343322754,32.11841583251953,8232584,32.24334716796875,31.99891471862793,25.336597442626953
28-01-2010,30.700706481933594,31.33079719543457,11958952,31.895708084106445,31.61325454711914,25.031238555908203
29-01-2010,31.24388885498047,31.629549026489258,6105861,31.781639099121094,31.281911849975586,24.76888084411621
01-02-2010,30.95056915283203,31.26561737060547,6613056,31.434003829956055,31.428571701049805,24.885013580322266
02-02-2010,31.292776107788086,31.401411056518555,5410883,31.792503356933594,31.759912490844727,25.147356033325195
03-02-2010,31.173274993896484,31.640413284301758,6740453,31.711027145385742,31.22759437561035,24.725873947143555
04-02-2010,30.602933883666992,31.075502395629883,10924678,31.146116256713867,30.602933883666992,24.23126983642578
05-02-2010,30.445409774780273,30.564910888671875,8389069,30.896251678466797,30.73872947692871,24.338790893554688
08-02-2010,30.592069625854492,30.755023956298828,5257160,30.87995719909668,30.61379623413086,24.2398738861084
09-02-2010,30.46713638305664,30.803911209106445,5890832,31.053775787353516,30.62466049194336,24.248470306396484
10-02-2010,30.363933563232422,30.662683486938477,6289040,30.798479080200195,30.48886489868164,24.140945434570312
11-02-2010,30.298751831054688,30.516023635864258,8654725,30.559478759765625,30.423683166503906,24.08933448791504
12-02-2010,30.032590866088867,30.358501434326172,7184687,30.418251037597656,30.37479591369629,24.05063247680664
16-02-2010,30.423683166503906,30.49429702758789,6274864,30.95600128173828,30.928842544555664,24.489320755004883
17-02-2010,31.0048885345459,31.037479400634766,8283211,31.455730438232422,31.314502716064453,24.794687271118164
18-02-2010,31.059207916259766,31.2112979888916,5374984,31.406843185424805,31.167844772338867,24.678558349609375
19-02-2010,30.907115936279297,31.167844772338867,7192419,31.314502716064453,31.25475311279297,24.74737548828125
22-02-2010,31.0048885345459,31.34166145324707,7768284,31.444866180419922,31.363388061523438,24.83339500427246
23-02-2010,30.912548065185547,31.319934844970703,7117490,31.35795783996582,30.939706802368164,24.4979248046875
24-02-2010,30.934274673461914,31.097230911254883,4954315,31.34166145324707,31.287343978881836,24.773181915283203
25-02-2010,30.782184600830078,31.140684127807617,8144584,31.189571380615234,31.01032066345215,24.553836822509766
26-02-2010,30.74959373474121,31.026615142822266,7998777,31.151548385620117,30.923410415649414,24.485015869140625
01-03-2010,30.917978286743164,31.02118492126465,9315276,31.26561737060547,31.10809326171875,24.63125228881836
02-03-2010,31.167844772338867,31.167844772338867,7305456,31.873981475830078,31.749048233032227,25.13875389099121
03-03-2010,31.72188949584961,32.183597564697266,7394929,32.248779296875,32.04779815673828,25.375307083129883
04-03-2010,31.863117218017578,32.10755157470703,6897859,32.2379150390625,32.06952667236328,25.392501831054688
05-03-2010,31.99348258972168,32.129276275634766,6859934,32.37914276123047,32.308528900146484,25.58174705505371
08-03-2010,31.99891471862793,32.22705078125,4114635,32.259639739990234,32.11841583251953,25.555818557739258
09-03-2010,31.97175407409668,32.08039093017578,4154769,32.172733306884766,32.03693771362305,25.490989685058594
10-03-2010,31.711027145385742,32.129276275634766,6061493,32.145572662353516,31.765344619750977,25.274892807006836
11-03-2010,31.184139251708984,31.662139892578125,6706763,31.72188949584961,31.59152603149414,25.136592864990234
12-03-2010,31.292776107788086,31.73275375366211,6843918,31.82509422302246,31.401411056518555,24.98531150817871
15-03-2010,31.374252319335938,31.379684448242188,5737845,31.73818588256836,31.705595016479492,25.227352142333984
16-03-2010,31.412275314331055,31.683866500854492,4733395,31.683866500854492,31.531776428222656,25.089052200317383
17-03-2010,31.450298309326172,31.531776428222656,4544693,31.83052635192871,31.689298629760742,25.214378356933594
18-03-2010,31.667572021484375,31.72188949584961,4400726,32.07495880126953,32.0315055847168,25.48667335510254
19-03-2010,31.912004470825195,32.183597564697266,7957354,32.22161865234375,32.183597564697266,25.607685089111328
22-03-2010,32.03693771362305,32.161869049072266,8103898,32.72134780883789,32.4117317199707,25.789199829101562
23-03-2010,32.03693771362305,32.4117317199707,6526345,32.48234558105469,32.248779296875,25.659555435180664
24-03-2010,31.939163208007812,32.24334716796875,4731186,32.259639739990234,31.99348258972168,25.456411361694336
25-03-2010,31.776208877563477,32.10755157470703,6020622,32.178165435791016,31.895708084106445,25.378612518310547
26-03-2010,31.526344299316406,31.901140213012695,5802096,31.928300857543945,31.73818588256836,25.253276824951172
29-03-2010,31.770776748657227,31.83595848083496,4431655,31.98261833190918,31.890277862548828,25.374300003051758
30-03-2010,31.792503356933594,31.966323852539062,4013012,32.04779815673828,31.868549346923828,25.356998443603516
31-03-2010,31.569799423217773,31.72188949584961,5452674,31.797935485839844,31.61325454711914,25.153881072998047
01-04-2010,31.455730438232422,31.678436279296875,6023016,31.928300857543945,31.629549026489258,25.166833877563477
05-04-2010,31.444866180419922,31.624116897583008,5374615,31.83052635192871,31.645845413208008,25.179813385009766
06-04-2010,31.50461769104004,31.537208557128906,4049280,31.765344619750977,31.61325454711914,25.153881072998047
07-04-2010,31.35795783996582,31.49918556213379,7907463,31.548072814941406,31.48832130432129,25.054462432861328
08-04-2010,31.303638458251953,31.47745704650879,4035472,31.50461769104004,31.34166145324707,24.937772750854492
09-04-2010,31.319934844970703,31.401411056518555,6594830,31.640413284301758,31.49918556213379,25.0631103515625
12-04-2010,31.292776107788086,31.461162567138672,7200335,31.667572021484375,31.586095809936523,25.132265090942383
13-04-2010,31.325366973876953,31.455730438232422,12337462,32.10211944580078,32.08039093017578,25.525569915771484
14-04-2010,31.749048233032227,32.259639739990234,12205094,32.297664642333984,32.19989013671875,25.620641708374023
15-04-2010,31.99348258972168,31.99348258972168,8642943,32.4551887512207,32.32482147216797,25.720048904418945
16-04-2010,31.884845733642578,32.161869049072266,7362527,32.40629959106445,32.10211944580078,25.5428524017334
19-04-2010,31.895708084106445,31.98805046081543,6275785,32.275936126708984,32.22705078125,25.64225959777832
20-04-2010,32.205322265625,32.24334716796875,7030595,32.56382369995117,32.54752731323242,25.897254943847656
21-04-2010,31.73275375366211,32.46604919433594,12693327,32.46604919433594,32.0206413269043,25.47801971435547
22-04-2010,26.099945068359375,27.104833602905273,92405681,28.288972854614258,27.77294921875,22.098237991333008
23-04-2010,26.740901947021484,27.838130950927734,47652444,28.00651741027832,26.78978729248047,21.31596565246582
26-04-2010,25.80119514465332,26.849538803100586,38533971,26.849538803100586,25.850080490112305,20.568262100219727
27-04-2010,25.616512298583984,25.91526222229004,26971939,25.92612648010254,25.79576301574707,20.52504539489746
28-04-2010,25.736013412475586,25.855512619018555,24784094,26.333513259887695,26.013036727905273,20.697919845581055
29-04-2010,26.148832321166992,26.17599105834961,14539298,26.5833797454834,26.19228744506836,20.840553283691406
30-04-2010,25.64910316467285,26.41499137878418,15281036,26.54535675048828,25.64910316467285,20.408355712890625
03-05-2010,25.64910316467285,25.866376876831055,12184474,25.953285217285156,25.80119514465332,20.52936363220215
04-05-2010,24.356327056884766,24.53557777404785,31449803,25.149375915527344,24.486692428588867,19.48344612121582
05-05-2010,24.4432373046875,24.633350372314453,24455844,24.801738739013672,24.796306610107422,19.729799270629883
06-05-2010,24.55730628967285,24.796306610107422,34081328,25.627376556396484,24.986419677734375,19.881067276000977
07-05-2010,24.220531463623047,24.883216857910156,26013330,24.899511337280273,24.508419036865234,19.500734329223633
10-05-2010,24.93753433227539,25.4372615814209,10835206,25.736013412475586,25.143943786621094,20.006404876708984
11-05-2010,24.633350372314453,24.856056213378906,13760370,25.095056533813477,24.714828491210938,19.664979934692383
12-05-2010,24.3346004486084,24.758283615112305,19091722,24.758283615112305,24.378055572509766,19.397005081176758
13-05-2010,23.95437240600586,24.29114532470703,13749140,24.4649658203125,23.986963272094727,19.08582305908203
14-05-2010,23.44378089904785,23.94894027709961,12542917,23.96523666381836,23.644758224487305,18.81353759765625
17-05-2010,22.86257553100586,23.46550750732422,19798666,23.541553497314453,23.058120727539062,18.34676742553711
18-05-2010,23.107006072998047,23.275394439697266,23330993,23.80771255493164,23.56871223449707,18.753036499023438
19-05-2010,23.030960083007812,23.56328010559082,20653995,23.628463745117188,23.139598846435547,18.41160011291504
20-05-2010,22.509506225585938,22.94405174255371,21748285,22.94405174255371,22.569255828857422,17.95779037475586
21-05-2010,22.031505584716797,22.308528900146484,29819782,22.38457489013672,22.09125518798828,17.577457427978516
24-05-2010,21.98805046081543,22.06952667236328,20496405,22.987506866455078,22.71591567993164,18.074487686157227
25-05-2010,22.151004791259766,22.60184669494629,16411226,22.737642288208008,22.688756942749023,18.052875518798828
26-05-2010,22.504074096679688,22.95491600036621,12805444,23.025529861450195,22.542097091674805,17.936182022094727
27-05-2010,22.493209838867188,22.813688278198242,9070055,22.878870010375977,22.85171127319336,18.182531356811523
28-05-2010,22.878870010375977,22.895166397094727,11180945,23.31884765625,22.93861961364746,18.251680374145508
01-06-2010,22.504074096679688,22.688756942749023,12630917,22.889734268188477,22.563823699951172,17.95346450805664
02-06-2010,22.38457489013672,22.47148323059082,9683476,22.71591567993164,22.71048355102539,18.070158004760742
03-06-2010,22.667028427124023,22.72677993774414,9292079,23.10157585144043,22.916893005371094,18.234394073486328
04-06-2010,22.390005111694336,22.85171127319336,10058119,22.85171127319336,22.47148323059082,17.8799991607666
07-06-2010,22.406301498413086,22.829984664916992,9982454,23.07984733581543,22.422595977783203,17.841100692749023
08-06-2010,22.026073455810547,22.38457489013672,11794367,22.38457489013672,22.259641647338867,17.83674430847168
09-06-2010,21.912004470825195,22.303096771240234,12965611,22.37914276123047,21.98261833190918,17.614763259887695
10-06-2010,22.1292781829834,22.297664642333984,9386339,22.36284637451172,22.3139591217041,17.880268096923828
11-06-2010,22.09668731689453,22.167299270629883,7607012,22.558391571044922,22.493209838867188,18.02390480041504
14-06-2010,22.520368576049805,22.623573303222656,8240500,22.976642608642578,22.520368576049805,18.045663833618164
15-06-2010,22.639869689941406,22.639869689941406,11638066,23.025529861450195,23.009233474731445,18.437400817871094
16-06-2010,22.770233154296875,22.878870010375977,11572894,23.18848419189453,23.107006072998047,18.515745162963867
17-06-2010,22.927757263183594,23.21564483642578,9398673,23.2210750579834,23.128734588623047,18.533153533935547
18-06-2010,22.808256149291992,23.07984733581543,14091198,23.259098052978516,22.819120407104492,18.285057067871094
21-06-2010,22.835416793823242,23.20478057861328,7569456,23.356870651245117,23.009233474731445,18.437400817871094
22-06-2010,22.618141174316406,23.025529861450195,8897185,23.139598846435547,22.629005432128906,18.132722854614258
23-06-2010,22.411733627319336,22.683324813842773,9254155,22.775665283203125,22.444324493408203,17.984731674194336
24-06-2010,22.286800384521484,22.36284637451172,11010469,22.552959442138672,22.34111976623535,17.902040481567383
25-06-2010,22.194459915161133,22.292232513427734,14447248,22.906028747558594,22.69961929321289,18.189302444458008
28-06-2010,22.563823699951172,22.69961929321289,7440770,23.134166717529297,22.916893005371094,18.3634033203125
29-06-2010,22.183595657348633,22.737642288208008,10809247,22.84084701538086,22.38457489013672,17.93685531616211
30-06-2010,22.004344940185547,22.3248233795166,9173335,22.3248233795166,22.07495880126953,17.68876075744629
01-07-2010,21.863117218017578,22.015209197998047,11196594,22.417165756225586,22.3465518951416,17.9063777923584
02-07-2010,22.281368255615234,22.3356876373291,8003748,22.791961669921875,22.623573303222656,18.128360748291016
06-07-2010,22.542097091674805,22.813688278198242,7654142,22.900598526000977,22.69961929321289,18.189302444458008
07-07-2010,22.552959442138672,22.667028427124023,7502811,23.297121047973633,23.2428035736084,18.624561309814453
08-07-2010,23.107006072998047,23.362302780151367,9809769,23.58500862121582,23.56871223449707,18.88570785522461
09-07-2010,23.59587287902832,23.628463745117188,9177201,24.101032257080078,23.851167678833008,19.112045288085938
12-07-2010,23.661054611206055,23.81857681274414,6598512,23.883758544921875,23.742530822753906,19.024999618530273
13-07-2010,23.612167358398438,23.894622802734375,11161247,24.101032257080078,23.764259338378906,19.042400360107422
14-07-2010,23.31884765625,23.666486740112305,10415826,23.666486740112305,23.492666244506836,18.824771881103516
15-07-2010,22.786529541015625,23.384029388427734,18753715,23.4166202545166,23.145029067993164,18.546205520629883
16-07-2010,22.906028747558594,23.052688598632812,13612538,23.302553176879883,23.058120727539062,18.476572036743164
19-07-2010,23.003801345825195,23.139598846435547,5940171,23.21021270751953,23.145029067993164,18.546205520629883
20-07-2010,22.916893005371094,23.030960083007812,8198341,23.2210750579834,23.19934844970703,18.589731216430664
21-07-2010,22.514938354492188,23.21564483642578,8383178,23.21564483642578,22.70505142211914,18.19365692138672
22-07-2010,23.253665924072266,23.44378089904785,13963617,24.030418395996094,23.492666244506836,18.824771881103516
23-07-2010,23.80771255493164,24.008691787719727,11710417,24.225963592529297,23.894622802734375,19.146860122680664
26-07-2010,23.932645797729492,23.932645797729492,9318037,24.519283294677734,24.29114532470703,19.464599609375
27-07-2010,24.215099334716797,24.497556686401367,5611736,24.5410099029541,24.3346004486084,19.499412536621094
28-07-2010,23.82944107055664,24.263986587524414,6277258,24.3346004486084,23.96523666381836,19.203439712524414
29-07-2010,23.72080421447754,24.041282653808594,7541472,24.247690200805664,23.737098693847656,19.02063751220703
30-07-2010,23.351438522338867,23.58500862121582,5438866,23.916349411010742,23.775121688842773,19.05110740661621
02-08-2010,24.014123916625977,24.122758865356445,6121141,24.519283294677734,24.31830406188965,19.48636245727539
03-08-2010,24.08473777770996,24.31287384033203,4661412,24.513851165771484,24.128190994262695,19.334026336669922
04-08-2010,24.101032257080078,24.133623123168945,6163852,24.475828170776367,24.44866943359375,19.590822219848633
05-08-2010,24.18794059753418,24.4432373046875,7002059,24.611623764038086,24.4541015625,19.595172882080078
06-08-2010,24.19880485534668,24.32916831970215,4138384,24.55730628967285,24.513851165771484,19.643054962158203
09-08-2010,24.44866943359375,24.508419036865234,5496858,24.67137336730957,24.633350372314453,19.738801956176758
10-08-2010,24.502988815307617,24.58989715576172,12155203,25.32319450378418,25.16023826599121,20.161001205444336
11-08-2010,24.47039794921875,24.790874481201172,10690135,24.915807723999023,24.780010223388672,19.856321334838867
12-08-2010,24.492124557495117,24.492124557495117,8723579,25.013580322265625,24.877784729003906,19.934673309326172
13-08-2010,24.57360076904297,24.763715744018555,5612841,24.94296646118164,24.82889747619629,19.89550018310547
16-08-2010,24.475828170776367,24.725692749023438,4376978,24.84519386291504,24.698532104492188,19.791040420532227
17-08-2010,24.660511016845703,24.790874481201172,4664174,25.084192276000977,24.93753433227539,19.98255729675293
18-08-2010,24.731124877929688,25.002716064453125,3813447,25.095056533813477,24.894079208374023,19.947731018066406
19-08-2010,24.30200958251953,24.796306610107422,5528339,24.83976173400879,24.43780517578125,19.58211898803711
20-08-2010,24.003259658813477,24.399782180786133,7292937,24.426942825317383,24.20966911315918,19.39930534362793
23-08-2010,24.258554458618164,24.32916831970215,5625360,24.67680549621582,24.31830406188965,19.48636245727539
24-08-2010,23.536121368408203,23.95437240600586,8717135,24.090167999267578,23.900054931640625,19.15121078491211
25-08-2010,23.682781219482422,23.682781219482422,9816396,24.07387351989746,23.986963272094727,19.220855712890625
26-08-2010,23.601303100585938,24.014123916625977,7405791,24.133623123168945,23.601303100585938,18.911823272705078
27-08-2010,23.389461517333984,23.677349090576172,5610263,23.80228042602539,23.764259338378906,19.042400360107422
30-08-2010,23.46007537841797,23.699077606201172,3539691,23.856599807739258,23.46550750732422,18.803009033203125
31-08-2010,23.06898307800293,23.32427978515625,5767117,23.44378089904785,23.112438201904297,18.52009391784668
01-09-2010,23.31884765625,23.32427978515625,5496674,23.688213348388672,23.612167358398438,18.9205379486084
02-09-2010,23.606735229492188,23.666486740112305,3400879,23.992395401000977,23.900054931640625,19.15121078491211
03-09-2010,23.769689559936523,23.97610092163086,3761347,24.08473777770996,24.024986267089844,19.25132179260254
07-09-2010,23.938077926635742,24.014123916625977,5645979,24.30200958251953,24.106464385986328,19.316612243652344
08-09-2010,23.22650718688965,23.384029388427734,7797003,23.59587287902832,23.340576171875,18.8259220123291
09-09-2010,23.19391632080078,23.617599487304688,9016850,23.617599487304688,23.259098052978516,18.760202407836914
10-09-2010,23.264530181884766,23.31884765625,4609128,23.508962631225586,23.394893646240234,18.869728088378906
13-09-2010,23.411190032958984,23.525257110595703,4654600,23.633895874023438,23.503530502319336,18.957359313964844
14-09-2010,23.259098052978516,23.43291664123535,7699614,24.046714782714844,23.932645797729492,19.303466796875
15-09-2010,23.775121688842773,23.845735549926758,6464672,24.519283294677734,24.492124557495117,19.754728317260742
16-09-2010,24.28571319580078,24.502988815307617,6682462,24.611623764038086,24.432373046875,19.7065372467041
17-09-2010,24.236827850341797,24.44866943359375,9320615,24.54644203186035,24.43780517578125,19.710918426513672
20-09-2010,24.3454647064209,24.4432373046875,5223469,24.856056213378906,24.84519386291504,20.039506912231445
21-09-2010,24.970125198364258,24.975557327270508,14860368,25.757740020751953,25.746877670288086,20.766782760620117
22-09-2010,25.822921752929688,25.92069435119629,10980460,26.29006004333496,26.02389907836914,20.990222930908203
23-09-2010,25.763172149658203,25.855512619018555,6869876,26.02389907836914,25.877241134643555,20.87193489074707
24-09-2010,25.290603637695312,26.18142318725586,20435284,26.93101692199707,26.083650588989258,21.038408279418945
27-09-2010,25.958717346191406,26.17055892944336,6807466,26.26833152770996,25.958717346191406,20.937644958496094
28-09-2010,25.882671356201172,26.04019546508789,6324756,26.127105712890625,26.04562759399414,21.00775146484375
29-09-2010,25.763172149658203,25.877241134643555,4821211,26.05105972290039,25.866376876831055,20.86316680908203
30-09-2010,25.828353881835938,25.828353881835938,5746129,26.127105712890625,25.91526222229004,20.902599334716797
01-10-2010,25.69255828857422,26.132537841796875,6224421,26.19771957397461,25.882671356201172,20.87630844116211
04-10-2010,25.621944427490234,25.888103485107422,5213896,25.91526222229004,25.844650268554688,20.845645904541016
05-10-2010,25.904399871826172,25.985876083374023,6459701,26.28462791442871,26.252037048339844,21.174232482910156
06-10-2010,26.05105972290039,26.17599105834961,5764723,26.387832641601562,26.376968383789062,21.27500343322754
07-10-2010,26.28462791442871,26.387832641601562,7018260,26.5725154876709,26.496469497680664,21.371381759643555
08-10-2010,26.41499137878418,26.5725154876709,5651686,26.7789249420166,26.702878952026367,21.537864685058594
11-10-2010,26.626832962036133,26.724605560302734,4195087,26.854970932006836,26.80608367919922,21.621118545532227
12-10-2010,26.637697219848633,26.740901947021484,5829342,26.871265411376953,26.844106674194336,21.65178108215332
13-10-2010,26.6702880859375,26.876697540283203,6684303,26.952743530273438,26.827810287475586,21.638629913330078
14-10-2010,26.692014694213867,26.91472053527832,7158360,27.121129989624023,26.871265411376953,21.67367935180664
15-10-2010,26.43671989440918,27.034221649169922,14893322,27.083106994628906,26.485605239868164,21.362613677978516
18-10-2010,26.355241775512695,26.447582244873047,10825448,26.697446823120117,26.615970611572266,21.467771530151367
19-10-2010,26.317218780517578,26.40955924987793,8647177,26.6702880859375,26.398696899414062,21.29252815246582
20-10-2010,26.398696899414062,26.398696899414062,7271214,26.91472053527832,26.827810287475586,21.638629913330078
21-10-2010,27.023357391357422,27.126562118530273,16337218,28.120586395263672,27.740358352661133,22.374675750732422
22-10-2010,27.27322006225586,27.66974449157715,7702192,27.979358673095703,27.76751708984375,22.396575927734375
25-10-2010,27.343835830688477,27.91960906982422,9853953,28.191200256347656,27.39272117614746,22.094280242919922
26-10-2010,27.311243057250977,27.38728904724121,6463567,27.762086868286133,27.702335357666016,22.344005584716797
27-10-2010,27.28951644897461,27.555675506591797,4421898,27.604562759399414,27.593698501586914,22.256378173828125
28-10-2010,27.550243377685547,27.6751766204834,8195396,27.848995208740234,27.6860408782959,22.330862045288086
29-10-2010,27.370994567871094,27.599130630493164,6746713,27.6860408782959,27.6643123626709,22.313339233398438
01-11-2010,27.41444969177246,27.724063873291016,4703939,27.821836471557617,27.495925903320312,22.177528381347656
02-11-2010,27.566539764404297,27.696903228759766,4450065,27.794677734375,27.61542510986328,22.273902893066406
03-11-2010,27.338403701782227,27.577404022216797,4174099,27.832700729370117,27.53938102722168,22.212570190429688
04-11-2010,27.724063873291016,27.724063873291016,6217609,28.02281379699707,27.957632064819336,22.549917221069336
05-11-2010,27.740358352661133,27.93047332763672,3999204,28.01738166809082,27.984790802001953,22.571828842163086
08-11-2010,27.61542510986328,27.762086868286133,4959654,28.082563400268555,27.952199935913086,22.545541763305664
09-11-2010,27.91960906982422,27.935903549194336,4652759,28.245519638061523,28.066268920898438,22.637554168701172
10-11-2010,27.740358352661133,28.049972534179688,3874200,28.191200256347656,28.191200256347656,22.738309860229492
11-11-2010,27.946767807006836,28.071699142456055,3581666,28.240087509155273,28.234655380249023,22.77336311340332
12-11-2010,27.810972213745117,28.109722137451172,4362065,28.14774513244629,27.952199935913086,22.545541763305664
15-11-2010,27.832700729370117,27.93047332763672,3696544,28.120586395263672,27.941335678100586,22.536775588989258
16-11-2010,27.27322006225586,27.80010986328125,6259584,27.827268600463867,27.332971572875977,22.046091079711914
17-11-2010,27.267789840698242,27.332971572875977,3979690,27.61542510986328,27.457902908325195,22.1468505859375
18-11-2010,27.376426696777344,27.561107635498047,3348779,27.854427337646484,27.751222610473633,22.383438110351562
19-11-2010,27.582834243774414,27.838130950927734,4602500,27.91960906982422,27.91417694091797,22.514869689941406
22-11-2010,27.267789840698242,27.68060874938965,4941796,27.805540084838867,27.441608428955078,22.133703231811523
23-11-2010,26.79521942138672,27.115697860717773,5119637,27.15372085571289,26.892993927001953,21.691207885742188
24-11-2010,26.89842414855957,26.89842414855957,3895740,27.191743850708008,27.15915298461914,21.9058837890625
26-11-2010,26.81151580810547,26.969039916992188,1755578,27.15372085571289,27.023357391357422,21.79635238647461
29-11-2010,26.52906036376953,26.865833282470703,3672795,27.017925262451172,26.958175659179688,21.743783950805664
30-11-2010,26.28462791442871,26.740901947021484,12683570,26.79521942138672,26.371536254882812,21.270618438720703
01-12-2010,26.51819610595703,26.615970611572266,8962724,26.854970932006836,26.80065155029297,21.61672592163086
02-12-2010,26.724605560302734,26.7571964263916,7466728,27.072242736816406,26.974470138549805,21.756927490234375
03-12-2010,26.81694793701172,26.854970932006836,3635055,27.15915298461914,27.072242736816406,21.83578872680664
06-12-2010,26.833242416381836,26.90928840637207,2829985,27.05594825744629,26.882129669189453,21.682451248168945
07-12-2010,26.822378158569336,27.023357391357422,4568994,27.180879592895508,26.849538803100586,21.656164169311523
08-12-2010,26.68115234375,26.68115234375,3586268,27.007061004638672,26.887561798095703,21.823692321777344
09-12-2010,26.833242416381836,27.115697860717773,3367373,27.115697860717773,27.03965187072754,21.947139739990234
10-12-2010,27.04508399963379,27.191743850708008,4988926,27.39272117614746,27.30581283569336,22.163175582885742
13-12-2010,27.28951644897461,27.29494857788086,5723669,27.604562759399414,27.354698181152344,22.202852249145508
14-12-2010,27.322107315063477,27.65888023376465,11477346,28.136882781982422,28.136882781982422,22.837724685668945
15-12-2010,27.935903549194336,28.126018524169922,6562981,28.212928771972656,28.136882781982422,22.837724685668945
16-12-2010,27.973926544189453,28.082563400268555,5338716,28.40847396850586,28.229223251342773,22.912677764892578
17-12-2010,27.52308464050293,28.104291915893555,9963860,28.136882781982422,27.848995208740234,22.604061126708984
20-12-2010,27.571971893310547,27.89788246154785,7692250,27.957632064819336,27.582834243774414,22.388025283813477
21-12-2010,27.224334716796875,27.729494094848633,5417879,27.729494094848633,27.235197067260742,22.105859756469727
22-12-2010,27.170015335083008,27.170015335083008,4882516,27.6643123626709,27.506790161132812,22.326303482055664
23-12-2010,27.425312042236328,27.425312042236328,3312880,27.91960906982422,27.751222610473633,22.524700164794922
27-12-2010,27.593698501586914,27.64258575439453,2230187,27.854427337646484,27.6751766204834,22.462976455688477
28-12-2010,27.479631423950195,27.6751766204834,2816730,27.838130950927734,27.751222610473633,22.524700164794922
29-12-2010,27.64801788330078,27.77838134765625,2057133,27.810972213745117,27.6534481048584,22.44533348083496
30-12-2010,27.343835830688477,27.609994888305664,2397166,27.63715362548828,27.550243377685547,22.361572265625
31-12-2010,27.425312042236328,27.474199295043945,1993803,27.62085723876953,27.495925903320312,22.317493438720703
03-01-2011,27.316675186157227,27.61542510986328,8143111,27.64801788330078,27.457902908325195,22.286619186401367
04-01-2011,27.126562118530273,27.577404022216797,7852786,27.62085723876953,27.208038330078125,22.08381462097168
05-01-2011,26.958175659179688,27.099401473999023,5650397,27.571971893310547,27.53394889831543,22.348342895507812
06-01-2011,27.213470458984375,27.39815330505371,4979169,27.54481315612793,27.29494857788086,22.15436363220215
07-01-2011,26.626832962036133,27.381858825683594,7689489,27.40358543395996,26.838674545288086,21.78400993347168
10-01-2011,26.67572021484375,26.730037689208984,5849409,26.871265411376953,26.730037689208984,21.69583511352539
11-01-2011,26.512765884399414,26.80065155029297,6459701,27.093971252441406,26.958175659179688,21.881011962890625
12-01-2011,27.06681251525879,27.06681251525879,9707225,27.91960906982422,27.6860408782959,22.471792221069336
13-01-2011,27.27322006225586,27.691471099853516,6035903,27.718631744384766,27.349266052246094,22.198450088500977
14-01-2011,27.186311721801758,27.251493453979492,6220187,27.381858825683594,27.327539443969727,22.18080711364746
18-01-2011,27.38728904724121,27.571971893310547,4883621,27.6751766204834,27.599130630493164,22.40125274658203
19-01-2011,27.256925582885742,27.452470779418945,6042346,27.62628936767578,27.322107315063477,22.176401138305664
20-01-2011,27.246061325073242,27.251493453979492,6464487,27.51765251159668,27.457902908325195,22.286619186401367
21-01-2011,26.871265411376953,27.571971893310547,17338906,27.63172149658203,26.882129669189453,21.819290161132812
24-01-2011,26.78435516357422,26.822378158569336,11722936,27.15915298461914,26.979902267456055,21.898649215698242
25-01-2011,26.974470138549805,26.996198654174805,9658807,27.707767486572266,27.691471099853516,22.4761962890625
26-01-2011,27.474199295043945,27.65888023376465,11729011,27.76751708984375,27.64801788330078,22.440933227539062
27-01-2011,26.496469497680664,26.746334075927734,21075216,27.365562438964844,26.605106353759766,21.59444236755371
28-01-2011,26.355241775512695,26.5616512298584,12180240,26.92558479309082,26.398696899414062,21.42690658569336
31-01-2011,26.252037048339844,26.55621910095215,8240868,26.5725154876709,26.338945388793945,21.37840461730957
01-02-2011,26.317218780517578,26.442150115966797,11193832,26.68115234375,26.43128776550293,21.45336151123047
02-02-2011,26.27919578552246,26.387832641601562,6159066,26.501901626586914,26.344377517700195,21.382810592651367
03-02-2011,26.089082717895508,26.246604919433594,9404564,26.322650909423828,26.27919578552246,21.329906463623047
04-02-2011,26.306354522705078,26.52362823486328,9117000,26.588809967041016,26.355241775512695,21.391630172729492
07-02-2011,26.349809646606445,26.398696899414062,12629812,26.626832962036133,26.53449249267578,21.537124633789062
08-02-2011,26.40955924987793,26.469310760498047,17398555,26.719173431396484,26.6702880859375,21.6473445892334
09-02-2011,26.610538482666016,26.692014694213867,8781570,27.104833602905273,27.072242736816406,21.973596572875977
10-02-2011,26.92558479309082,27.028789520263672,5965761,27.14828872680664,27.05051612854004,21.955957412719727
11-02-2011,27.05051612854004,27.077674865722656,13828856,28.142314910888672,28.071699142456055,22.784820556640625
14-02-2011,27.946767807006836,28.071699142456055,9691945,28.18033790588379,28.087995529174805,22.798044204711914
15-02-2011,27.838130950927734,27.995655059814453,7781907,28.240087509155273,28.033676147460938,22.753957748413086
16-02-2011,28.039108276367188,28.17490577697754,8321320,28.582292556762695,28.451927185058594,23.093442916870117
17-02-2011,28.18033790588379,28.240087509155273,9931459,28.674633026123047,28.544269561767578,23.168392181396484
18-02-2011,28.50624656677246,28.614883422851562,8927930,28.9951114654541,28.804996490478516,23.380014419555664
22-02-2011,28.136882781982422,28.202064514160156,6552671,28.65290641784668,28.40847396850586,23.05816650390625
23-02-2011,28.033676147460938,28.375883102416992,6578814,28.587724685668945,28.093427658081055,22.802459716796875
24-02-2011,27.935903549194336,28.16947364807129,4845144,28.305269241333008,28.071699142456055,22.784820556640625
25-02-2011,28.049972534179688,28.136882781982422,4304442,28.51711082458496,28.473655700683594,23.111074447631836
28-02-2011,28.435632705688477,28.680065155029297,6158329,28.89190673828125,28.87017822265625,23.432918548583984
01-03-2011,28.310701370239258,28.940792083740234,7171247,29.02770233154297,28.348724365234375,23.00967788696289
02-03-2011,28.17490577697754,28.332427978515625,5418431,28.49538230895996,28.240087509155273,22.921497344970703
03-03-2011,28.49538230895996,28.49538230895996,13572036,29.331884384155273,29.282997131347656,23.76799201965332
04-03-2011,29.04399871826172,29.212385177612305,9386707,29.315589904785156,29.223247528076172,23.719491958618164
07-03-2011,28.79413414001465,29.196088790893555,7649355,29.293861389160156,28.848451614379883,23.415279388427734
08-03-2011,28.65833854675293,28.821292877197266,4972909,28.97881507873535,28.815860748291016,23.52614974975586
09-03-2011,28.690929412841797,28.815860748291016,4241112,28.924497604370117,28.832155227661133,23.539453506469727
10-03-2011,28.294404983520508,28.462791442871094,5271519,28.685497283935547,28.305269241333008,23.109294891357422
11-03-2011,28.17490577697754,28.310701370239258,7362711,28.690929412841797,28.571428298950195,23.326587677001953
14-03-2011,28.27267837524414,28.86474609375,5025930,28.86474609375,28.316133499145508,23.118152618408203
15-03-2011,27.63172149658203,27.821836471557617,8294994,27.979358673095703,27.832700729370117,22.723468780517578
16-03-2011,27.14828872680664,27.707767486572266,8073521,27.832700729370117,27.27865219116211,22.271127700805664
17-03-2011,27.566539764404297,27.6534481048584,5916606,28.055404663085938,27.729494094848633,22.639205932617188
18-03-2011,27.946767807006836,28.01738166809082,6813541,28.310701370239258,28.126018524169922,22.962947845458984
21-03-2011,28.321563720703125,28.321563720703125,5749443,28.701793670654297,28.614883422851562,23.362062454223633
22-03-2011,28.549701690673828,28.7669734954834,4489279,29.01140785217285,28.604019165039062,23.353199005126953
23-03-2011,28.087995529174805,28.479087829589844,4998499,28.555133819580078,28.473655700683594,23.246763229370117
24-03-2011,28.365018844604492,28.65290641784668,6824587,28.848451614379883,28.837587356567383,23.543888092041016
25-03-2011,28.701793670654297,28.7887020111084,4402015,29.02770233154297,28.74524688720703,23.46849822998047
28-03-2011,28.76154327392578,28.821292877197266,5485260,29.13090705871582,28.951656341552734,23.637020111083984
29-03-2011,28.64747428894043,28.902769088745117,4391337,29.054861068725586,28.853883743286133,23.55718421936035
30-03-2011,28.555133819580078,28.9842472076416,6744688,29.196088790893555,28.810428619384766,23.521713256835938
31-03-2011,28.728952407836914,28.728952407836914,7327180,29.26127052307129,29.206953048706055,23.84545135498047
01-04-2011,29.179794311523438,29.299293518066406,5659786,29.38620376586914,29.282997131347656,23.90753936767578
04-04-2011,29.331884384155273,29.38620376586914,4196007,29.565454483032227,29.494840621948242,24.08049201965332
05-04-2011,29.12547492980957,29.397066116333008,4846064,29.53286361694336,29.14177131652832,23.792236328125
06-04-2011,29.076589584350586,29.239543914794922,9121419,29.641498565673828,29.212385177612305,23.849882125854492
07-04-2011,29.02227020263672,29.109180450439453,7399163,29.445953369140625,29.087451934814453,23.747880935668945
08-04-2011,29.065725326538086,29.201520919799805,5529628,29.39163589477539,29.185224533081055,23.827701568603516
11-04-2011,29.109180450439453,29.14177131652832,5269494,29.598045349121094,29.483976364135742,24.071619033813477
12-04-2011,29.299293518066406,29.407930374145508,4096225,29.657794952392578,29.50570297241211,24.08936882019043
13-04-2011,29.36447525024414,29.570884704589844,4484860,29.636066436767578,29.407930374145508,24.00953483581543
14-04-2011,28.75611114501953,29.36447525024414,10109115,29.494840621948242,29.206953048706055,23.84545135498047
15-04-2011,29.440521240234375,29.473112106323242,11833764,29.940250396728516,29.85334014892578,24.37317657470703
18-04-2011,29.158065795898438,29.592613220214844,5484891,29.657794952392578,29.331884384155273,23.947446823120117
19-04-2011,29.00054359436035,29.337316513061523,5461142,29.38620376586914,29.196088790893555,23.836576461791992
20-04-2011,29.38620376586914,29.967409133911133,5352155,29.967409133911133,29.61433982849121,24.17805290222168
21-04-2011,29.87506866455078,30.14665985107422,11462802,30.825637817382812,30.73872947692871,25.096038818359375
25-04-2011,30.401954650878906,30.439977645874023,5924890,30.73872947692871,30.434545516967773,24.847688674926758
26-04-2011,30.445409774780273,30.61379623413086,7364000,30.96143341064453,30.928842544555664,25.25125503540039
27-04-2011,30.700706481933594,30.86366081237793,5394314,31.037479400634766,30.99945640563965,25.30891227722168
28-04-2011,30.923410415649414,30.939706802368164,4344392,31.24932098388672,31.140684127807617,25.424211502075195
29-04-2011,30.87995719909668,31.1243896484375,5311285,31.173274993896484,30.907115936279297,25.2335147857666
02-05-2011,31.037479400634766,31.053775787353516,9098774,31.667572021484375,31.292776107788086,25.548377990722656
03-05-2011,31.140684127807617,31.146116256713867,8625637,31.72188949584961,31.537208557128906,25.74793815612793
04-05-2011,31.303638458251953,31.450298309326172,7891262,31.678436279296875,31.526344299316406,25.739072799682617
05-05-2011,31.032047271728516,31.461162567138672,6365994,31.472026824951172,31.11895751953125,25.40646743774414
06-05-2011,31.200435638427734,31.34709358215332,8453504,31.618684768676758,31.390548706054688,25.628206253051758
09-05-2011,31.34709358215332,31.34709358215332,8493454,32.04779815673828,32.00434494018555,26.129322052001953
10-05-2011,31.749048233032227,32.09668731689453,8101689,32.313961029052734,32.07495880126953,26.186973571777344
11-05-2011,31.700162887573242,32.09125518798828,3963489,32.183597564697266,31.879413604736328,26.027326583862305
12-05-2011,31.71645736694336,31.765344619750977,4295421,32.275936126708984,32.248779296875,26.328887939453125
13-05-2011,31.84139060974121,32.248779296875,6065359,32.297664642333984,32.172733306884766,26.266809463500977
16-05-2011,32.0097770690918,32.06952667236328,7861070,32.49864196777344,32.42802810668945,26.475229263305664
17-05-2011,32.10755157470703,32.10755157470703,7384987,32.53666687011719,32.36284637451172,26.422019958496094
18-05-2011,32.34654998779297,32.3900032043457,5204875,32.786529541015625,32.73221206665039,26.723583221435547
19-05-2011,32.49320983886719,32.72677993774414,4038049,32.786529541015625,32.71048355102539,26.705839157104492
20-05-2011,32.35741424560547,32.634437561035156,5198064,32.86257553100586,32.770233154296875,26.754621505737305
23-05-2011,32.0423698425293,32.319393157958984,7579029,32.46604919433594,32.07495880126953,26.186973571777344
24-05-2011,32.0206413269043,32.10211944580078,5565527,32.4225959777832,32.292232513427734,26.364368438720703
25-05-2011,31.960891723632812,32.21075439453125,6081559,32.35741424560547,32.06409454345703,26.17810821533203
26-05-2011,31.901140213012695,32.04779815673828,6126112,32.24334716796875,32.194461822509766,26.284549713134766
27-05-2011,31.960891723632812,32.22705078125,4735973,32.319393157958984,32.10755157470703,26.21358871459961
31-05-2011,32.04779815673828,32.10211944580078,6840236,32.34654998779297,32.33025360107422,26.39540672302246
01-06-2011,31.857685089111328,32.22705078125,9255996,32.36284637451172,31.884845733642578,26.031766891479492
02-06-2011,31.656707763671875,31.857685089111328,3929799,32.0206413269043,31.857685089111328,26.00959014892578
03-06-2011,31.417707443237305,31.564367294311523,5737477,31.82509422302246,31.472026824951172,25.694726943969727
06-06-2011,31.276479721069336,31.401411056518555,3369030,31.531776428222656,31.314502716064453,25.566116333007812
07-06-2011,31.309070587158203,31.48288917541504,5193461,31.84682273864746,31.580663681030273,25.783424377441406
08-06-2011,31.292776107788086,31.472026824951172,6528738,31.781639099121094,31.395980834960938,25.770044326782227
09-06-2011,31.406843185424805,31.47745704650879,5181679,32.140140533447266,31.99348258972168,26.26047706604004
10-06-2011,31.24388885498047,31.781639099121094,4709278,31.781639099121094,31.292776107788086,25.685331344604492
13-06-2011,31.23845672607422,31.309070587158203,3902552,31.73818588256836,31.520912170410156,25.87258529663086
14-06-2011,31.759912490844727,31.81966209411621,7208620,32.01520919799805,31.879413604736328,26.16684913635254
15-06-2011,31.50461769104004,31.759912490844727,7064469,32.10755157470703,31.548072814941406,25.89488410949707
16-06-2011,31.423139572143555,31.49375343322754,6943516,31.82509422302246,31.51004981994629,25.86367416381836
17-06-2011,31.439434051513672,31.781639099121094,7038695,32.0097770690918,31.689298629760742,26.01079559326172
20-06-2011,31.558935165405273,31.558935165405273,7897154,32.59098434448242,32.55295944213867,26.719707489013672
21-06-2011,32.40629959106445,32.59641647338867,6096840,32.68875503540039,32.48234558105469,26.661739349365234
22-06-2011,32.36827850341797,32.46604919433594,4470500,32.59098434448242,32.40629959106445,26.599323272705078
23-06-2011,31.537208557128906,32.05866241455078,10901666,32.07495880126953,32.0423698425293,26.300601959228516
24-06-2011,31.61325454711914,32.0315055847168,6748186,32.11841583251953,31.776208877563477,26.082141876220703
27-06-2011,31.673004150390625,31.863117218017578,3950970,32.09668731689453,32.0097770690918,26.273855209350586
28-06-2011,31.85225486755371,32.0423698425293,5893962,32.07495880126953,31.955459594726562,26.229270935058594
29-06-2011,31.857685089111328,32.04779815673828,5557979,32.44975662231445,32.308528900146484,26.519073486328125
30-06-2011,32.286800384521484,32.4443244934082,5932438,32.52580261230469,32.4225959777832,26.612699508666992
01-07-2011,32.319393157958984,32.48234558105469,7693907,32.753936767578125,32.71591567993164,26.853456497192383
05-07-2011,32.308528900146484,32.59098434448242,5446230,32.764801025390625,32.68332290649414,26.82670021057129
06-07-2011,32.667030334472656,32.68875503540039,6911482,33.06355285644531,32.96577835083008,27.058549880981445
07-07-2011,32.82455062866211,33.1233024597168,9274406,33.280826568603516,33.16675567626953,27.223506927490234
08-07-2011,32.743072509765625,32.86257553100586,13036121,33.16132354736328,33.09071350097656,27.161096572875977
11-07-2011,32.42802810668945,32.71591567993164,6541441,33.15046310424805,32.52580261230469,26.697406768798828
12-07-2011,32.48777770996094,32.49864196777344,6038664,33.04182434082031,32.70505142211914,26.844545364379883
13-07-2011,32.781097412109375,32.84084701538086,5765644,33.432918548583984,32.906028747558594,27.009502410888672
14-07-2011,32.85714340209961,33.01466751098633,5658498,33.242801666259766,33.12873458862305,27.192302703857422
15-07-2011,32.781097412109375,33.242801666259766,6647299,33.44921112060547,33.02553176879883,27.10759162902832
18-07-2011,32.54752731323242,32.97664260864258,4405513,33.21564483642578,32.759368896484375,26.889129638671875
19-07-2011,32.770233154296875,32.791961669921875,7365841,33.411190032958984,33.35687255859375,27.37955665588379
20-07-2011,32.95491409301758,33.21564483642578,5777794,33.31341552734375,33.04182434082031,27.120960235595703
21-07-2011,33.1450309753418,33.32427978515625,11367991,33.94894027709961,33.900054931640625,27.825407028198242
22-07-2011,33.3079833984375,33.80228042602539,6292538,33.80228042602539,33.56328201293945,27.54897689819336
25-07-2011,33.18848419189453,33.226505279541016,5999267,33.775123596191406,33.32427978515625,27.352802276611328
26-07-2011,32.797393798828125,33.394893646240234,5870029,33.394893646240234,32.944053649902344,27.040712356567383
27-07-2011,32.145572662353516,32.764801025390625,6689826,32.802825927734375,32.172733306884766,26.407617568969727
28-07-2011,31.81966209411621,32.21075439453125,7294226,32.37371063232422,31.884845733642578,26.171316146850586
29-07-2011,31.319934844970703,31.705595016479492,9300364,31.770776748657227,31.59695816040039,25.93501091003418
01-08-2011,30.771320343017578,31.754480361938477,8702591,31.85225486755371,31.075502395629883,25.50699234008789
02-08-2011,30.353069305419922,30.885387420654297,9269987,30.95056915283203,30.37479591369629,24.931848526000977
03-08-2011,29.61433982849121,30.342205047607422,10591273,30.347637176513672,30.23356819152832,24.815933227539062
04-08-2011,29.03313446044922,29.85877227783203,12672339,29.945682525634766,29.03856658935547,23.835065841674805
05-08-2011,28.310701370239258,29.37533950805664,11978835,29.51113510131836,29.109180450439453,23.893020629882812
08-08-2011,27.267789840698242,28.544269561767578,14584586,28.804996490478516,27.327539443969727,22.430639266967773
09-08-2011,26.89842414855957,27.555675506591797,16432030,28.424768447875977,28.413904190063477,23.32233428955078
10-08-2011,27.370994567871094,27.984790802001953,14069106,28.27811050415039,27.425312042236328,22.51089859008789
11-08-2011,27.452470779418945,27.501358032226562,10776478,28.848451614379883,28.576860427856445,23.45608901977539
12-08-2011,28.468223571777344,28.712656021118164,6005342,29.076589584350586,28.946224212646484,23.759262084960938
15-08-2011,28.924497604370117,29.293861389160156,6353107,29.451385498046875,29.418794631958008,24.14715576171875
16-08-2011,28.7887020111084,29.13633918762207,5473845,29.310157775878906,29.163497924804688,23.937606811523438
17-08-2011,28.87017822265625,29.321020126342773,6270814,29.473112106323242,29.201520919799805,23.968812942504883
18-08-2011,27.973926544189453,28.636611938476562,13326815,28.97881507873535,28.240087509155273,23.179668426513672
19-08-2011,27.93047332763672,28.00108528137207,8915227,28.65290641784668,28.049972534179688,23.02361488342285
22-08-2011,28.044540405273438,28.576860427856445,5463168,28.604019165039062,28.15860939025879,23.112789154052734
23-08-2011,28.202064514160156,28.250951766967773,6332672,29.27756690979004,29.239543914794922,24.000024795532227
24-08-2011,28.935361862182617,29.14720344543457,4831889,29.554590225219727,29.462249755859375,24.18282699584961
25-08-2011,28.51167869567871,29.445953369140625,11969998,29.581748962402344,28.701793670654297,23.558637619018555
26-08-2011,28.202064514160156,28.593156814575195,11750183,29.331884384155273,29.185224533081055,23.95543098449707
29-08-2011,29.467681884765625,29.494840621948242,14919096,30.048885345458984,30.027158737182617,24.646507263183594
30-08-2011,29.73927116394043,29.91852378845215,4631404,30.293319702148438,30.1086368560791,24.713382720947266
31-08-2011,30.14122772216797,30.325910568237305,6700688,30.755023956298828,30.407386779785156,24.958600997924805
01-09-2011,29.99456787109375,30.429115295410156,6245961,30.63009262084961,30.076045989990234,24.686634063720703
02-09-2011,29.331884384155273,29.478544235229492,5507352,29.842477798461914,29.397066116333008,24.12932586669922
06-09-2011,28.381315231323242,28.38674545288086,6823298,29.413362503051758,29.36990737915039,24.107025146484375
07-09-2011,29.52199935913086,29.663227081298828,5589644,30.184682846069336,30.179250717163086,24.914186477661133
08-09-2011,29.728408813476562,30.08147621154785,7212854,30.597501754760742,29.788158416748047,24.591318130493164
09-09-2011,28.609451293945312,29.483976364135742,8279898,29.52199935913086,28.8756103515625,23.837980270385742
12-09-2011,28.375883102416992,28.723520278930664,6142312,28.962520599365234,28.951656341552734,23.900754928588867
13-09-2011,28.7778377532959,29.02770233154297,7301406,29.413362503051758,29.315589904785156,24.201194763183594
14-09-2011,29.25040626525879,29.445953369140625,8289287,30.222705841064453,29.929386138916016,24.707916259765625
15-09-2011,29.799022674560547,30.13579559326172,6372622,30.461706161499023,30.450841903686523,25.138402938842773
16-09-2011,30.407386779785156,30.592069625854492,8030626,30.803911209106445,30.782184600830078,25.411930084228516
19-09-2011,29.88593292236328,30.331342697143555,4821763,30.38566017150879,30.25529670715332,24.976966857910156
20-09-2011,30.304182052612305,30.358501434326172,6310948,31.1026611328125,30.651819229125977,25.3043155670166
21-09-2011,29.636066436767578,30.706138610839844,6389375,30.73329734802246,29.636066436767578,24.46575927734375
22-09-2011,28.240087509155273,28.886474609375,8472650,28.973384857177734,28.73981475830078,23.725873947143555
23-09-2011,28.582292556762695,28.723520278930664,6403919,29.348180770874023,29.04399871826172,23.976985931396484
26-09-2011,28.88104248046875,29.293861389160156,3974351,29.543725967407227,29.51113510131836,24.36263084411621
27-09-2011,30.211841583251953,30.315046310424805,8452399,31.097230911254883,30.347637176513672,25.053205490112305
28-09-2011,30.0108642578125,30.836502075195312,7392167,30.847366333007812,30.23356819152832,24.959028244018555
29-09-2011,30.09234046936035,30.73872947692871,6411283,31.080934524536133,30.532318115234375,25.205657958984375
30-09-2011,30.152090072631836,30.23900032043457,8728365,30.95600128173828,30.49429702758789,25.174264907836914
03-10-2011,29.098316192626953,30.0108642578125,10757331,30.651819229125977,29.158065795898438,24.07115936279297
04-10-2011,28.48995018005371,28.723520278930664,8468600,29.35904312133789,29.331884384155273,24.21465301513672
05-10-2011,29.244976043701172,29.36990737915039,8310274,29.728408813476562,29.576316833496094,24.416439056396484
06-10-2011,29.342748641967773,29.636066436767578,4947503,30.00543212890625,30.0,24.766204833984375
07-10-2011,29.89679527282715,30.070613861083984,6598696,30.48886489868164,30.22813606262207,24.95454216003418
10-10-2011,30.63552474975586,30.63552474975586,4541379,31.11895751953125,30.98859214782715,25.58232879638672
11-10-2011,30.315046310424805,30.96143341064453,3961096,30.9940242767334,30.47800064086914,25.160816192626953
12-10-2011,28.826725006103516,30.61922836303711,23900598,30.678979873657227,29.549158096313477,24.394014358520508
13-10-2011,29.440521240234375,29.929386138916016,7244151,30.277023315429688,30.09234046936035,24.842439651489258
14-10-2011,30.13036346435547,30.461706161499023,4559605,30.48886489868164,30.37479591369629,25.07561492919922
17-10-2011,29.641498565673828,30.190113067626953,5414381,30.309614181518555,29.722976684570312,24.537508010864258
18-10-2011,29.435089111328125,29.61433982849121,5673594,30.62466049194336,30.266159057617188,24.985933303833008
19-10-2011,29.782726287841797,30.211841583251953,5652606,30.499727249145508,29.88050079345703,24.667552947998047
20-10-2011,28.680065155029297,29.462249755859375,12040324,29.61433982849121,29.25583839416504,24.151872634887695
21-10-2011,29.36447525024414,29.494840621948242,7470962,29.972841262817383,29.77186393737793,24.577869415283203
24-10-2011,29.63063621520996,29.842477798461914,6079718,30.11406707763672,30.076045989990234,24.82898712158203
25-10-2011,29.353612899780273,29.945682525634766,4010250,30.038022994995117,29.418794631958008,24.286401748657227
26-10-2011,29.445953369140625,29.674089431762695,9034523,30.043455123901367,29.87506866455078,24.66306495666504
27-10-2011,29.86420440673828,30.499727249145508,9641685,30.592069625854492,30.206409454345703,24.936609268188477
28-10-2011,29.9022274017334,30.206409454345703,8960331,30.282455444335938,29.967409133911133,24.739294052124023
31-10-2011,29.657794952392578,29.712112426757812,8340651,30.09234046936035,29.86420440673828,24.654098510742188
01-11-2011,28.957088470458984,29.185224533081055,8302726,29.52743148803711,29.071157455444336,23.999418258666992
02-11-2011,29.152633666992188,29.500272750854492,8473018,29.815317153930664,29.641498565673828,24.470247268676758
03-11-2011,29.52743148803711,29.956544876098633,7579397,29.983705520629883,29.87506866455078,24.66306495666504
04-11-2011,28.680065155029297,29.679521560668945,8892214,29.75013542175293,29.163497924804688,24.07564353942871
07-11-2011,29.01140785217285,29.065725326538086,5036976,29.62520408630371,29.592613220214844,24.429893493652344
08-11-2011,29.38620376586914,29.722976684570312,9417451,29.76643180847168,29.60890769958496,24.443344116210938
09-11-2011,28.799564361572266,29.185224533081055,6397291,29.353612899780273,28.848451614379883,23.815555572509766
10-11-2011,28.962520599365234,28.97881507873535,5395419,29.304725646972656,29.152633666992188,24.066673278808594
11-11-2011,29.337316513061523,29.413362503051758,4250501,29.831613540649414,29.690385818481445,24.51060676574707
14-11-2011,29.25040626525879,29.51113510131836,3070788,29.652362823486328,29.315589904785156,24.201194763183594
15-11-2011,29.293861389160156,29.321020126342773,5884204,29.75556755065918,29.641498565673828,24.470247268676758
16-11-2011,29.168930053710938,29.445953369140625,6268053,29.820749282836914,29.293861389160156,24.18326759338379
17-11-2011,27.77294921875,29.054861068725586,13672187,29.244976043701172,27.89788246154785,23.030820846557617
18-11-2011,27.30581283569336,27.827268600463867,15554977,27.952199935913086,27.38728904724121,22.60930824279785
21-11-2011,26.6702880859375,27.007061004638672,11178552,27.316675186157227,26.6702880859375,22.017396926879883
22-11-2011,26.40955924987793,26.719173431396484,8188400,26.822378158569336,26.447582244873047,21.833538055419922
23-11-2011,25.980445861816406,26.241172790527344,7853154,26.246604919433594,25.980445861816406,21.44790267944336
25-11-2011,25.904399871826172,25.904399871826172,2077753,26.219446182250977,25.92069435119629,21.398576736450195
28-11-2011,26.262901306152344,26.262901306152344,6016204,26.827810287475586,26.632265090942383,21.986007690429688
29-11-2011,26.637697219848633,26.692014694213867,8623244,27.017925262451172,26.844106674194336,22.160888671875
30-11-2011,27.452470779418945,27.745790481567383,9432916,28.093427658081055,28.060836791992188,23.165348052978516
01-12-2011,27.963064193725586,27.984790802001953,7463966,28.473655700683594,28.316133499145508,23.3761043548584
02-12-2011,27.832700729370117,28.51167869567871,6360839,28.66920280456543,27.952199935913086,23.075664520263672
05-12-2011,27.816404342651367,28.343292236328125,5833577,28.609451293945312,28.033676147460938,23.14292335510254
06-12-2011,27.89788246154785,28.109722137451172,5182231,28.245519638061523,28.077131271362305,23.178804397583008
07-12-2011,27.40901756286621,27.794677734375,8489587,27.794677734375,27.561107635498047,22.90122413635254
08-12-2011,26.827810287475586,27.430744171142578,7978158,27.51765251159668,26.876697540283203,22.332530975341797
09-12-2011,27.012493133544922,27.04508399963379,5415486,27.468767166137695,27.360130310058594,22.734220504760742
12-12-2011,26.882129669189453,27.316675186157227,6230312,27.332971572875977,27.028789520263672,22.458906173706055
13-12-2011,26.719173431396484,27.05051612854004,9497535,27.191743850708008,26.7789249420166,22.25128936767578
14-12-2011,26.257469177246094,26.719173431396484,8515914,26.7680606842041,26.29549217224121,21.849590301513672
15-12-2011,26.224878311157227,26.333513259887695,6813541,26.648561477661133,26.26833152770996,21.8270263671875
16-12-2011,26.05105972290039,26.43671989440918,9269619,26.507333755493164,26.116241455078125,21.700641632080078
19-12-2011,25.828353881835938,26.349809646606445,5141913,26.387832641601562,25.882671356201172,21.506567001342773
20-12-2011,25.909832000732422,25.969581604003906,4780709,26.637697219848633,26.599674224853516,22.102344512939453
21-12-2011,26.56708335876465,26.621400833129883,6135501,26.91472053527832,26.871265411376953,22.328012466430664
22-12-2011,26.81694793701172,26.887561798095703,4428157,27.104833602905273,27.028789520263672,22.458906173706055
23-12-2011,26.985334396362305,27.14828872680664,3707406,27.186311721801758,27.186311721801758,22.589801788330078
27-12-2011,26.844106674194336,27.072242736816406,4208526,27.088539123535156,26.89842414855957,22.350584030151367
28-12-2011,26.615970611572266,26.936447143554688,4844223,26.941879272460938,26.81694793701172,22.282886505126953
29-12-2011,26.7680606842041,26.871265411376953,3427206,27.083106994628906,27.04508399963379,22.47244644165039
30-12-2011,26.849538803100586,26.985334396362305,2729467,27.088539123535156,26.876697540283203,22.332530975341797
03-01-2012,27.229766845703125,27.229766845703125,6193308,27.577404022216797,27.452470779418945,22.810956954956055
04-01-2012,26.947311401367188,27.327539443969727,4873311,27.441608428955078,26.974470138549805,22.413768768310547
05-01-2012,26.958175659179688,27.093971252441406,5703418,27.186311721801758,26.974470138549805,22.413768768310547
06-01-2012,26.887561798095703,27.028789520263672,6078062,27.370994567871094,27.235197067260742,22.630414962768555
09-01-2012,26.952743530273438,27.213470458984375,6418278,27.370994567871094,27.017925262451172,22.44988250732422
10-01-2012,27.126562118530273,27.175447463989258,4906449,27.322107315063477,27.256925582885742,22.648469924926758
11-01-2012,27.099401473999023,27.13199234008789,7079750,27.6643123626709,27.62628936767578,22.95538330078125
12-01-2012,27.6860408782959,27.696903228759766,6796236,28.234655380249023,28.131450653076172,23.375139236450195
13-01-2012,27.843563079833984,27.91417694091797,6286279,28.00108528137207,27.865291595458984,23.15397834777832
17-01-2012,28.104291915893555,28.16947364807129,6229024,28.381315231323242,28.212928771972656,23.442832946777344
18-01-2012,27.93047332763672,28.218360900878906,10080580,28.26181411743164,28.109722137451172,23.357086181640625
19-01-2012,28.109722137451172,28.126018524169922,9694890,28.962520599365234,28.582292556762695,23.7497501373291
20-01-2012,28.381315231323242,28.64204216003418,6239149,28.66920280456543,28.614883422851562,23.77682876586914
23-01-2012,28.544269561767578,28.582292556762695,6220923,28.76154327392578,28.66920280456543,23.82196807861328
24-01-2012,28.7887020111084,29.087451934814453,9160632,29.348180770874023,29.12004280090332,24.196590423583984
25-01-2012,28.97881507873535,28.98967933654785,8309538,29.554590225219727,29.53286361694336,24.53960609436035
26-01-2012,29.576316833496094,29.815317153930664,11191623,30.787614822387695,30.22813606262207,25.117326736450195
27-01-2012,29.9891357421875,30.162954330444336,8283948,30.37479591369629,30.347637176513672,25.21662712097168
30-01-2012,29.782726287841797,30.070613861083984,6851650,30.184682846069336,30.038022994995117,24.95935821533203
31-01-2012,30.0,30.11406707763672,8767947,30.293319702148438,30.13579559326172,25.040599822998047
01-02-2012,30.200977325439453,30.26072883605957,9195427,30.689842224121094,30.60836410522461,25.433269500732422
02-02-2012,30.554046630859375,30.646387100219727,7167013,30.793046951293945,30.711570739746094,25.519031524658203
03-02-2012,30.776752471923828,30.86366081237793,6993775,31.0048885345459,30.98316192626953,25.74469757080078
06-02-2012,30.782184600830078,31.02118492126465,4718115,31.026615142822266,31.02118492126465,25.776281356811523
07-02-2012,30.72243309020996,30.87995719909668,5782949,31.042911529541016,30.97229766845703,25.735671997070312
08-02-2012,30.74416160583496,30.907115936279297,3602101,31.01032066345215,30.99945640563965,25.75823974609375
09-02-2012,30.597501754760742,30.97772979736328,4450986,30.98316192626953,30.85279655456543,25.63637351989746
10-02-2012,30.532318115234375,30.700706481933594,4801144,30.87452507019043,30.87452507019043,25.654422760009766
13-02-2012,30.85279655456543,30.98859214782715,3682552,30.98859214782715,30.98316192626953,25.74469757080078
14-02-2012,30.63552474975586,30.825637817382812,4553898,30.95600128173828,30.95600128173828,25.72212028503418
15-02-2012,30.72243309020996,30.95600128173828,4615571,30.95600128173828,30.87452507019043,25.654422760009766
16-02-2012,30.798479080200195,30.917978286743164,5580992,30.99945640563965,30.841934204101562,25.627347946166992
17-02-2012,30.765888214111328,30.928842544555664,5470900,31.01032066345215,30.945138931274414,25.713098526000977
21-02-2012,30.684410095214844,30.945138931274414,3406955,30.945138931274414,30.765888214111328,25.564165115356445
22-02-2012,30.60836410522461,30.62466049194336,4147957,30.85279655456543,30.765888214111328,25.564165115356445
23-02-2012,30.63552474975586,30.684410095214844,3384494,30.825637817382812,30.73872947692871,25.54159164428711
24-02-2012,30.825637817382812,30.836502075195312,5196775,31.35795783996582,31.309070587158203,26.0154972076416
27-02-2012,31.10809326171875,31.140684127807617,4580592,31.60782241821289,31.47745704650879,26.15541648864746
28-02-2012,31.49375343322754,31.548072814941406,3952811,31.71645736694336,31.624116897583008,26.277284622192383
29-02-2012,31.450298309326172,31.656707763671875,5458381,31.71645736694336,31.575231552124023,26.236656188964844
01-03-2012,31.33622932434082,31.51548194885254,5780924,31.711027145385742,31.667572021484375,26.313396453857422
02-03-2012,31.325366973876953,31.683866500854492,3982267,31.683866500854492,31.49375343322754,26.16895866394043
05-03-2012,31.25475311279297,31.455730438232422,4319907,31.586095809936523,31.417707443237305,26.105775833129883
06-03-2012,31.13525390625,31.2221622467041,3930351,31.35795783996582,31.2221622467041,25.943294525146484
07-03-2012,31.02118492126465,31.113525390625,4923939,31.276479721069336,31.2112979888916,26.08629608154297
08-03-2012,31.423139572143555,31.466594696044922,7928267,32.08039093017578,32.04779815673828,26.78543472290039
09-03-2012,31.917436599731445,32.0315055847168,5332641,32.11298370361328,31.98805046081543,26.73550033569336
12-03-2012,31.84682273864746,31.922868728637695,3473783,32.11298370361328,31.863117218017578,26.631086349487305
13-03-2012,32.01520919799805,32.04779815673828,5099202,32.46604919433594,32.44975662231445,27.12139129638672
14-03-2012,32.259639739990234,32.38457489013672,3602837,32.51493835449219,32.36827850341797,27.053293228149414
15-03-2012,32.265071868896484,32.34654998779297,3902920,32.52037048339844,32.47148132324219,27.139551162719727
16-03-2012,32.35741424560547,32.49320983886719,5150382,32.54752731323242,32.48777770996094,27.15317153930664
19-03-2012,32.32482147216797,32.46604919433594,4684240,32.56382369995117,32.34654998779297,27.035133361816406
20-03-2012,32.183597564697266,32.183597564697266,4030317,32.37914276123047,32.33025360107422,27.021507263183594
21-03-2012,32.2379150390625,32.34111785888672,3554235,32.4117317199707,32.265071868896484,26.967031478881836
22-03-2012,32.05866241455078,32.123844146728516,4030317,32.24334716796875,32.178165435791016,26.894392013549805
23-03-2012,32.151004791259766,32.265071868896484,3011140,32.35741424560547,32.2161865234375,26.92616844177246
26-03-2012,32.41716384887695,32.41716384887695,4272961,32.58555221557617,32.56382369995117,27.216732025146484
27-03-2012,32.4334602355957,32.58555221557617,5888623,32.884300231933594,32.73221206665039,27.35746955871582
28-03-2012,32.270503997802734,32.753936767578125,5603820,32.85171127319336,32.36827850341797,27.053293228149414
29-03-2012,32.08039093017578,32.183597564697266,3593632,32.4008674621582,32.33025360107422,27.021507263183594
30-03-2012,32.3900032043457,32.54209518432617,5453594,32.80825424194336,32.47148132324219,27.139551162719727
02-04-2012,32.35741424560547,32.3900032043457,4067505,32.753936767578125,32.72677993774414,27.352928161621094
03-04-2012,32.58012008666992,32.68875503540039,3919305,32.84084701538086,32.73764419555664,27.362009048461914
04-04-2012,32.265071868896484,32.53666687011719,4206317,32.58555221557617,32.46062088012695,27.130475997924805
05-04-2012,32.09125518798828,32.37371063232422,3805715,32.38457489013672,32.35741424560547,27.044208526611328
09-04-2012,31.749048233032227,32.06409454345703,3374921,32.08582305908203,31.759912490844727,26.54482078552246
10-04-2012,31.319934844970703,31.656707763671875,4578935,31.776208877563477,31.325366973876953,26.181631088256836
11-04-2012,31.472026824951172,31.645845413208008,3494402,31.705595016479492,31.575231552124023,26.390466690063477
12-04-2012,31.49375343322754,31.629549026489258,3492009,31.944595336914062,31.890277862548828,26.65378189086914
13-04-2012,31.51004981994629,31.83595848083496,3591423,31.933731079101562,31.520912170410156,26.345067977905273
16-04-2012,29.304725646972656,30.195545196533203,23954356,30.554046630859375,29.38620376586914,24.560884475708008
17-04-2012,29.62520408630371,29.88593292236328,12436139,30.038022994995117,29.679521560668945,24.8060359954834
18-04-2012,29.538293838500977,29.60347557067871,6399684,29.75556755065918,29.543725967407227,24.692541122436523
19-04-2012,29.217815399169922,29.9022274017334,7720049,30.048885345458984,29.429658889770508,24.597206115722656
20-04-2012,29.282997131347656,29.53286361694336,7396586,29.712112426757812,29.424226760864258,24.592662811279297
23-04-2012,29.14177131652832,29.158065795898438,5061461,29.402498245239258,29.397066116333008,24.569971084594727
24-04-2012,29.342748641967773,29.489408493041992,5783870,29.782726287841797,29.74470329284668,24.86052131652832
25-04-2012,29.74470329284668,30.032590866088867,5022800,30.032590866088867,29.847909927368164,24.946779251098633
26-04-2012,29.663227081298828,29.86420440673828,5014148,29.956544876098633,29.706680297851562,24.828737258911133
27-04-2012,29.722976684570312,29.88593292236328,5233779,30.162954330444336,29.923954010009766,25.010337829589844
30-04-2012,29.9022274017334,29.9022274017334,4686818,30.12493133544922,30.0977725982666,25.155607223510742
01-05-2012,29.956544876098633,30.0108642578125,4296342,30.38566017150879,30.24443244934082,25.278182983398438
02-05-2012,29.951114654541016,30.162954330444336,4778131,30.23900032043457,30.12493133544922,25.178319931030273
03-05-2012,30.043455123901367,30.23356819152832,4920993,30.46713638305664,30.09234046936035,25.151073455810547
04-05-2012,29.674089431762695,30.070613861083984,4265045,30.076045989990234,29.684953689575195,24.810583114624023
07-05-2012,29.62520408630371,29.62520408630371,5001997,29.86963653564453,29.75556755065918,24.86959457397461
08-05-2012,29.52743148803711,29.560022354125977,5163269,29.815317153930664,29.777294158935547,24.887760162353516
09-05-2012,29.27213478088379,29.489408493041992,4583906,29.62520408630371,29.473112106323242,24.63351821899414
10-05-2012,29.500272750854492,29.61977195739746,3318587,29.85877227783203,29.560022354125977,24.706165313720703
11-05-2012,29.36447525024414,29.489408493041992,4694182,29.679521560668945,29.37533950805664,24.551799774169922
14-05-2012,28.821292877197266,29.13090705871582,5027403,29.168930053710938,29.03856658935547,24.27033805847168
15-05-2012,28.859315872192383,29.03313446044922,3734469,29.12547492980957,28.913633346557617,24.165916442871094
16-05-2012,28.680065155029297,28.9951114654541,4292476,29.02770233154297,28.690929412841797,23.97978401184082
17-05-2012,28.354154586791992,28.696361541748047,5266549,28.799564361572266,28.359586715698242,23.702842712402344
18-05-2012,27.8815860748291,28.365018844604492,5810932,28.457359313964844,27.979358673095703,23.38504981994629
21-05-2012,28.00651741027832,28.00651741027832,4097330,28.354154586791992,28.316133499145508,23.666522979736328
22-05-2012,28.104291915893555,28.49538230895996,3744962,28.49538230895996,28.223791122436523,23.58934211730957
23-05-2012,27.88701820373535,28.104291915893555,5025746,28.245519638061523,28.207496643066406,23.575721740722656
24-05-2012,28.17490577697754,28.28354263305664,2843240,28.413904190063477,28.381315231323242,23.720996856689453
25-05-2012,28.185768127441406,28.375883102416992,3431440,28.576860427856445,28.240087509155273,23.602968215942383
29-05-2012,27.963064193725586,28.413904190063477,5133444,28.48995018005371,28.01194953918457,23.41228485107422
30-05-2012,27.80010986328125,27.935903549194336,6368940,28.033676147460938,27.89788246154785,23.31694984436035
31-05-2012,27.463335037231445,27.90331268310547,7326812,27.946767807006836,27.495925903320312,22.981000900268555
01-06-2012,27.170015335083008,27.29494857788086,6546596,27.425312042236328,27.251493453979492,22.77669906616211
04-06-2012,27.104833602905273,27.316675186157227,5178549,27.38728904724121,27.191743850708008,22.72676658630371
05-06-2012,27.012493133544922,27.104833602905273,5731217,27.332971572875977,27.28408432006836,22.803936004638672
06-06-2012,27.164583206176758,27.38728904724121,4613730,27.38728904724121,27.354698181152344,23.016462326049805
07-06-2012,27.365562438964844,27.62628936767578,6429693,27.713199615478516,27.419879913330078,23.07131004333496
08-06-2012,27.29494857788086,27.349266052246094,6053576,27.52851676940918,27.495925903320312,23.13529396057129
11-06-2012,27.202606201171875,27.62628936767578,3785648,27.702335357666016,27.208038330078125,22.893064498901367
12-06-2012,26.90385627746582,27.235197067260742,5114850,27.370994567871094,27.370994567871094,23.03017807006836
13-06-2012,26.985334396362305,27.332971572875977,4632140,27.53394889831543,27.05051612854004,22.760522842407227
14-06-2012,26.605106353759766,27.05051612854004,9630271,27.267789840698242,26.632265090942383,22.40860366821289
15-06-2012,26.66485595703125,26.80065155029297,12189997,26.887561798095703,26.7789249420166,22.532001495361328
18-06-2012,26.697446823120117,26.746334075927734,5055202,27.15372085571289,27.115697860717773,22.815366744995117
19-06-2012,27.490493774414062,27.64258575439453,7298645,28.115154266357422,27.995655059814453,23.555770874023438
20-06-2012,27.707767486572266,27.995655059814453,7340803,28.207496643066406,28.098859786987305,23.642608642578125
21-06-2012,27.91417694091797,28.185768127441406,11978282,28.576860427856445,27.963064193725586,23.528350830078125
22-06-2012,27.76751708984375,28.066268920898438,8429571,28.245519638061523,28.17490577697754,23.706588745117188
25-06-2012,27.745790481567383,28.087995529174805,5549695,28.087995529174805,27.91417694091797,23.48721694946289
26-06-2012,27.756654739379883,27.91417694091797,4810349,28.01194953918457,27.832700729370117,23.418659210205078
27-06-2012,27.762086868286133,27.762086868286133,4941244,28.343292236328125,28.294404983520508,23.80714225769043
28-06-2012,27.756654739379883,28.191200256347656,3781046,28.27811050415039,28.01738166809082,23.574050903320312
29-06-2012,28.294404983520508,28.381315231323242,6624286,28.8756103515625,28.87017822265625,24.291601181030273
02-07-2012,28.913633346557617,29.03313446044922,5825292,29.26670265197754,29.25583839416504,24.61609649658203
03-07-2012,29.13090705871582,29.25040626525879,4271120,29.467681884765625,29.451385498046875,24.780628204345703
05-07-2012,29.217815399169922,29.413362503051758,3712192,29.50570297241211,29.337316513061523,24.68465232849121
06-07-2012,29.060293197631836,29.14720344543457,3609281,29.217815399169922,29.103748321533203,24.488130569458008
09-07-2012,29.04943084716797,29.158065795898438,6216321,29.38620376586914,29.38620376586914,24.725786209106445
10-07-2012,29.13633918762207,29.549158096313477,5412540,29.549158096313477,29.223247528076172,24.588680267333984
11-07-2012,29.103748321533203,29.14720344543457,5057227,29.36990737915039,29.315589904785156,24.66636848449707
12-07-2012,29.065725326538086,29.12547492980957,9452799,29.337316513061523,29.25583839416504,24.61609649658203
13-07-2012,29.217815399169922,29.26127052307129,3999941,29.652362823486328,29.61977195739746,24.922313690185547
16-07-2012,29.52743148803711,29.543725967407227,4284007,29.76643180847168,29.73927116394043,25.02286148071289
17-07-2012,29.652362823486328,29.86963653564453,10198772,30.331342697143555,30.24443244934082,25.447908401489258
18-07-2012,30.11406707763672,30.287887573242188,5662916,30.526887893676758,30.510591506958008,25.67185401916504
19-07-2012,30.586637496948242,30.96143341064453,6657608,31.091798782348633,30.657251358032227,25.795257568359375
20-07-2012,30.309614181518555,30.63009262084961,6153358,30.662683486938477,30.532318115234375,25.69013786315918
23-07-2012,29.951114654541016,30.23356819152832,3701515,30.24443244934082,30.12493133544922,25.347360610961914
24-07-2012,29.62520408630371,30.152090072631836,4004359,30.298751831054688,29.85334014892578,25.11884307861328
25-07-2012,30.418251037597656,30.510591506958008,9814371,31.097230911254883,30.86909294128418,25.97350311279297
26-07-2012,30.934274673461914,31.20586585998535,6981440,31.395980834960938,31.363388061523438,26.3894100189209
27-07-2012,31.401411056518555,31.47745704650879,9479125,32.56925582885742,32.42802810668945,27.28520393371582
30-07-2012,31.890277862548828,32.35198211669922,5818665,32.38457489013672,32.0315055847168,26.95156478881836
31-07-2012,31.765344619750977,32.0315055847168,5683351,32.319393157958984,31.781639099121094,26.741329193115234
01-08-2012,31.82509422302246,31.98805046081543,5928572,32.194461822509766,31.84682273864746,26.796175003051758
02-08-2012,31.178707122802734,31.651275634765625,4339237,31.689298629760742,31.47745704650879,26.485387802124023
03-08-2012,31.83595848083496,31.879413604736328,3892979,32.06409454345703,32.0097770690918,26.93328857421875
06-08-2012,31.863117218017578,32.05323028564453,4688843,32.22161865234375,31.863117218017578,26.809879302978516
07-08-2012,31.765344619750977,31.776208877563477,3757665,32.178165435791016,32.10755157470703,27.01555633544922
08-08-2012,31.74361801147461,32.05866241455078,4566232,32.09125518798828,31.912004470825195,26.85101890563965
09-08-2012,31.792503356933594,31.792503356933594,2605567,32.04779815673828,31.928300857543945,26.864728927612305
10-08-2012,31.72732162475586,31.83595848083496,2294807,31.966323852539062,31.960891723632812,26.892152786254883
13-08-2012,31.71645736694336,31.792503356933594,3038939,32.09668731689453,31.906572341918945,26.846450805664062
14-08-2012,31.85225486755371,32.05323028564453,3594737,32.129276275634766,32.10211944580078,27.01097869873047
15-08-2012,32.0315055847168,32.09125518798828,5874631,32.44975662231445,32.286800384521484,27.16637420654297
16-08-2012,31.960891723632812,32.37371063232422,3647205,32.3900032043457,32.00434494018555,26.9287109375
17-08-2012,31.83052635192871,32.0206413269043,3687155,32.11841583251953,31.99348258972168,26.91957664489746
20-08-2012,31.84682273864746,31.98805046081543,2066707,32.03693771362305,31.944595336914062,26.878435134887695
21-08-2012,31.863117218017578,31.933731079101562,2626923,32.161869049072266,31.933731079101562,26.869295120239258
22-08-2012,31.50461769104004,31.933731079101562,3235558,31.97175407409668,31.678436279296875,26.654495239257812
23-08-2012,31.51548194885254,31.683866500854492,2697065,31.770776748657227,31.651275634765625,26.63164520263672
24-08-2012,31.428571701049805,31.558935165405273,2637969,31.98261833190918,31.912004470825195,26.85101890563965
27-08-2012,31.776208877563477,31.781639099121094,2665584,32.2161865234375,31.97175407409668,26.901290893554688
28-08-2012,31.689298629760742,31.84682273864746,3834067,32.02607345581055,31.84682273864746,26.796175003051758
29-08-2012,31.770776748657227,31.84682273864746,3073181,31.939163208007812,31.83595848083496,26.787029266357422
30-08-2012,31.51004981994629,31.705595016479492,2842320,31.868549346923828,31.749048233032227,26.713903427124023
31-08-2012,31.776208877563477,31.97175407409668,3175909,32.04779815673828,31.873981475830078,26.81902503967285
04-09-2012,31.60782241821289,31.83052635192871,3392227,32.11298370361328,31.99348258972168,26.91957664489746
05-09-2012,31.47745704650879,31.776208877563477,4184041,31.797935485839844,31.548072814941406,26.749168395996094
06-09-2012,31.700162887573242,31.765344619750977,3878987,32.07495880126953,32.06952667236328,27.191301345825195
07-09-2012,32.0206413269043,32.09668731689453,3043541,32.194461822509766,32.145572662353516,27.255775451660156
10-09-2012,31.917436599731445,32.0423698425293,3736125,32.35198211669922,32.22705078125,27.324859619140625
11-09-2012,32.183597564697266,32.22705078125,4498115,32.44975662231445,32.42802810668945,27.495267868041992
12-09-2012,32.44975662231445,32.53666687011719,6104756,32.84627914428711,32.753936767578125,27.77159881591797
13-09-2012,32.59641647338867,32.59641647338867,7935815,33.18305206298828,33.00923538208008,27.988067626953125
14-09-2012,32.68875503540039,32.98207473754883,7543498,33.248233795166016,32.85171127319336,27.85450553894043
17-09-2012,32.770233154296875,32.781097412109375,4306283,33.19391632080078,33.1341667175293,28.093996047973633
18-09-2012,33.02553176879883,33.1233024597168,3419658,33.21021270751953,33.1124382019043,28.07556915283203
19-09-2012,33.02553176879883,33.22107696533203,5175235,33.242801666259766,33.02553176879883,28.001880645751953
20-09-2012,32.911460876464844,32.98750686645508,5215369,33.20478057861328,33.1341667175293,28.093996047973633
21-09-2012,33.02009963989258,33.18848419189453,5164926,33.21564483642578,33.13959884643555,28.098600387573242
24-09-2012,32.60728073120117,32.645301818847656,5151670,33.3297119140625,33.21564483642578,28.1630802154541
25-09-2012,32.99837112426758,33.340576171875,5197511,33.49810028076172,33.04182434082031,28.01569366455078
26-09-2012,32.37914276123047,32.748504638671875,8246760,32.906028747558594,32.49864196777344,27.55514144897461
27-09-2012,32.48234558105469,32.645301818847656,4131388,32.86257553100586,32.71591567993164,27.739364624023438
28-09-2012,32.4117317199707,32.770233154296875,4686818,32.802825927734375,32.73764419555664,27.757781982421875
01-10-2012,32.58555221557617,32.81911849975586,4647973,33.04725646972656,32.639869689941406,27.67488670349121
02-10-2012,32.49864196777344,32.72677993774414,4259890,32.895164489746094,32.84627914428711,27.849903106689453
03-10-2012,32.83541488647461,32.949485778808594,5664389,33.373165130615234,33.226505279541016,28.172285079956055
04-10-2012,33.17761993408203,33.36773681640625,4055723,33.61216735839844,33.54155349731445,28.439411163330078
05-10-2012,33.427486419677734,33.60673522949219,3303490,33.66648483276367,33.63932418823242,28.52231216430664
08-10-2012,33.46550750732422,33.59587097167969,2608513,33.65018844604492,33.57957458496094,28.471651077270508
09-10-2012,32.72134780883789,33.47637176513672,6388454,33.47637176513672,32.85171127319336,27.85450553894043
10-10-2012,32.753936767578125,32.85171127319336,6849625,33.33514404296875,33.05268859863281,28.02491569519043
11-10-2012,32.99837112426758,33.21021270751953,3961832,33.31884765625,33.1124382019043,28.07556915283203
12-10-2012,32.85714340209961,33.19934844970703,5018198,33.231937408447266,32.96577835083008,27.951217651367188
15-10-2012,32.922325134277344,33.03639221191406,3389649,33.12873458862305,33.09614181518555,28.061752319335938
16-10-2012,33.18848419189453,33.248233795166016,4355622,33.47093963623047,33.422054290771484,28.33809471130371
17-10-2012,33.22107696533203,33.46007537841797,5879602,33.67734909057617,33.63389587402344,28.51770782470703
18-10-2012,33.36773681640625,33.36773681640625,7686727,34.2476921081543,34.07930374145508,28.895357131958008
19-10-2012,33.5578498840332,34.07930374145508,5276490,34.14448547363281,33.63389587402344,28.51770782470703
22-10-2012,33.400325775146484,33.48180389404297,4068610,33.775123596191406,33.66648483276367,28.545337677001953
23-10-2012,33.03096008300781,33.394893646240234,3736494,33.427486419677734,33.09614181518555,28.061752319335938
24-10-2012,33.18848419189453,33.248233795166016,4199873,33.51982498168945,33.259098052978516,28.199920654296875
25-10-2012,33.12873458862305,33.5361213684082,3304595,33.61759948730469,33.3623046875,28.287431716918945
26-10-2012,33.03639221191406,33.297119140625,3227457,33.45464324951172,33.22107696533203,28.167688369750977
31-10-2012,33.269962310791016,33.55241775512695,9024766,34.19880676269531,34.019554138183594,28.844701766967773
01-11-2012,33.921783447265625,34.014122009277344,8254676,34.75285339355469,34.55187225341797,29.296052932739258
02-11-2012,34.6279182434082,34.76371383666992,11367070,35.25801086425781,35.171104431152344,29.821094512939453
05-11-2012,34.872352600097656,34.883216857910156,8514257,35.464420318603516,35.43726348876953,30.046756744384766
06-11-2012,35.32319259643555,35.41010284423828,8648834,36.235740661621094,35.89353561401367,30.433629989624023
07-11-2012,35.07876205444336,35.71971893310547,8470257,35.84465026855469,35.600215911865234,30.184921264648438
08-11-2012,35.07876205444336,35.57305908203125,8959595,35.7740364074707,35.08419418334961,29.747392654418945
09-11-2012,34.845191955566406,34.90494155883789,8274190,35.143943786621094,34.91037368774414,29.60001564025879
12-11-2012,34.91037368774414,35.05160140991211,6839315,35.57305908203125,35.3394889831543,29.963850021362305
13-11-2012,35.002716064453125,35.19282913208008,9078707,36.04562759399414,35.82292175292969,30.373750686645508
14-11-2012,35.25801086425781,36.002174377441406,6714863,36.32808303833008,35.3286247253418,29.95464515686035
15-11-2012,35.21455764770508,35.30146789550781,7759631,35.85008239746094,35.79576110839844,30.350723266601562
16-11-2012,35.524173736572266,35.7740364074707,8768867,36.01303482055664,35.86094665527344,30.40599250793457
19-11-2012,35.7414436340332,36.105377197265625,6954193,36.18142318725586,36.116241455078125,30.622461318969727
20-11-2012,35.66539764404297,36.05105972290039,4929830,36.214012145996094,36.01303482055664,30.53495216369629
21-11-2012,35.7849006652832,36.04019546508789,3142219,36.06735610961914,35.91526412963867,30.45204734802246
23-11-2012,35.88810348510742,36.007606506347656,6494496,37.43074417114258,37.376426696777344,31.690950393676758
26-11-2012,36.02389907836914,37.01792526245117,9814555,37.02878952026367,36.30635452270508,30.783639907836914
27-11-2012,35.70342254638672,36.116241455078125,5546381,36.252037048339844,35.74687576293945,30.309274673461914
28-11-2012,35.41553497314453,35.67082977294922,6887365,35.85551452636719,35.84465026855469,30.392169952392578
29-11-2012,35.627376556396484,35.991310119628906,4357463,36.04562759399414,35.82835388183594,30.37835693359375
30-11-2012,35.69799041748047,35.93156051635742,5853644,36.089080810546875,35.996742248535156,30.521133422851562
03-12-2012,35.69255828857422,36.17599105834961,3546871,36.19228744506836,35.7414436340332,30.304670333862305
04-12-2012,35.21998977661133,35.632808685302734,6104572,35.79033279418945,35.42639923095703,30.037548065185547
05-12-2012,34.883216857910156,35.38294219970703,6238597,35.38294219970703,35.019012451171875,29.898412704467773
06-12-2012,34.68767166137695,35.035308837890625,6889206,35.08962631225586,34.997283935546875,29.879871368408203
07-12-2012,34.980987548828125,35.11135482788086,4910868,35.44269561767578,35.34492111206055,30.176671981811523
10-12-2012,35.20369338989258,35.3394889831543,5175235,35.70885467529297,35.57305908203125,30.371444702148438
11-12-2012,35.42639923095703,35.5567626953125,4020744,35.86637878417969,35.67626190185547,30.459562301635742
12-12-2012,35.67626190185547,35.7414436340332,4681295,36.14883041381836,35.7523078918457,30.524494171142578
13-12-2012,35.475284576416016,35.7414436340332,3166336,35.81748962402344,35.66539764404297,30.450288772583008
14-12-2012,35.464420318603516,35.464420318603516,4389680,35.980445861816406,35.82292175292969,30.58477783203125
17-12-2012,35.82292175292969,35.83921813964844,3788778,36.04019546508789,36.02933120727539,30.761005401611328
18-12-2012,35.953285217285156,36.089080810546875,5094415,36.44758224487305,36.36610412597656,31.04853057861328
19-12-2012,36.05649185180664,36.39869689941406,4180543,36.577945709228516,36.06735610961914,30.793479919433594
20-12-2012,36.13796615600586,36.13796615600586,5513243,36.82781219482422,36.82781219482422,31.44274139404297
21-12-2012,36.18142318725586,36.66485595703125,8019212,36.77892303466797,36.52906036376953,31.18766975402832
24-12-2012,36.230308532714844,36.39326477050781,1606641,36.4530143737793,36.37696838378906,31.057817459106445
26-12-2012,35.7849006652832,36.40956115722656,2915592,36.41499328613281,35.953285217285156,30.696094512939453
27-12-2012,35.69799041748047,36.04019546508789,3280846,36.273765563964844,36.13796615600586,30.853759765625
28-12-2012,35.621944427490234,35.958717346191406,2816546,36.105377197265625,35.627376556396484,30.41781997680664
31-12-2012,35.507877349853516,35.638240814208984,3866100,36.214012145996094,36.20858383178711,30.914045333862305
02-01-2013,36.42585754394531,36.588809967041016,4907922,36.751766204833984,36.746334075927734,31.373170852661133
03-01-2013,36.6376953125,36.708309173583984,4655521,36.8441047668457,36.81694793701172,31.433452606201172
04-01-2013,36.68658447265625,36.8658332824707,4525730,37.19174575805664,37.17001724243164,31.73489761352539
07-01-2013,36.80608367919922,36.96360778808594,4728609,37.327537536621094,37.208038330078125,31.767358779907227
08-01-2013,36.93644714355469,37.251495361328125,4309965,37.45790481567383,37.17001724243164,31.73489761352539
09-01-2013,36.93644714355469,37.01792526245117,6439082,37.327537536621094,37.14828872680664,31.716339111328125
10-01-2013,37.066810607910156,37.31124496459961,5150382,37.376426696777344,37.17001724243164,31.73489761352539
11-01-2013,37.13742446899414,37.30581283569336,4542299,37.47962951660156,37.45247268676758,31.97606086730957
14-01-2013,36.89299392700195,37.45247268676758,5587251,37.45247268676758,36.95274353027344,31.549394607543945
15-01-2013,36.41499328613281,36.87126541137695,7900467,37.13199234008789,36.41499328613281,31.090272903442383
16-01-2013,36.099945068359375,36.38783264160156,8167044,36.40412902832031,36.132537841796875,30.8491268157959
17-01-2013,36.15969467163086,36.273765563964844,9650522,36.621402740478516,36.49646759033203,31.159835815429688
18-01-2013,36.32265090942383,36.556217193603516,4755671,36.66485595703125,36.42042541503906,31.094921112060547
22-01-2013,36.094512939453125,36.42042541503906,5643217,36.54535675048828,36.36610412597656,31.04853057861328
23-01-2013,36.07278823852539,36.268333435058594,5510297,36.42042541503906,36.17055892944336,30.88158416748047
24-01-2013,35.79033279418945,36.007606506347656,7432117,36.92558288574219,36.81694793701172,31.433452606201172
25-01-2013,36.713741302490234,36.89299392700195,5367988,37.197174072265625,36.93644714355469,31.535490036010742
28-01-2013,36.572513580322266,36.95274353027344,3889481,37.055946350097656,36.626834869384766,31.271142959594727
29-01-2013,36.49103546142578,36.64312744140625,7845053,36.92558288574219,36.583377838134766,31.23402976989746
30-01-2013,36.54535675048828,36.6485595703125,4130652,36.97990036010742,36.88212966918945,31.489107131958008
31-01-2013,36.605106353759766,36.91471862792969,4339973,37.01792526245117,36.84953689575195,31.461275100708008
01-02-2013,36.88212966918945,36.92558288574219,5023537,37.39815139770508,37.354698181152344,31.8925724029541
04-02-2013,37.055946350097656,37.16458511352539,4425764,37.44160842895508,37.104835510253906,31.679244995117188
05-02-2013,37.224334716796875,37.327537536621094,3906418,37.59370040893555,37.45247268676758,31.97606086730957
06-02-2013,37.235198974609375,37.30581283569336,4033999,37.66431427001953,37.62628936767578,32.12446594238281
07-02-2013,37.13199234008789,37.52851867675781,4901847,37.5448112487793,37.224334716796875,31.781265258789062
08-02-2013,37.18088150024414,37.26235580444336,3671690,37.61542510986328,37.47962951660156,31.999244689941406
11-02-2013,37.213470458984375,37.41444778442383,3387256,37.50679016113281,37.332969665527344,31.8740291595459
12-02-2013,37.28408432006836,37.365562438964844,5281461,37.64258575439453,37.30581283569336,31.85083770751953
13-02-2013,36.93101501464844,37.39271926879883,4821395,37.49592590332031,37.01792526245117,31.60503387451172
14-02-2013,36.88212966918945,37.104835510253906,5683167,37.50135803222656,37.02878952026367,31.614316940307617
15-02-2013,36.94731140136719,37.099403381347656,4189011,37.16458511352539,37.02878952026367,31.614316940307617
19-02-2013,36.94187927246094,37.04508590698242,3753799,37.14285659790039,37.110267639160156,31.683883666992188
20-02-2013,36.68115234375,37.04508590698242,4109848,37.072242736816406,36.68658447265625,31.32215118408203
21-02-2013,36.06735610961914,36.594242095947266,5929677,36.730037689208984,36.078216552734375,30.802743911743164
22-02-2013,36.110809326171875,36.246604919433594,5950296,36.605106353759766,36.39326477050781,31.07172203063965
25-02-2013,36.4421501159668,36.567081451416016,7486979,36.8875617980957,36.44758224487305,31.118104934692383
26-02-2013,36.235740661621094,36.626834869384766,7856652,36.773494720458984,36.268333435058594,30.965055465698242
27-02-2013,36.230308532714844,36.268333435058594,9121419,36.621402740478516,36.561649322509766,31.215478897094727
28-02-2013,36.561649322509766,36.615970611572266,6628152,36.93101501464844,36.719173431396484,31.3499755859375
01-03-2013,36.50733184814453,36.615970611572266,6328253,37.47419738769531,37.42531204223633,31.95286750793457
04-03-2013,37.088539123535156,37.18088150024414,6815566,37.5774040222168,37.5774040222168,32.082725524902344
05-03-2013,37.31124496459961,37.46876525878906,7057474,38.24551773071289,38.15317916870117,32.574302673339844
06-03-2013,37.67517852783203,37.718631744384766,5412356,38.310699462890625,38.00651931762695,32.65830612182617
07-03-2013,37.5774040222168,37.9576301574707,4821579,38.07170104980469,37.63715362548828,32.340919494628906
08-03-2013,37.65345001220703,37.80010986328125,3983372,38.08256530761719,37.96306228637695,32.620975494384766
11-03-2013,37.794677734375,37.838130950927734,2799425,38.07713317871094,38.00651931762695,32.65830612182617
12-03-2013,37.55024337768555,37.9902229309082,6656136,38.01738357543945,37.63172149658203,32.33625030517578
13-03-2013,37.5556755065918,37.61542510986328,4862265,37.89788055419922,37.821834564208984,32.4996223449707
14-03-2013,37.870723724365234,37.90331268310547,5922681,38.207496643066406,38.05540466308594,32.7003173828125
15-03-2013,37.44704055786133,37.94133758544922,6404839,37.99565505981445,37.702335357666016,32.396934509277344
18-03-2013,37.29494857788086,37.45790481567383,3330185,37.62628936767578,37.42531204223633,32.15888977050781
19-03-2013,37.251495361328125,37.5448112487793,4339053,37.696903228759766,37.680606842041016,32.378257751464844
20-03-2013,37.702335357666016,37.832698822021484,4776290,38.04454040527344,37.9793586730957,32.634979248046875
21-03-2013,37.734928131103516,37.78924560546875,3801481,38.14774703979492,38.05540466308594,32.7003173828125
22-03-2013,37.96306228637695,38.14774703979492,5055018,38.53883743286133,38.53340530395508,33.11104965209961
25-03-2013,38.26724624633789,38.51167678833008,5266365,38.75067901611328,38.457359313964844,33.045719146728516
26-03-2013,38.479087829589844,38.59315490722656,4968491,38.859317779541016,38.815860748291016,33.35376739501953
27-03-2013,38.54426956176758,38.56599807739258,4444174,39.10918045043945,39.04399871826172,33.549808502197266
28-03-2013,39.01140594482422,39.1254768371582,4506032,39.51113510131836,39.456817626953125,33.90452575683594
01-04-2013,39.17436218261719,39.36447525024414,3800745,39.570884704589844,39.27213668823242,33.74584197998047
02-04-2013,39.1146125793457,39.440521240234375,5571234,39.445953369140625,39.22324752807617,33.70381164550781
03-04-2013,38.6800651550293,39.22324752807617,6436136,39.288429260253906,38.76154327392578,33.307090759277344
04-04-2013,38.54970169067383,38.86474609375,7902861,39.23954391479492,38.63117980957031,33.1950798034668
05-04-2013,38.174903869628906,38.218360900878906,4218283,38.42477035522461,38.29440689086914,32.90568542480469
08-04-2013,37.97392654418945,38.26181411743164,5814614,38.39217758178711,38.08256530761719,32.72366714477539
09-04-2013,38.03910827636719,38.180335998535156,5099386,38.57685852050781,38.310699462890625,32.91969680786133
10-04-2013,38.446495056152344,38.473655700683594,5201930,38.929927825927734,38.799564361572266,33.33976745605469
11-04-2013,38.74524688720703,38.810428619384766,5917526,39.14720153808594,39.03856658935547,33.54513168334961
12-04-2013,38.61488342285156,38.90277099609375,4398885,39.06572341918945,38.989681243896484,33.50312423706055
15-04-2013,38.24008560180664,38.929927825927734,6433927,39.05485916137695,38.25094985961914,32.86835861206055
16-04-2013,38.04454040527344,38.40304183959961,4849010,38.53883743286133,38.51167678833008,33.09238815307617
17-04-2013,37.96306228637695,38.28897476196289,6017677,38.40304183959961,38.14774703979492,32.77967071533203
18-04-2013,37.32210922241211,38.316131591796875,7875430,38.65290451049805,37.42531204223633,32.15888977050781
19-04-2013,37.40901565551758,37.62085723876953,5731033,37.76751708984375,37.52851867675781,32.2475700378418
22-04-2013,37.45790481567383,37.56110763549805,5322515,37.66974639892578,37.55024337768555,32.26624298095703
23-04-2013,37.61542510986328,37.724063873291016,8097086,38.11515426635742,37.94133758544922,32.602298736572266
24-04-2013,37.707767486572266,37.9684944152832,6724805,38.10972213745117,37.76751708984375,32.45294189453125
25-04-2013,37.41987991333008,37.88701629638672,7881689,37.89788055419922,37.52851867675781,32.2475700378418
26-04-2013,37.332969665527344,37.51765441894531,4455404,37.78924560546875,37.74578857421875,32.434268951416016
29-04-2013,37.76751708984375,37.93590545654297,3913782,38.41390609741211,38.326995849609375,32.93368148803711
30-04-2013,37.55024337768555,38.28897476196289,5215369,38.28897476196289,37.95220184326172,32.61164093017578
01-05-2013,37.387290954589844,37.77838134765625,3938635,37.98479080200195,37.43074417114258,32.16356658935547
02-05-2013,37.49049377441406,37.52851867675781,5953794,38.451927185058594,38.40304183959961,32.99903869628906
03-05-2013,38.12058639526367,38.6474723815918,6444236,38.799564361572266,38.158607482910156,32.78900146484375
06-05-2013,38.03367614746094,38.13688278198242,4749780,38.359588623046875,38.191200256347656,32.81700897216797
07-05-2013,36.6702880859375,36.751766204833984,37773454,37.41987991333008,37.251495361328125,32.009544372558594
08-05-2013,37.338401794433594,37.354698181152344,14512235,38.73438262939453,38.71265411376953,33.26507568359375
09-05-2013,38.451927185058594,38.61488342285156,5897644,38.810428619384766,38.56056594848633,33.134403228759766
10-05-2013,38.23465347290039,38.59315490722656,7928819,38.61488342285156,38.43563461303711,33.027042388916016
13-05-2013,38.24008560180664,38.27267837524414,5941459,38.462791442871094,38.27267837524414,32.88701629638672
14-05-2013,38.22922134399414,38.348724365234375,8217488,38.59858703613281,38.28897476196289,32.9010124206543
15-05-2013,38.11515426635742,38.343292236328125,7263850,38.506248474121094,38.321563720703125,32.92903518676758
16-05-2013,38.218360900878906,38.321563720703125,10818821,39.1037483215332,39.02770233154297,33.53579330444336
17-05-2013,39.0820198059082,39.18522644042969,13776939,39.86963653564453,39.619773864746094,34.04456329345703
20-05-2013,39.549156188964844,39.65779495239258,7799765,40.16838836669922,39.619773864746094,34.04456329345703
21-05-2013,39.445953369140625,39.70124816894531,6578445,40.01629638671875,39.67409133911133,34.09123611450195
22-05-2013,39.0602912902832,39.75556945800781,6296404,40.11406707763672,39.27213668823242,33.74584197998047
23-05-2013,38.810428619384766,39.02770233154297,6001844,39.26670455932617,39.19065856933594,33.67580795288086
24-05-2013,38.74524688720703,39.14720153808594,4288057,39.16349792480469,38.843021392822266,33.37709426879883
28-05-2013,39.02770233154297,39.15806579589844,4954131,39.549156188964844,39.27756881713867,33.750511169433594
29-05-2013,38.484519958496094,39.06572341918945,4356911,39.1254768371582,38.75067901611328,33.29774856567383
30-05-2013,38.72351837158203,38.78327178955078,3667456,39.282997131347656,39.10918045043945,33.605804443359375
31-05-2013,38.202064514160156,38.99510955810547,6134580,39.0928840637207,38.202064514160156,32.826351165771484
03-06-2013,37.821834564208984,38.25094985961914,5992271,38.27811050415039,38.26181411743164,32.877681732177734
04-06-2013,37.60456466674805,38.169471740722656,5264708,38.326995849609375,37.90331268310547,32.56962966918945
05-06-2013,37.376426696777344,37.5882682800293,6349241,37.9576301574707,37.387290954589844,32.353416442871094
06-06-2013,37.208038330078125,37.44160842895508,5370197,37.7620849609375,37.7620849609375,32.67774200439453
07-06-2013,37.75665283203125,37.90331268310547,5013043,38.26724624633789,38.00651931762695,32.88926315307617
10-06-2013,37.734928131103516,38.06626892089844,4599923,38.24551773071289,38.15317916870117,33.01618957519531
11-06-2013,37.30581283569336,37.7838134765625,4217915,38.10972213745117,37.89788055419922,32.79524612426758
12-06-2013,37.821834564208984,38.15317916870117,4297078,38.218360900878906,37.88701629638672,32.78585433959961
13-06-2013,37.381858825683594,37.832698822021484,5474029,38.52254104614258,38.43020248413086,33.25590515136719
14-06-2013,38.26724624633789,38.38674545288086,3962568,38.73981475830078,38.348724365234375,33.18539047241211
17-06-2013,38.13688278198242,38.56599807739258,4103037,38.63661193847656,38.41933822631836,33.24650192260742
18-06-2013,38.310699462890625,38.41933822631836,3412662,38.60945129394531,38.500816345214844,33.31700897216797
19-06-2013,37.838130950927734,38.39760971069336,3881012,38.58772277832031,37.838130950927734,32.743553161621094
20-06-2013,36.8875617980957,37.6099967956543,5776506,37.64258575439453,36.99076461791992,32.01026916503906
21-06-2013,37.343833923339844,37.360130310058594,8951494,38.12058639526367,38.0010871887207,32.88455581665039
24-06-2013,37.26235580444336,37.805538177490234,5326565,38.0228157043457,37.734928131103516,32.65423583984375
25-06-2013,37.45247268676758,38.06626892089844,3749197,38.10972213745117,37.751220703125,32.66834259033203
26-06-2013,37.805538177490234,38.03367614746094,6951984,38.158607482910156,37.88158416748047,32.781150817871094
27-06-2013,37.827266693115234,38.13145065307617,5137311,38.24008560180664,37.859859466552734,32.76234817504883
28-06-2013,37.60456466674805,37.832698822021484,7221138,38.0228157043457,37.62628936767578,32.56022644042969
01-07-2013,37.696903228759766,37.827266693115234,3779757,38.29440689086914,38.05540466308594,32.93156814575195
02-07-2013,37.740360260009766,38.08256530761719,3926485,38.26181411743164,37.843563079833984,32.748252868652344
03-07-2013,37.50135803222656,37.94133758544922,1855728,37.94133758544922,37.696903228759766,32.621337890625
05-07-2013,37.53937911987305,37.89788055419922,3100244,38.01738357543945,37.9576301574707,32.84696578979492
08-07-2013,38.169471740722656,38.180335998535156,5012491,38.7017936706543,38.60401916503906,33.40631103515625
09-07-2013,38.52254104614258,38.71265411376953,3526067,38.9190673828125,38.810428619384766,33.584938049316406
10-07-2013,38.63661193847656,38.853885650634766,4260074,38.973384857177734,38.73981475830078,33.523834228515625
11-07-2013,38.989681243896484,39.0602912902832,5113378,39.52199935913086,39.445953369140625,34.1348876953125
12-07-2013,39.26127243041992,39.435089111328125,3746067,39.53829574584961,39.38077163696289,34.078487396240234
15-07-2013,39.326454162597656,39.456817626953125,3685130,39.603477478027344,39.47854232788086,34.163089752197266
16-07-2013,39.40250015258789,39.50027084350586,4078367,39.75556945800781,39.560020446777344,34.23359680175781
17-07-2013,39.451385498046875,39.63606643676758,4368141,39.83161163330078,39.68495559692383,34.341712951660156
18-07-2013,39.51656723022461,40.0108642578125,5571418,40.27159118652344,39.70668029785156,34.36051559448242
19-07-2013,39.407928466796875,39.77729415893555,4835755,40.22270584106445,40.2172737121582,34.8023567199707
22-07-2013,40.021728515625,40.24443054199219,4751989,40.445411682128906,40.429115295410156,34.985679626464844
23-07-2013,40.2064094543457,40.445411682128906,4895587,40.52145767211914,40.35306930541992,34.919864654541016
24-07-2013,39.85334014892578,40.46713638305664,4054066,40.49429702758789,39.9891357421875,34.604942321777344
25-07-2013,39.451385498046875,39.86963653564453,5076189,39.9674072265625,39.549156188964844,34.22419357299805
26-07-2013,39.331886291503906,39.560020446777344,5230833,39.88050079345703,39.66322708129883,34.32291030883789
29-07-2013,39.429656982421875,39.65779495239258,3381549,39.70668029785156,39.560020446777344,34.23359680175781
30-07-2013,39.608909606933594,39.63063430786133,4774634,40.076045989990234,39.945682525634766,34.56733703613281
31-07-2013,39.603477478027344,39.956546783447266,6598880,40.17924880981445,39.67409133911133,34.332313537597656
01-08-2013,39.1254768371582,39.923954010009766,7403213,40.01629638671875,39.21781539916992,33.93747329711914
02-08-2013,37.64801788330078,38.174903869628906,17591860,38.815860748291016,38.26181411743164,33.110191345214844
05-08-2013,38.15317916870117,38.185768127441406,7270109,38.86474609375,38.62574768066406,33.425106048583984
06-08-2013,38.506248474121094,38.62574768066406,8290391,39.18522644042969,39.12004470825195,33.85285949707031
07-08-2013,38.837589263916016,39.310157775878906,6185392,39.424224853515625,38.91363525390625,33.67424774169922
08-08-2013,39.00054168701172,39.00054168701172,6401157,39.7827262878418,39.73927307128906,34.38872146606445
09-08-2013,39.68495559692383,39.68495559692383,6222580,40.1955451965332,40.081478118896484,34.684844970703125
12-08-2013,39.79902267456055,40.01629638671875,4355070,40.070613861083984,40.01629638671875,34.62844467163086
13-08-2013,39.83161163330078,39.9891357421875,3720293,40.25529479980469,40.103206634521484,34.703651428222656
14-08-2013,39.72840881347656,40.065181732177734,4520944,40.16838836669922,39.907657623291016,34.53443145751953
15-08-2013,38.973384857177734,39.74470520019531,7241389,39.896793365478516,39.288429260253906,33.99857711791992
16-08-2013,38.58772277832031,39.10918045043945,5989325,39.15806579589844,38.63117980957031,33.42982482910156
19-08-2013,38.53883743286133,38.58772277832031,3765397,38.929927825927734,38.77240753173828,33.552032470703125
20-08-2013,38.64204025268555,38.788700103759766,3247892,38.984249114990234,38.75611114501953,33.537933349609375
21-08-2013,38.446495056152344,38.74524688720703,3703172,38.826725006103516,38.58229064941406,33.387516021728516
22-08-2013,38.27267837524414,38.65290451049805,2025468,38.821292877197266,38.794132232666016,33.570823669433594
23-08-2013,38.804996490478516,38.843021392822266,3491272,39.15806579589844,39.07658767700195,33.81526184082031
26-08-2013,38.91363525390625,39.07658767700195,3660092,39.22867965698242,38.967952728271484,33.721248626708984
27-08-2013,38.196632385253906,38.6800651550293,4025899,38.73438262939453,38.348724365234375,33.18539047241211
28-08-2013,38.196632385253906,38.370452880859375,4626249,38.56056594848633,38.41390609741211,33.24180221557617
29-08-2013,38.0228157043457,38.28897476196289,3735021,38.38674545288086,38.10972213745117,32.978572845458984
30-08-2013,37.686038970947266,38.207496643066406,4404961,38.23465347290039,37.7838134765625,32.69654083251953
03-09-2013,37.51765441894531,38.164039611816406,4876257,38.321563720703125,37.77294921875,32.68715286254883
04-09-2013,37.6099967956543,37.696903228759766,5410883,38.07170104980469,37.859859466552734,32.99483871459961
05-09-2013,37.77294921875,37.876155853271484,4033447,38.00651931762695,37.90331268310547,33.03271484375
06-09-2013,37.76751708984375,38.03367614746094,4097514,38.28354263305664,38.02824783325195,33.141597747802734
09-09-2013,38.0228157043457,38.13688278198242,3244210,38.41390609741211,38.40304183959961,33.468223571777344
10-09-2013,38.495384216308594,38.886474609375,3814552,39.00597381591797,38.799564361572266,33.81379318237305
11-09-2013,38.8756103515625,39.05485916137695,4617964,39.26670455932617,39.23954391479492,34.19723892211914
12-09-2013,38.810428619384766,39.21238327026367,4472525,39.27213668823242,38.908203125,33.90848159790039
13-09-2013,38.74524688720703,38.946224212646484,2640362,39.0820198059082,38.989681243896484,33.9794807434082
16-09-2013,39.02770233154297,39.549156188964844,4674851,39.570884704589844,39.06572341918945,34.045753479003906
17-09-2013,38.826725006103516,39.02227020263672,3684946,39.15263366699219,38.88104248046875,33.884803771972656
18-09-2013,38.59315490722656,38.843021392822266,4719588,39.0820198059082,38.946224212646484,33.94161605834961
19-09-2013,38.62031555175781,39.02227020263672,4065112,39.310157775878906,39.21781539916992,34.178306579589844
20-09-2013,38.843021392822266,39.21781539916992,6182446,39.445953369140625,38.88104248046875,33.884803771972656
23-09-2013,38.77240753173828,38.91363525390625,3554603,39.10918045043945,39.02227020263672,34.00788116455078
24-09-2013,38.63117980957031,39.00054168701172,4798935,39.10918045043945,38.70722579956055,33.73332214355469
25-09-2013,36.01846694946289,37.740360260009766,24388832,37.90874481201172,36.230308532714844,31.574695587158203
26-09-2013,35.89896774291992,36.29005813598633,10306286,36.42585754394531,36.04019546508789,31.409008026123047
27-09-2013,35.85551452636719,36.02933120727539,6472036,36.20315170288086,36.05649185180664,31.4232120513916
30-09-2013,35.58392333984375,35.964149475097656,6829190,36.01303482055664,35.68169403076172,31.096572875976562
01-10-2013,35.513309478759766,35.68169403076172,5617627,35.85008239746094,35.621944427490234,31.04450225830078
02-10-2013,34.11189651489258,35.24714660644531,15795228,35.27430725097656,34.70396423339844,30.24448585510254
03-10-2013,34.73112487792969,34.75285339355469,11168795,35.38294219970703,35.013580322265625,30.514312744140625
04-10-2013,35.024444580078125,35.138511657714844,7131482,35.32319259643555,35.31232833862305,30.774682998657227
07-10-2013,34.991851806640625,35.43726348876953,5139888,35.43726348876953,35.21998977661133,30.694198608398438
08-10-2013,34.93753433227539,35.133079528808594,6801759,35.34492111206055,34.986419677734375,30.490650177001953
09-10-2013,35.06789779663086,35.143943786621094,6630546,35.480716705322266,35.3068962097168,30.769941329956055
10-10-2013,35.52960205078125,35.55133056640625,5578230,35.82835388183594,35.82835388183594,31.224390029907227
11-10-2013,35.3720817565918,35.611080169677734,5629226,35.85551452636719,35.85008239746094,31.243337631225586
14-10-2013,35.654537200927734,35.7305793762207,4732475,36.14339828491211,36.110809326171875,31.470548629760742
15-10-2013,35.985877990722656,36.16512680053711,6624102,36.235740661621094,36.002174377441406,31.375879287719727
16-10-2013,35.91526412963867,36.04562759399414,7084352,36.69744873046875,36.69744873046875,31.981807708740234
17-10-2013,35.72514724731445,36.105377197265625,7008871,36.599674224853516,36.52362823486328,31.830318450927734
18-10-2013,35.502445220947266,35.93156051635742,10681114,36.257469177246094,35.85008239746094,31.243337631225586
21-10-2013,35.3286247253418,35.86094665527344,8407295,35.89353561401367,35.44269561767578,30.888286590576172
22-10-2013,35.42096710205078,35.616512298583984,8845453,35.7740364074707,35.469852447509766,30.911956787109375
23-10-2013,35.27430725097656,35.3503532409668,8197421,35.616512298583984,35.44812774658203,30.893016815185547
24-10-2013,35.30146789550781,35.71971893310547,7144001,35.79033279418945,35.5458984375,30.978229522705078
25-10-2013,35.35578536987305,35.643672943115234,5468322,35.70342254638672,35.57305908203125,31.00189971923828
28-10-2013,36.04019546508789,36.724605560302734,9346757,36.80065155029297,36.257469177246094,31.59836196899414
29-10-2013,36.01846694946289,36.30635452270508,4471605,36.32808303833008,36.18685531616211,31.53681755065918
30-10-2013,35.72514724731445,36.18685531616211,4994633,36.224876403808594,35.84465026855469,31.23859214782715
31-10-2013,35.68712615966797,35.85008239746094,5670648,36.094512939453125,35.77946853637695,31.181791305541992
01-11-2013,35.57305908203125,35.86094665527344,6740822,35.991310119628906,35.71428680419922,31.12497329711914
04-11-2013,35.58935546875,35.82292175292969,4248660,35.90439987182617,35.87180709838867,31.262256622314453
05-11-2013,35.3720817565918,35.86637878417969,4411772,35.88810348510742,35.37751388549805,30.831480026245117
06-11-2013,35.3720817565918,35.44812774658203,5765828,35.69255828857422,35.513309478759766,30.949825286865234
07-11-2013,35.42639923095703,35.7523078918457,5508088,35.91526412963867,35.42639923095703,30.874080657958984
08-11-2013,35.18739700317383,35.34492111206055,9016850,35.43726348876953,35.37751388549805,30.831480026245117
11-11-2013,35.29060363769531,35.41553497314453,5092206,35.480716705322266,35.42639923095703,30.874080657958984
12-11-2013,35.31232833862305,35.42639923095703,6905775,35.85008239746094,35.79576110839844,31.19597816467285
13-11-2013,35.71428680419922,35.72514724731445,7041825,36.116241455078125,36.05105972290039,31.418468475341797
14-11-2013,36.132537841796875,36.224876403808594,8169253,36.740901947021484,36.719173431396484,32.000728607177734
15-11-2013,36.719173431396484,36.8766975402832,11377748,37.39271926879883,37.29494857788086,32.502525329589844
18-11-2013,37.251495361328125,37.62628936767578,8029890,37.62628936767578,37.381858825683594,32.57826232910156
19-11-2013,37.18631362915039,37.26778793334961,8793721,37.5991325378418,37.5448112487793,32.720279693603516
20-11-2013,37.45247268676758,37.50135803222656,5265812,37.64801788330078,37.50135803222656,32.68241500854492
21-11-2013,37.04508590698242,37.53937911987305,6132187,37.61542510986328,37.15915298461914,32.384178161621094
22-11-2013,36.751766204833984,37.240631103515625,6616002,37.30581283569336,36.81694793701172,32.08595275878906
25-11-2013,36.719173431396484,36.81151580810547,6593542,36.98533248901367,36.768062591552734,32.04335403442383
26-11-2013,36.50189971923828,36.84953689575195,6561876,37.055946350097656,36.84953689575195,32.114349365234375
27-11-2013,36.53449249267578,36.53449249267578,4371639,37.202606201171875,37.055946350097656,32.294246673583984
29-11-2013,36.98533248901367,37.14828872680664,2657484,37.202606201171875,37.18088150024414,32.40311813354492
02-12-2013,37.02335739135742,37.48506164550781,6203802,37.67517852783203,37.02878952026367,32.270565032958984
03-12-2013,36.41499328613281,37.02335739135742,7024336,37.03422164916992,36.583377838134766,31.88239097595215
04-12-2013,35.93156051635742,36.241172790527344,11012494,36.4530143737793,36.268333435058594,31.839473724365234
05-12-2013,36.01303482055664,36.15426254272461,8575378,36.4530143737793,36.230308532714844,31.80610466003418
06-12-2013,36.46931076049805,36.51276397705078,6370044,36.77892303466797,36.605106353759766,32.13512420654297
09-12-2013,36.610538482666016,36.615970611572266,6668838,37.00706100463867,36.82238006591797,32.32585906982422
10-12-2013,36.50733184814453,36.768062591552734,4829127,36.83867645263672,36.53449249267578,32.07313537597656
11-12-2013,36.30092239379883,36.6702880859375,6102915,36.6702880859375,36.37696838378906,31.934846878051758
12-12-2013,35.985877990722656,36.30635452270508,5983802,36.38240051269531,36.14883041381836,31.734567642211914
13-12-2013,35.90983200073242,36.20858383178711,4227488,36.32265090942383,35.996742248535156,31.601055145263672
16-12-2013,35.86094665527344,36.13796615600586,5282381,36.284629821777344,35.92612838745117,31.5390625
17-12-2013,35.594783782958984,35.89896774291992,6076957,35.93156051635742,35.605648040771484,31.25771713256836
18-12-2013,35.7523078918457,35.7849006652832,8783227,36.588809967041016,36.52362823486328,32.063602447509766
19-12-2013,36.110809326171875,36.51276397705078,6318496,36.621402740478516,36.42585754394531,31.97776985168457
20-12-2013,36.6920166015625,36.89299392700195,11888626,37.338401794433594,37.14828872680664,32.61197280883789
23-12-2013,36.93644714355469,37.235198974609375,6550830,37.51765441894531,37.42531204223633,32.85517120361328
24-12-2013,37.27322006225586,37.349266052246094,2140715,37.64258575439453,37.51222229003906,32.93146896362305
26-12-2013,37.28951644897461,37.5991325378418,3075759,37.751220703125,37.65345001220703,33.055442810058594
27-12-2013,37.50135803222656,37.65345001220703,2384647,37.74578857421875,37.734928131103516,33.126983642578125
30-12-2013,37.49049377441406,37.707767486572266,4191221,37.74578857421875,37.61542510986328,33.022064208984375
31-12-2013,37.62085723876953,37.66431427001953,3058822,37.91960906982422,37.77838134765625,33.16513442993164
02-01-2014,37.50135803222656,37.77294921875,3810870,37.848995208740234,37.58283615112305,32.993473052978516
03-01-2014,37.51222229003906,37.691471099853516,3286737,37.843563079833984,37.64258575439453,33.0459098815918
06-01-2014,37.50135803222656,37.93047332763672,5819033,37.9902229309082,37.707767486572266,33.1031379699707
07-01-2014,37.43617630004883,37.59370040893555,6519165,38.0119514465332,37.90874481201172,33.27956771850586
08-01-2014,37.76751708984375,37.90331268310547,5917710,38.04997253417969,38.03367614746094,33.38924789428711
09-01-2014,37.729496002197266,38.12058639526367,7225557,38.180335998535156,38.13688278198242,33.47984313964844
10-01-2014,37.870723724365234,38.13145065307617,5714464,38.13688278198242,38.02824783325195,33.38448715209961
13-01-2014,37.91417694091797,37.91417694091797,7404870,38.37588119506836,38.07713317871094,33.42740249633789
14-01-2014,37.686038970947266,38.09885787963867,7385908,38.202064514160156,37.838130950927734,33.217567443847656
15-01-2014,37.45790481567383,37.90331268310547,5157562,37.97392654418945,37.93047332763672,33.29865264892578
16-01-2014,37.680606842041016,37.680606842041016,4779236,38.27811050415039,38.05540466308594,33.40833282470703
17-01-2014,37.7620849609375,38.0010871887207,5523921,38.08799743652344,37.98479080200195,33.346317291259766
21-01-2014,37.5991325378418,38.03910827636719,5928756,38.09885787963867,37.7838134765625,33.16989517211914
22-01-2014,37.740360260009766,37.816402435302734,6214296,38.07713317871094,37.88158416748047,33.255741119384766
23-01-2014,37.46876525878906,38.26724624633789,8218408,38.42477035522461,37.47962951660156,32.902862548828125
24-01-2014,36.561649322509766,37.224334716796875,7592652,37.332969665527344,36.740901947021484,32.25434112548828
27-01-2014,36.77892303466797,36.80608367919922,7012185,37.12656021118164,36.87126541137695,32.36878204345703
28-01-2014,36.88212966918945,36.94187927246094,5470716,37.332969665527344,37.208038330078125,32.6644172668457
29-01-2014,36.94187927246094,37.115699768066406,6681357,37.53937911987305,37.15372085571289,32.61674880981445
30-01-2014,37.17544937133789,37.349266052246094,6947198,37.713199615478516,37.62628936767578,33.03160095214844
31-01-2014,37.072242736816406,37.27322006225586,8117890,37.360130310058594,37.099403381347656,32.569061279296875
03-02-2014,36.089080810546875,37.12656021118164,8860549,37.202606201171875,36.14883041381836,31.734567642211914
04-02-2014,36.089080810546875,36.20315170288086,4999051,36.4312858581543,36.36610412597656,31.925304412841797
05-02-2014,36.219444274902344,36.273765563964844,4839437,36.719173431396484,36.556217193603516,32.092201232910156
06-02-2014,36.41499328613281,36.68658447265625,6553776,36.757198333740234,36.4421501159668,31.99207305908203
07-02-2014,36.46931076049805,36.55078887939453,5663100,37.050514221191406,36.88212966918945,32.378326416015625
10-02-2014,36.746334075927734,36.81151580810547,3843272,37.14828872680664,37.099403381347656,32.569061279296875
11-02-2014,37.02335739135742,37.099403381347656,4386735,37.854427337646484,37.724063873291016,33.11744689941406
12-02-2014,37.51222229003906,37.838130950927734,4631404,37.92504119873047,37.5448112487793,32.9600830078125
13-02-2014,37.27322006225586,37.45790481567383,4173731,37.66974639892578,37.62085723876953,33.026832580566406
14-02-2014,37.387290954589844,37.41987991333008,4533463,37.64801788330078,37.52308654785156,32.94101333618164
18-02-2014,37.49049377441406,37.724063873291016,4332978,37.810970306396484,37.63715362548828,33.04114532470703
19-02-2014,37.48506164550781,37.48506164550781,4603236,38.03910827636719,37.5448112487793,32.9600830078125
20-02-2014,37.52851867675781,37.53395080566406,4727320,37.848995208740234,37.66974639892578,33.06975555419922
21-02-2014,37.55024337768555,37.691471099853516,7189841,37.99565505981445,37.63715362548828,33.04114532470703
24-02-2014,37.724063873291016,37.740360260009766,4830784,38.10429000854492,37.740360260009766,33.131744384765625
25-02-2014,37.251495361328125,37.734928131103516,4704491,37.734928131103516,37.29494857788086,32.740718841552734
26-02-2014,37.224334716796875,37.27865219116211,7503548,37.870723724365234,37.59370040893555,33.002986907958984
27-02-2014,36.96903991699219,37.56110763549805,6653374,37.74578857421875,37.41987991333008,32.85039520263672
28-02-2014,37.354698181152344,37.47962951660156,7114360,37.876155853271484,37.751220703125,33.14128112792969
03-03-2014,37.083106994628906,37.43074417114258,5227151,37.53937911987305,37.41987991333008,32.85039520263672
04-03-2014,37.47962951660156,37.67517852783203,6783533,37.724063873291016,37.49592590332031,32.91715621948242
05-03-2014,36.762630462646484,37.229766845703125,7865304,37.256927490234375,36.90385818481445,32.629005432128906
06-03-2014,36.66485595703125,36.93644714355469,5940171,36.98533248901367,36.702880859375,32.45131301879883
07-03-2014,36.605106353759766,36.82238006591797,7912802,36.88212966918945,36.66485595703125,32.417686462402344
10-03-2014,36.39869689941406,36.66485595703125,6478847,36.8549690246582,36.768062591552734,32.508949279785156
11-03-2014,36.561649322509766,36.757198333740234,5651134,37.083106994628906,36.80065155029297,32.537750244140625
12-03-2014,36.615970611572266,36.67572021484375,4008593,36.88212966918945,36.730037689208984,32.475318908691406
13-03-2014,36.33894729614258,36.81151580810547,3218620,36.8441047668457,36.37696838378906,32.16315841674805
14-03-2014,36.089080810546875,36.29005813598633,4984692,36.52906036376953,36.116241455078125,31.932613372802734
17-03-2014,36.03476333618164,36.04019546508789,5006968,36.46931076049805,36.121673583984375,31.937429428100586
18-03-2014,36.15969467163086,36.19771957397461,6526161,36.68658447265625,36.561649322509766,32.32643508911133
19-03-2014,36.50733184814453,36.615970611572266,4897612,36.90928649902344,36.621402740478516,32.379276275634766
20-03-2014,36.41499328613281,36.55078887939453,5651502,36.86040115356445,36.84953689575195,32.58096694946289
21-03-2014,36.621402740478516,37.110267639160156,8354458,37.28408432006836,36.77892303466797,32.5185432434082
24-03-2014,36.127105712890625,36.80065155029297,6522111,36.86040115356445,36.31721878051758,32.11032485961914
25-03-2014,36.37153625488281,36.40412902832031,7679179,37.16458511352539,37.14828872680664,32.845123291015625
26-03-2014,37.14828872680664,37.28951644897461,15005807,38.43020248413086,38.06626892089844,33.65676498413086
27-03-2014,39.48397445678711,41.10809326171875,36804720,41.10809326171875,39.54372787475586,34.96307373046875
28-03-2014,39.342750549316406,39.77729415893555,12232709,40.059749603271484,39.570884704589844,34.987091064453125
31-03-2014,39.429656982421875,39.614341735839844,6646010,40.081478118896484,39.9674072265625,35.33768844604492
01-04-2014,39.614341735839844,40.12493133544922,6544019,40.16838836669922,40.01629638671875,35.38090133666992
02-04-2014,39.65236282348633,40.0,6022647,40.0,39.75556945800781,35.15039825439453
03-04-2014,39.54372787475586,39.896793365478516,6168639,39.923954010009766,39.86420440673828,35.24644088745117
04-04-2014,39.560020446777344,39.98370361328125,6128137,40.26072692871094,39.614341735839844,35.025516510009766
07-04-2014,39.35904312133789,39.565452575683594,5842229,40.01629638671875,39.37533950805664,34.8141975402832
08-04-2014,39.21238327026367,39.47311019897461,4269831,39.608909606933594,39.27213668823242,34.72295379638672
09-04-2014,39.22324752807617,39.413360595703125,6607533,39.918521881103516,39.896793365478516,35.27524948120117
10-04-2014,39.02770233154297,39.918521881103516,5594247,39.923954010009766,39.25040817260742,34.703739166259766
11-04-2014,39.08745193481445,39.1254768371582,4854901,39.598045349121094,39.09831619262695,34.56926727294922
14-04-2014,39.17979431152344,39.321022033691406,4043757,39.65236282348633,39.52199935913086,34.94386672973633
15-04-2014,39.17979431152344,39.53286361694336,5492992,39.913089752197266,39.84790802001953,35.232025146484375
16-04-2014,39.72297668457031,40.17924880981445,7327548,40.25529479980469,39.896793365478516,35.27524948120117
17-04-2014,39.331886291503906,39.934818267822266,7839530,40.1955451965332,39.549156188964844,34.96788024902344
21-04-2014,39.36447525024414,39.39163589477539,4281061,39.80988693237305,39.73384094238281,35.13118362426758
22-04-2014,39.293861389160156,39.70668029785156,5891200,39.85877227783203,39.315589904785156,34.76136779785156
23-04-2014,39.19609069824219,39.39163589477539,4427237,39.48940658569336,39.23954391479492,34.69413375854492
24-04-2014,39.25584030151367,39.424224853515625,4937746,39.576316833496094,39.27213668823242,34.72295379638672
25-04-2014,39.05485916137695,39.24497604370117,3557733,39.418792724609375,39.282997131347656,34.7325553894043
28-04-2014,39.23954391479492,39.435089111328125,5612657,39.918521881103516,39.80988693237305,35.19839859008789
29-04-2014,39.608909606933594,39.88593292236328,3378235,39.913089752197266,39.619773864746094,35.03032302856445
30-04-2014,39.25584030151367,39.65236282348633,5037344,39.72297668457031,39.53829574584961,34.958282470703125
01-05-2014,39.570884704589844,39.570884704589844,9428497,40.537750244140625,40.407386779785156,35.72669219970703
02-05-2014,40.385658264160156,40.90168380737305,15166526,40.9179801940918,40.581207275390625,35.8803825378418
05-05-2014,40.065181732177734,40.46713638305664,8005773,40.554046630859375,40.47256851196289,35.784332275390625
06-05-2014,40.17382049560547,40.445411682128906,5097913,40.717002868652344,40.17924880981445,35.52499008178711
07-05-2014,40.076045989990234,40.24986267089844,5346448,40.668113708496094,40.59749984741211,35.8947868347168
08-05-2014,40.46713638305664,40.543182373046875,4152376,40.96686553955078,40.64638900756836,35.9379997253418
09-05-2014,40.28788757324219,40.48886489868164,2681601,40.79847717285156,40.77132034301758,36.0484733581543
12-05-2014,40.74959182739258,40.85823059082031,3231876,41.026615142822266,40.9397087097168,36.19736099243164
13-05-2014,40.84736633300781,41.010318756103516,3929799,41.21672821044922,40.96143341064453,36.21657180786133
14-05-2014,40.84193420410156,40.93427658081055,3959071,41.1026611328125,40.98316192626953,36.23577880859375
15-05-2014,40.35850143432617,40.78761672973633,5703602,40.98859405517578,40.51059341430664,35.81795120239258
16-05-2014,40.450843811035156,40.48343276977539,5491703,40.76588821411133,40.543182373046875,35.846763610839844
19-05-2014,40.29331970214844,40.46713638305664,3279557,40.673545837402344,40.554046630859375,35.85637664794922
20-05-2014,40.17924880981445,40.662681579589844,4054803,40.711570739746094,40.29331970214844,35.625858306884766
21-05-2014,39.934818267822266,40.385658264160156,3001751,40.60293197631836,40.391090393066406,35.712276458740234
22-05-2014,40.23357009887695,40.31504440307617,2835692,40.60293197631836,40.48886489868164,35.79874038696289
23-05-2014,40.33134078979492,40.48343276977539,2586973,40.592071533203125,40.50516128540039,35.813148498535156
27-05-2014,40.16838836669922,40.61379623413086,3241449,40.61379623413086,40.28245544433594,35.61623001098633
28-05-2014,40.076045989990234,40.45627212524414,3497716,40.592071533203125,40.35850143432617,35.6834831237793
29-05-2014,40.34220504760742,40.445411682128906,2414472,40.52145767211914,40.412818908691406,35.73149490356445
30-05-2014,40.29875183105469,40.31504440307617,4516341,40.49429702758789,40.418251037597656,35.736297607421875
02-06-2014,40.23357009887695,40.418251037597656,4600659,40.548614501953125,40.32047653198242,35.649845123291016
03-06-2014,40.059749603271484,40.27159118652344,6432270,40.52688980102539,40.1955451965332,35.539398193359375
04-06-2014,39.429656982421875,39.565452575683594,7614560,39.7609977722168,39.65236282348633,35.3072395324707
05-06-2014,39.63606643676758,39.79902267456055,7842292,40.2064094543457,40.14665985107422,35.74736785888672
06-06-2014,40.0108642578125,40.1955451965332,4236877,40.30961227416992,40.086910247802734,35.69417190551758
09-06-2014,39.82075119018555,40.070613861083984,3514837,40.14665985107422,40.0,35.616783142089844
10-06-2014,39.75013732910156,40.0,3786201,40.065181732177734,40.054317474365234,35.66514587402344
11-06-2014,39.69581604003906,39.97283935546875,3198738,40.02716064453125,39.7935905456543,35.4329948425293
12-06-2014,39.549156188964844,39.7935905456543,4417480,39.8153190612793,39.65236282348633,35.3072395324707
13-06-2014,39.65779495239258,39.71754455566406,3267959,39.83161163330078,39.71754455566406,35.36526870727539
16-06-2014,39.75013732910156,39.84247589111328,3747724,40.28245544433594,39.79902267456055,35.437828063964844
17-06-2014,39.587181091308594,39.69038772583008,3086989,39.88593292236328,39.74470520019531,35.38946533203125
18-06-2014,39.70124816894531,39.75013732910156,2930688,40.11949920654297,40.086910247802734,35.69417190551758
19-06-2014,40.0108642578125,40.076045989990234,3590502,40.21184158325195,40.13579559326172,35.73769760131836
20-06-2014,39.99456787109375,40.15209197998047,5599402,40.1955451965332,40.081478118896484,35.689327239990234
23-06-2014,40.0108642578125,40.11406707763672,3657883,40.23357009887695,40.065181732177734,35.6748161315918
24-06-2014,39.83161163330078,39.951114654541016,4237062,40.086910247802734,39.88593292236328,35.51521301269531
25-06-2014,39.88593292236328,39.940250396728516,4577278,40.1955451965332,40.15209197998047,35.75221633911133
26-06-2014,39.52199935913086,40.092342376708984,4775002,40.11406707763672,39.77729415893555,35.41847610473633
27-06-2014,39.435089111328125,39.66865921020508,3834803,39.74470520019531,39.560020446777344,35.22501754760742
30-06-2014,39.12004470825195,39.64149856567383,5492255,39.65236282348633,39.27213668823242,34.96868133544922
01-07-2014,39.451385498046875,39.451385498046875,5353076,40.19011306762695,40.065181732177734,35.6748161315918
02-07-2014,39.84790802001953,40.14665985107422,5546197,40.73872756958008,40.73329544067383,36.269718170166016
03-07-2014,40.47800064086914,40.78218460083008,2557149,40.86909484863281,40.673545837402344,36.216529846191406
07-07-2014,40.48343276977539,40.64638900756836,2961249,40.85279846191406,40.673545837402344,36.216529846191406
08-07-2014,40.48343276977539,40.60293197631836,4962047,41.042911529541016,40.94514083862305,36.458343505859375
09-07-2014,40.81477355957031,40.81477355957031,4638768,41.3090705871582,41.184139251708984,36.67116165161133
10-07-2014,40.82020568847656,40.97229766845703,6090396,41.70559310913086,41.689300537109375,37.12096405029297
11-07-2014,41.3307991027832,41.58609390258789,3524595,41.71645736694336,41.60239028930664,37.0435791015625
14-07-2014,41.504615783691406,41.673004150390625,3770368,41.90114212036133,41.71102523803711,37.14030456542969
15-07-2014,41.59152603149414,41.77621078491211,4469764,41.825096130371094,41.694732666015625,37.12580490112305
16-07-2014,41.48289108276367,41.825096130371094,3729682,41.87398147583008,41.60782241821289,37.04841613769531
17-07-2014,41.24932098388672,41.38511657714844,4721060,41.95545959472656,41.41770935058594,36.879127502441406
18-07-2014,41.032047271728516,41.56979751586914,5383084,41.58609390258789,41.56436538696289,37.009727478027344
21-07-2014,41.1026611328125,41.40684509277344,3896108,41.45573043823242,41.3416633605957,36.81143569946289
22-07-2014,41.39054870605469,41.47745895385742,3521281,41.90657424926758,41.75448226928711,37.17900848388672
23-07-2014,41.59152603149414,41.97175216674805,3992209,41.99348068237305,41.73818588256836,37.164493560791016
24-07-2014,41.62411880493164,41.74361801147461,4283639,41.98261642456055,41.825096130371094,37.24188995361328
25-07-2014,41.40141296386719,41.86311721801758,2993282,41.91743469238281,41.634979248046875,37.072601318359375
28-07-2014,41.39054870605469,41.553504943847656,3299256,41.683868408203125,41.537208557128906,36.98554229736328
29-07-2014,41.46116256713867,41.59695816040039,3414135,41.792503356933594,41.46659469604492,36.922664642333984
30-07-2014,41.037479400634766,41.73275375366211,5377745,41.93373107910156,41.3307991027832,36.80174255371094
31-07-2014,40.47800064086914,40.96686553955078,6280387,41.1026611328125,40.570343017578125,36.1246337890625
01-08-2014,40.401954650878906,40.554046630859375,4234300,40.99945831298828,40.72243118286133,36.26004409790039
04-08-2014,40.1955451965332,40.537750244140625,5205612,40.73872756958008,40.695274353027344,36.235862731933594
05-08-2014,40.407386779785156,40.78218460083008,3408427,40.90168380737305,40.445411682128906,36.01338577270508
06-08-2014,40.22270584106445,40.2281379699707,3483172,40.592071533203125,40.45627212524414,36.023048400878906
07-08-2014,39.940250396728516,40.49429702758789,2840479,40.59749984741211,40.070613861083984,35.67965316772461
08-08-2014,39.7935905456543,40.070613861083984,4002150,40.36936569213867,40.14122772216797,35.742530822753906
11-08-2014,40.2281379699707,40.28788757324219,2968613,40.72243118286133,40.30418395996094,35.88761901855469
12-08-2014,40.13579559326172,40.31504440307617,2693751,40.548614501953125,40.34220504760742,35.921485900878906
13-08-2014,40.429115295410156,40.570343017578125,2745852,40.73872756958008,40.717002868652344,36.25520706176758
14-08-2014,40.49972915649414,40.85823059082031,2944495,40.85823059082031,40.60293197631836,36.15364456176758
15-08-2014,40.1955451965332,40.73329544067383,6775985,40.8745231628418,40.418251037597656,35.989192962646484
18-08-2014,40.532318115234375,40.61379623413086,1956431,40.9397087097168,40.85279846191406,36.37613296508789
19-08-2014,40.668113708496094,40.93427658081055,2547576,40.98859405517578,40.80934143066406,36.337432861328125
20-08-2014,40.575775146484375,40.80934143066406,2567275,40.96143341064453,40.8745231628418,36.395477294921875
21-08-2014,41.1026611328125,41.45029830932617,3869046,41.46659469604492,41.173274993896484,36.6614875793457
22-08-2014,40.706138610839844,41.048343658447266,4158267,41.140682220458984,40.76045608520508,36.293907165527344
25-08-2014,40.85823059082031,40.9071159362793,2101133,41.070072174072266,40.95600128173828,36.46803283691406
26-08-2014,40.93427658081055,41.042911529541016,2061000,41.09722900390625,41.026615142822266,36.5308952331543
27-08-2014,40.74959182739258,41.026615142822266,2995123,41.091796875,40.92341232299805,36.43901443481445
28-08-2014,40.537750244140625,40.79847717285156,2954621,40.84193420410156,40.689842224121094,36.23102569580078
29-08-2014,40.48886489868164,40.673545837402344,3203340,40.82020568847656,40.72786331176758,36.2648811340332
02-09-2014,40.28788757324219,40.711570739746094,3504159,40.79304885864258,40.35306930541992,35.931156158447266
03-09-2014,40.13036346435547,40.26615905761719,4025715,40.407386779785156,40.17924880981445,36.0285758972168
04-09-2014,39.9891357421875,40.27702331542969,4390785,40.59749984741211,40.03802490234375,35.90193557739258
05-09-2014,39.929386138916016,40.11406707763672,3137616,40.46713638305664,40.30418395996094,36.14059066772461
08-09-2014,40.1955451965332,40.1955451965332,2993834,40.548614501953125,40.31504440307617,36.15034484863281
09-09-2014,40.076045989990234,40.418251037597656,3555523,40.47256851196289,40.34220504760742,36.1746940612793
10-09-2014,40.28245544433594,40.418251037597656,5304105,40.9288444519043,40.89081954956055,36.6666374206543
11-09-2014,40.548614501953125,40.695274353027344,3390202,40.9288444519043,40.78761672973633,36.574092864990234
12-09-2014,40.450843811035156,40.76588821411133,3887640,40.93427658081055,40.575775146484375,36.38414001464844
15-09-2014,40.2390022277832,40.59749984741211,2971926,40.59749984741211,40.49429702758789,36.311073303222656
16-09-2014,40.34763717651367,40.46170425415039,2851525,40.81477355957031,40.73329544067383,36.52538299560547
17-09-2014,39.413360595703125,40.46713638305664,10681114,40.46713638305664,39.462249755859375,35.385643005371094
18-09-2014,39.304725646972656,39.598045349121094,5834313,39.7827262878418,39.70668029785156,35.60482406616211
19-09-2014,39.293861389160156,39.902225494384766,5214448,39.907657623291016,39.40250015258789,35.33207321166992
22-09-2014,38.978816986083984,39.326454162597656,4046886,39.36447525024414,39.14720153808594,35.10314178466797
23-09-2014,38.837589263916016,38.929927825927734,3843088,39.0928840637207,38.957088470458984,34.93266677856445
24-09-2014,38.853885650634766,38.853885650634766,3474888,39.24497604370117,39.19609069824219,35.14697265625
25-09-2014,38.6692008972168,39.04399871826172,3245315,39.04943084716797,38.71808624267578,34.71834945678711
26-09-2014,38.8756103515625,38.908203125,6594094,39.39706802368164,39.26127243041992,35.20541763305664
29-09-2014,38.843021392822266,38.91363525390625,3008194,39.24497604370117,39.04399871826172,35.01060104370117
30-09-2014,38.837589263916016,39.03856658935547,4595872,39.12004470825195,38.984249114990234,34.95702362060547
01-10-2014,38.58772277832031,38.70722579956055,5009361,38.946224212646484,38.843021392822266,34.83038330078125
02-10-2014,38.462791442871094,38.8973388671875,4123104,38.935359954833984,38.86474609375,34.84986877441406
03-10-2014,39.14176940917969,39.14176940917969,5610448,39.65236282348633,39.603477478027344,35.51227569580078
06-10-2014,39.38620376586914,39.85877227783203,3612963,39.951114654541016,39.51113510131836,35.429473876953125
07-10-2014,38.88104248046875,39.38620376586914,3496980,39.424224853515625,38.88104248046875,34.86447525024414
08-10-2014,38.88104248046875,39.03313446044922,4408827,39.74470520019531,39.74470520019531,35.6389274597168
09-10-2014,38.951656341552734,39.614341735839844,4950817,39.78815841674805,39.00597381591797,34.97650909423828
10-10-2014,38.7017936706543,39.02227020263672,4402383,39.288429260253906,38.7017936706543,34.70375442504883
13-10-2014,37.821834564208984,38.62031555175781,4776475,38.6909294128418,37.838130950927734,33.92929458618164
14-10-2014,37.327537536621094,37.9793586730957,7363264,38.22378921508789,37.40358352661133,33.53965377807617
15-10-2014,36.214012145996094,37.110267639160156,8450006,37.18631362915039,37.121131896972656,33.28636932373047
16-10-2014,36.39326477050781,36.39326477050781,10618888,37.5774040222168,37.03422164916992,33.20843505859375
17-10-2014,36.05105972290039,37.12656021118164,11965395,37.343833923339844,36.52362823486328,32.750606536865234
20-10-2014,36.29005813598633,36.54535675048828,5878865,36.90928649902344,36.90385818481445,33.09154510498047
21-10-2014,36.87126541137695,36.96360778808594,6404655,37.376426696777344,37.28951644897461,33.43736267089844
22-10-2014,37.104835510253906,37.44704055786133,5951953,37.46333312988281,37.13742446899414,33.30097198486328
23-10-2014,37.45247268676758,37.46876525878906,3942686,37.734928131103516,37.53395080566406,33.65654754638672
24-10-2014,37.5556755065918,37.66974639892578,3039307,37.9793586730957,37.93047332763672,34.012107849121094
27-10-2014,37.80010986328125,37.9793586730957,2848395,38.12058639526367,37.94133758544922,34.0218391418457
28-10-2014,37.848995208740234,37.97392654418945,3484093,38.196632385253906,38.196632385253906,34.250762939453125
29-10-2014,38.03367614746094,38.13145065307617,5439050,38.38131332397461,38.24551773071289,34.29460144042969
30-10-2014,37.751220703125,38.158607482910156,6602194,38.158607482910156,38.05540466308594,34.12413024902344
31-10-2014,37.94133758544922,38.462791442871094,5944589,38.484519958496094,38.09885787963867,34.16310119628906
03-11-2014,37.707767486572266,38.09342575073242,5924154,38.09342575073242,37.848995208740234,33.93904113769531
04-11-2014,37.02878952026367,37.53937911987305,15038393,37.696903228759766,37.18088150024414,33.33995819091797
05-11-2014,37.14828872680664,37.246063232421875,15039865,38.63661193847656,38.51167678833008,34.53326416015625
06-11-2014,38.38131332397461,38.56599807739258,8744382,38.984249114990234,38.89190673828125,34.87420654296875
07-11-2014,38.28354263305664,38.70722579956055,7670342,38.77240753173828,38.354156494140625,34.392024993896484
10-11-2014,38.15317916870117,38.370452880859375,4930566,38.44106674194336,38.365020751953125,34.401756286621094
11-11-2014,38.25094985961914,38.457359313964844,3136144,38.56599807739258,38.43563461303711,34.465065002441406
12-11-2014,38.305267333984375,38.468223571777344,4056091,38.788700103759766,38.74524688720703,34.742713928222656
13-11-2014,38.74524688720703,38.799564361572266,5367436,39.24497604370117,39.15263366699219,35.10800552368164
14-11-2014,38.804996490478516,38.957088470458984,3947656,39.13090515136719,38.973384857177734,34.94728469848633
17-11-2014,38.810428619384766,38.86474609375,3083491,39.14720153808594,39.10918045043945,35.06904602050781
18-11-2014,39.04943084716797,39.22324752807617,3851924,39.445953369140625,39.424224853515625,35.351539611816406
19-11-2014,39.21781539916992,39.38077163696289,4027003,39.51113510131836,39.35904312133789,35.2930908203125
20-11-2014,38.89190673828125,39.23411178588867,6131819,39.293861389160156,39.1037483215332,35.064178466796875
21-11-2014,39.282997131347656,39.54372787475586,3954836,39.560020446777344,39.34817886352539,35.28336715698242
24-11-2014,39.27756881713867,39.48397445678711,4010434,39.48397445678711,39.34817886352539,35.28336715698242
25-11-2014,39.24497604370117,39.34817886352539,5247771,39.445953369140625,39.34817886352539,35.28336715698242
26-11-2014,39.26670455932617,39.440521240234375,2541501,39.440521240234375,39.326454162597656,35.26387405395508
28-11-2014,39.462249755859375,39.554588317871094,2136112,39.7609977722168,39.65236282348633,35.556114196777344
01-12-2014,39.413360595703125,39.72297668457031,3557548,39.83161163330078,39.581748962402344,35.4927864074707
02-12-2014,39.608909606933594,39.77729415893555,4796910,40.054317474365234,40.02716064453125,35.89220428466797
03-12-2014,39.614341735839844,39.71211242675781,5665862,40.11406707763672,40.048885345458984,36.16688919067383
04-12-2014,39.66322708129883,39.86420440673828,3975824,39.9891357421875,39.96197509765625,36.08840560913086
05-12-2014,39.77729415893555,39.88593292236328,5020223,40.423683166503906,40.31504440307617,36.40725326538086
08-12-2014,40.076045989990234,40.29875183105469,3434201,40.48886489868164,40.26072692871094,36.35819625854492
09-12-2014,39.69581604003906,39.929386138916016,4015221,40.108638763427734,40.081478118896484,36.196327209472656
10-12-2014,39.49483871459961,39.913089752197266,4928725,40.13036346435547,39.52199935913086,35.69108581542969
11-12-2014,39.570884704589844,39.99456787109375,4492961,39.99456787109375,39.71211242675781,35.86277389526367
12-12-2014,38.984249114990234,39.40250015258789,6080087,39.440521240234375,38.984249114990234,35.205448150634766
15-12-2014,38.58772277832031,39.13633728027344,5752205,39.299293518066406,38.62031555175781,34.876800537109375
16-12-2014,38.41933822631836,38.59315490722656,5547854,39.16893005371094,38.41933822631836,34.695308685302734
17-12-2014,38.37588119506836,38.479087829589844,4763588,39.407928466796875,39.25584030151367,35.450714111328125
18-12-2014,39.598045349121094,39.75556945800781,4948608,40.2390022277832,40.23357009887695,36.333683013916016
19-12-2014,39.85334014892578,40.23357009887695,6844102,40.61379623413086,40.45627212524414,36.53479766845703
22-12-2014,40.1846809387207,40.1846809387207,4193062,40.84193420410156,40.575775146484375,36.6427001953125
23-12-2014,40.385658264160156,40.84736633300781,4205949,40.8962516784668,40.46170425415039,36.539695739746094
24-12-2014,40.24443054199219,40.32047653198242,1574239,40.61922836303711,40.439979553222656,36.520084381103516
26-12-2014,40.34220504760742,40.407386779785156,1652298,40.59749984741211,40.49972915649414,36.574031829833984
29-12-2014,40.29331970214844,40.31504440307617,2286154,40.586639404296875,40.412818908691406,36.49554443359375
30-12-2014,40.16838836669922,40.407386779785156,2580162,40.52145767211914,40.2064094543457,36.30915451049805
31-12-2014,39.7935905456543,40.13036346435547,2693751,40.48886489868164,39.80988693237305,35.95105743408203
02-01-2015,39.592613220214844,39.98370361328125,3964594,40.21184158325195,39.82075119018555,35.96086502075195
05-01-2015,38.6474723815918,39.38077163696289,6754997,39.48397445678711,38.832157135009766,35.0681037902832
06-01-2015,38.51710891723633,38.957088470458984,6930076,39.13090515136719,38.62574768066406,34.8817024230957
07-01-2015,38.51710891723633,38.951656341552734,6065359,39.02770233154297,38.810428619384766,35.04847717285156
08-01-2015,39.23954391479492,39.26127243041992,5669175,39.902225494384766,39.8153190612793,35.95597839355469
09-01-2015,39.26127243041992,39.77729415893555,4221229,39.902225494384766,39.315589904785156,35.504676818847656
12-01-2015,39.17979431152344,39.47854232788086,4674299,39.603477478027344,39.50027084350586,35.67145919799805
13-01-2015,38.89190673828125,39.72840881347656,5311653,40.14665985107422,39.0928840637207,35.30356216430664
14-01-2015,38.56599807739258,38.826725006103516,4985428,38.973384857177734,38.962520599365234,35.185829162597656
15-01-2015,38.68549728393555,39.17436218261719,3731891,39.27756881713867,38.826725006103516,35.06319046020508
16-01-2015,38.479087829589844,38.810428619384766,4149246,39.14720153808594,39.1146125793457,35.32318878173828
20-01-2015,38.799564361572266,39.445953369140625,5047102,39.456817626953125,39.00597381591797,35.22507858276367
21-01-2015,38.74524688720703,39.01683807373047,5576205,39.15263366699219,38.76154327392578,35.00434112548828
22-01-2015,38.58772277832031,39.04399871826172,5022616,39.26670455932617,39.25040817260742,35.4458122253418
23-01-2015,38.77240753173828,39.16893005371094,3247156,39.21781539916992,38.799564361572266,35.03866958618164
26-01-2015,38.40847396850586,38.794132232666016,8382073,38.87017822265625,38.500816345214844,34.76887130737305
27-01-2015,38.04454040527344,38.354156494140625,5441812,38.60401916503906,38.38131332397461,34.66095733642578
28-01-2015,38.10972213745117,38.59858703613281,8207178,38.6474723815918,38.10972213745117,34.415679931640625
29-01-2015,38.169471740722656,38.71808624267578,9036917,39.05485916137695,38.77240753173828,35.014137268066406
30-01-2015,38.13145065307617,38.58772277832031,10089048,39.03856658935547,38.191200256347656,34.48927307128906
02-02-2015,37.58283615112305,38.22378921508789,5441996,38.326995849609375,38.316131591796875,34.60210418701172
03-02-2015,37.821834564208984,38.37588119506836,5848305,38.51710891723633,38.26724624633789,34.55794906616211
04-02-2015,37.9684944152832,38.05540466308594,4705964,38.42477035522461,38.06083679199219,34.37155532836914
05-02-2015,38.40304183959961,38.56599807739258,6125928,39.01140594482422,38.76154327392578,35.00434112548828
06-02-2015,38.468223571777344,38.6800651550293,5213896,38.89190673828125,38.54970169067383,34.81303024291992
09-02-2015,37.65888214111328,38.359588623046875,6066279,38.51167678833008,37.870723724365234,34.199859619140625
10-02-2015,37.843563079833984,38.10429000854492,3660644,38.212928771972656,38.14774703979492,34.450042724609375
11-02-2015,37.49049377441406,38.10972213745117,5275754,38.332427978515625,37.854427337646484,34.18514633178711
12-02-2015,37.78924560546875,37.92504119873047,3860761,38.09342575073242,38.06626892089844,34.37645721435547
13-02-2015,37.740360260009766,37.88701629638672,3999020,38.27811050415039,38.23465347290039,34.52851104736328
17-02-2015,37.724063873291016,37.98479080200195,5919551,38.06626892089844,37.90874481201172,34.23419952392578
18-02-2015,36.8658332824707,37.47962951660156,10539909,37.47962951660156,37.15372085571289,33.55236053466797
19-02-2015,36.577945709228516,37.03965377807617,10845147,37.066810607910156,36.621402740478516,33.07163619995117
20-02-2015,35.81748962402344,36.556217193603516,19788541,36.91471862792969,36.88212966918945,33.30709457397461
23-02-2015,36.90385818481445,36.95817565917969,7395665,37.53395080566406,37.28408432006836,33.67009353637695
24-02-2015,37.213470458984375,37.28408432006836,8988130,37.55024337768555,37.51222229003906,33.8761100769043
25-02-2015,37.27322006225586,37.47962951660156,5560556,37.58283615112305,37.40358352661133,33.77799606323242
26-02-2015,37.224334716796875,37.31667709350586,4364643,37.56110763549805,37.30038070678711,33.68479537963867
27-02-2015,37.27865219116211,37.354698181152344,6061124,37.718631744384766,37.56110763549805,33.920249938964844
02-03-2015,37.51222229003906,37.56110763549805,6627784,38.03910827636719,38.0010871887207,34.31758499145508
03-03-2015,37.5448112487793,37.88701629638672,4455772,37.91417694091797,37.707767486572266,34.052703857421875
04-03-2015,37.41444778442383,37.707767486572266,4009882,37.805538177490234,37.61542510986328,33.96931457519531
05-03-2015,37.45790481567383,37.751220703125,3744594,37.816402435302734,37.59370040893555,33.94969940185547
06-03-2015,36.708309173583984,37.42531204223633,7265875,37.43617630004883,36.78978729248047,33.22371292114258
09-03-2015,36.50733184814453,36.724605560302734,5373327,36.8984260559082,36.773494720458984,33.4659309387207
10-03-2015,36.51819610595703,36.594242095947266,6968369,36.99076461791992,36.773494720458984,33.4659309387207
11-03-2015,36.33351516723633,36.93101501464844,6679332,36.93101501464844,36.39869689941406,33.124839782714844
12-03-2015,36.35524368286133,36.4747428894043,6117275,36.621402740478516,36.39326477050781,33.119895935058594
13-03-2015,36.262901306152344,36.38783264160156,7141423,36.6485595703125,36.588809967041016,33.2978515625
16-03-2015,36.80065155029297,36.80608367919922,5460774,37.197174072265625,37.17001724243164,33.8267822265625
17-03-2015,36.90928649902344,36.99619674682617,6266028,37.40358352661133,37.19174575805664,33.846553802490234
18-03-2015,36.68115234375,37.093971252441406,8128751,37.41444778442383,37.235198974609375,33.886112213134766
19-03-2015,36.80065155029297,37.197174072265625,8700198,37.28408432006836,36.92558288574219,33.604331970214844
20-03-2015,36.83867645263672,37.13742446899414,12609561,37.327537536621094,37.03422164916992,33.70319747924805
23-03-2015,36.96903991699219,37.03422164916992,7451448,37.58283615112305,37.39271926879883,34.02946090698242
24-03-2015,37.15372085571289,37.29494857788086,7361054,37.43074417114258,37.208038330078125,33.86138916015625
25-03-2015,36.96360778808594,37.18631362915039,6207852,37.46876525878906,37.01249313354492,33.68342971801758
26-03-2015,36.82781219482422,36.93644714355469,6112488,37.28408432006836,36.94731140136719,33.62411117553711
27-03-2015,36.93644714355469,37.14285659790039,3893163,37.27322006225586,37.235198974609375,33.886112213134766
30-03-2015,37.093971252441406,37.376426696777344,4841278,37.39815139770508,37.349266052246094,33.98991012573242
31-03-2015,37.099403381347656,37.197174072265625,5482130,37.381858825683594,37.208038330078125,33.86138916015625
01-04-2015,36.52362823486328,37.04508590698242,7211197,37.104835510253906,36.68658447265625,33.3868293762207
02-04-2015,36.4530143737793,36.66485595703125,4774634,37.072242736816406,36.93644714355469,33.61422348022461
06-04-2015,36.80608367919922,37.01792526245117,4122367,37.387290954589844,37.27865219116211,33.92564392089844
07-04-2015,37.240631103515625,37.26778793334961,5838363,37.832698822021484,37.66431427001953,34.2766227722168
08-04-2015,37.5556755065918,37.66431427001953,5346632,37.859859466552734,37.751220703125,34.35572052001953
09-04-2015,37.62085723876953,37.74578857421875,6593910,38.13145065307617,38.10429000854492,34.67702865600586
10-04-2015,37.93047332763672,38.02824783325195,4562366,38.343292236328125,38.332427978515625,34.8846435546875
13-04-2015,37.92504119873047,38.359588623046875,5710782,38.359588623046875,37.95220184326172,34.53861618041992
14-04-2015,37.66431427001953,37.76751708984375,6542362,38.07713317871094,38.0119514465332,34.59299850463867
15-04-2015,38.02824783325195,38.158607482910156,5051336,38.299835205078125,38.13145065307617,34.70174026489258
16-04-2015,37.94676971435547,38.05540466308594,5277779,38.191200256347656,38.10429000854492,34.67702865600586
17-04-2015,37.805538177490234,37.88701629638672,4423187,38.12601852416992,37.97392654418945,34.558380126953125
20-04-2015,38.05540466308594,38.06083679199219,4399438,38.39217758178711,38.218360900878906,34.78083801269531
21-04-2015,37.94676971435547,38.27267837524414,7221875,38.348724365234375,38.04997253417969,34.62759780883789
22-04-2015,37.88701629638672,38.185768127441406,4915286,38.26724624633789,38.22922134399414,34.79071044921875
23-04-2015,38.03367614746094,38.305267333984375,8504131,39.14720153808594,38.843021392822266,35.34931182861328
24-04-2015,38.365020751953125,38.77783966064453,5532021,38.78327178955078,38.64204025268555,35.166412353515625
27-04-2015,38.191200256347656,38.63117980957031,5341846,38.804996490478516,38.22378921508789,34.7857666015625
28-04-2015,37.78924560546875,38.02824783325195,4016326,38.218360900878906,38.14774703979492,34.716575622558594
29-04-2015,37.729496002197266,38.06083679199219,3677582,38.13688278198242,37.88701629638672,34.47929382324219
30-04-2015,37.202606201171875,37.729496002197266,4471605,37.729496002197266,37.338401794433594,33.98002624511719
01-05-2015,37.365562438964844,37.43074417114258,3735941,37.76751708984375,37.713199615478516,34.321102142333984
04-05-2015,37.713199615478516,37.75665283203125,3681632,38.08799743652344,37.9902229309082,34.573211669921875
05-05-2015,37.696903228759766,37.92504119873047,4530517,38.0228157043457,37.832698822021484,34.42985916137695
06-05-2015,37.30581283569336,38.0010871887207,4594952,38.01738357543945,37.43074417114258,34.064056396484375
07-05-2015,37.251495361328125,37.60456466674805,4856006,37.88701629638672,37.65888214111328,34.27168273925781
08-05-2015,37.6099967956543,37.98479080200195,3635423,38.06083679199219,37.80010986328125,34.400211334228516
11-05-2015,37.50135803222656,37.696903228759766,5230281,37.74578857421875,37.62628936767578,34.24201965332031
12-05-2015,37.246063232421875,37.5665397644043,6034982,37.691471099853516,37.28408432006836,33.930599212646484
13-05-2015,36.90385818481445,37.26235580444336,5204323,37.40901565551758,36.99076461791992,33.663658142089844
14-05-2015,37.066810607910156,37.208038330078125,4589613,37.53937911987305,37.50135803222656,34.128326416015625
15-05-2015,37.50135803222656,37.5882682800293,6252772,37.816402435302734,37.67517852783203,34.2865104675293
18-05-2015,36.6485595703125,37.713199615478516,13369894,37.74578857421875,37.072242736816406,33.73780059814453
19-05-2015,37.00162887573242,37.14285659790039,9495326,37.50679016113281,37.197174072265625,33.85149002075195
20-05-2015,36.83867645263672,37.213470458984375,8035045,37.29494857788086,36.90928649902344,33.58949661254883
21-05-2015,36.49103546142578,36.87126541137695,9988898,36.94731140136719,36.68658447265625,33.3868293762207
22-05-2015,36.561649322509766,36.66485595703125,6295484,36.97990036010742,36.594242095947266,33.302799224853516
26-05-2015,36.4530143737793,36.610538482666016,6649508,36.719173431396484,36.51276397705078,33.22864532470703
27-05-2015,36.241172790527344,36.605106353759766,10562553,36.6376953125,36.41499328613281,33.139678955078125
28-05-2015,36.279197692871094,36.30635452270508,8872331,36.52906036376953,36.4747428894043,33.453529357910156
29-05-2015,35.94242477416992,36.50189971923828,11771538,36.588809967041016,36.18142318725586,33.184505462646484
01-06-2015,35.86637878417969,36.279197692871094,8751930,36.34981155395508,36.04019546508789,33.05497741699219
02-06-2015,35.86094665527344,35.93156051635742,8825386,36.16512680053711,36.05105972290039,33.06493377685547
03-06-2015,35.73601150512695,36.16512680053711,12395821,36.19228744506836,35.79576110839844,32.830787658691406
04-06-2015,35.38294219970703,35.638240814208984,10515056,35.75774002075195,35.643672943115234,32.6912956237793
05-06-2015,35.28517150878906,35.5784912109375,7974660,35.632808685302734,35.3177604675293,32.39237976074219
08-06-2015,35.05160140991211,35.3612174987793,6931549,35.38837432861328,35.05703353881836,32.15324401855469
09-06-2015,34.76914596557617,35.035308837890625,9781417,35.05703353881836,34.80717086791992,31.924076080322266
10-06-2015,34.845191955566406,34.92667007446289,17805232,35.93156051635742,35.86094665527344,32.89057922363281
11-06-2015,35.80662536621094,35.86637878417969,23528532,37.15372085571289,37.077674865722656,34.00651550292969
12-06-2015,36.82781219482422,37.00162887573242,18214118,37.235198974609375,37.077674865722656,34.00651550292969
15-06-2015,36.599674224853516,36.90928649902344,11330066,37.04508590698242,36.90385818481445,33.847103118896484
16-06-2015,36.583377838134766,36.90385818481445,17176530,37.229766845703125,36.8549690246582,33.802249908447266
17-06-2015,36.599674224853516,36.97990036010742,11603639,37.18088150024414,37.01792526245117,33.95172119140625
18-06-2015,37.02335739135742,37.03965377807617,13697040,37.75665283203125,37.61542510986328,34.499732971191406
19-06-2015,37.48506164550781,37.65345001220703,14188219,37.9902229309082,37.702335357666016,34.57944869995117
22-06-2015,37.5665397644043,37.696903228759766,12785929,38.27267837524414,38.03910827636719,34.88831329345703
23-06-2015,37.77294921875,38.0119514465332,12088742,38.473655700683594,38.38674545288086,35.207149505615234
24-06-2015,38.495384216308594,38.53883743286133,19227036,39.07658767700195,38.91363525390625,35.69039535522461
25-06-2015,38.6474723815918,38.72895050048828,17348664,39.40250015258789,39.293861389160156,36.03913116455078
26-06-2015,38.940792083740234,39.26670455932617,24021736,39.565452575683594,39.06572341918945,35.82991027832031
29-06-2015,38.348724365234375,38.6474723815918,12327336,39.03313446044922,38.37588119506836,35.19718933105469
30-06-2015,37.91417694091797,38.63661193847656,18308193,38.6474723815918,37.98479080200195,34.8385009765625
01-07-2015,37.43000030517578,37.54999923706055,24435200,38.939998626708984,38.86000061035156,35.641204833984375
02-07-2015,38.20000076293945,38.77000045776367,20257100,38.849998474121094,38.29999923706055,35.127601623535156
06-07-2015,37.75,38.150001525878906,17521500,38.40999984741211,38.040000915527344,34.889129638671875
07-07-2015,36.47999954223633,37.88999938964844,17082700,38.0,37.11000061035156,34.036163330078125
08-07-2015,36.400001525878906,36.97999954223633,7799300,37.150001525878906,36.5,33.4766960144043
09-07-2015,36.72999954223633,37.08000183105469,10327200,37.09000015258789,37.02000045776367,33.953617095947266
10-07-2015,36.93000030517578,37.34000015258789,10109600,37.720001220703125,37.61000061035156,34.494747161865234
13-07-2015,37.290000915527344,37.72999954223633,8969100,37.72999954223633,37.599998474121094,34.485572814941406
14-07-2015,37.33000183105469,37.47999954223633,11631000,37.790000915527344,37.72999954223633,34.60481262207031
15-07-2015,37.529998779296875,37.7599983215332,12867400,37.810001373291016,37.70000076293945,34.57728576660156
16-07-2015,37.540000915527344,37.7599983215332,8280700,37.83000183105469,37.77000045776367,34.64149475097656
17-07-2015,37.27000045776367,37.7400016784668,8858100,37.83000183105469,37.36000061035156,34.26545333862305
20-07-2015,37.2599983215332,37.43000030517578,12162900,37.75,37.65999984741211,34.540618896484375
21-07-2015,37.599998474121094,37.650001525878906,7290900,37.88999938964844,37.849998474121094,34.71485900878906
22-07-2015,37.650001525878906,37.72999954223633,8715400,37.86000061035156,37.709999084472656,34.58646774291992
23-07-2015,37.7599983215332,37.79999923706055,10271800,38.209999084472656,37.970001220703125,34.8249397277832
24-07-2015,37.59000015258789,37.79999923706055,6612600,37.970001220703125,37.63999938964844,34.52227020263672
27-07-2015,37.5,37.599998474121094,8898000,37.900001525878906,37.70000076293945,34.57728576660156
28-07-2015,37.68000030517578,37.959999084472656,8299900,38.150001525878906,38.09000015258789,34.93499755859375
29-07-2015,38.04999923706055,38.18000030517578,8413900,38.7599983215332,38.5,35.31104278564453
30-07-2015,37.709999084472656,37.81999969482422,14504000,40.06999969482422,40.0099983215332,36.695953369140625
31-07-2015,39.720001220703125,39.75,11660300,40.150001525878906,40.08000183105469,36.760169982910156
03-08-2015,39.38999938964844,39.91999816894531,6949200,40.06999969482422,39.5099983215332,36.23737335205078
04-08-2015,39.75,40.40999984741211,76058800,41.08000183105469,40.310001373291016,36.971107482910156
05-08-2015,40.400001525878906,40.560001373291016,40376600,43.439998626708984,42.130001068115234,38.640357971191406
06-08-2015,41.779998779296875,41.88999938964844,23178500,42.560001373291016,41.93000030517578,38.45692443847656
07-08-2015,41.459999084472656,41.939998626708984,11530500,42.709999084472656,41.880001068115234,38.41108322143555
10-08-2015,41.93000030517578,42.029998779296875,9214300,42.45000076293945,42.040000915527344,38.55781555175781
11-08-2015,41.4900016784668,41.689998626708984,6935500,41.97999954223633,41.7599983215332,38.301002502441406
12-08-2015,40.40999984741211,41.560001373291016,7711300,41.63999938964844,40.81999969482422,37.43886184692383
13-08-2015,40.5099983215332,40.810001373291016,4966900,41.040000915527344,40.81999969482422,37.43886184692383
14-08-2015,40.65999984741211,41.099998474121094,4402500,41.099998474121094,40.900001525878906,37.512237548828125
17-08-2015,40.470001220703125,40.75,6676300,40.810001373291016,40.7599983215332,37.38383865356445
18-08-2015,40.52000045776367,40.689998626708984,4176100,40.97999954223633,40.59000015258789,37.22792053222656
19-08-2015,40.060001373291016,40.47999954223633,6773900,40.58000183105469,40.13999938964844,36.815181732177734
20-08-2015,39.5099983215332,40.0,7850000,40.13999938964844,39.61000061035156,36.32909393310547
21-08-2015,38.0099983215332,39.25,15192700,39.40999984741211,38.279998779296875,35.1092529296875
24-08-2015,34.5,36.369998931884766,15628800,37.5099983215332,37.16999816894531,34.09119415283203
25-08-2015,36.880001068115234,37.9900016784668,10118100,37.9900016784668,36.970001220703125,33.90776443481445
26-08-2015,36.709999084472656,37.619998931884766,8622300,37.810001373291016,37.66999816894531,34.54977798461914
27-08-2015,37.7400016784668,37.970001220703125,9217800,38.77000045776367,38.59000015258789,35.393577575683594
28-08-2015,38.34000015258789,38.5,6382400,39.04999923706055,38.75,35.540321350097656
31-08-2015,38.369998931884766,38.650001525878906,4810100,38.90999984741211,38.45000076293945,35.26517105102539
01-09-2015,36.95000076293945,37.66999816894531,6330700,37.9900016784668,37.22999954223633,34.14622497558594
02-09-2015,37.0,37.630001068115234,3414100,37.65999984741211,37.400001525878906,34.4084358215332
03-09-2015,36.91999816894531,37.540000915527344,5842300,37.790000915527344,37.04999923706055,34.0864372253418
04-09-2015,35.90999984741211,36.560001373291016,8565000,36.709999084472656,36.13999938964844,33.24922561645508
08-09-2015,36.34000015258789,36.83000183105469,8096800,36.849998474121094,36.5099983215332,33.58961868286133
09-09-2015,36.25,37.040000915527344,4296900,37.2599983215332,36.310001373291016,33.405609130859375
10-09-2015,35.75,36.25,5880800,36.31999969482422,36.06999969482422,33.184818267822266
11-09-2015,35.880001068115234,35.900001525878906,3885200,36.20000076293945,36.02000045776367,33.13882064819336
14-09-2015,35.720001220703125,35.959999084472656,3269900,36.13999938964844,35.970001220703125,33.09281921386719
15-09-2015,35.88999938964844,35.91999816894531,3137800,36.38999938964844,36.25,33.35041809082031
16-09-2015,35.97999954223633,36.279998779296875,3037700,36.369998931884766,36.209999084472656,33.31361770629883
17-09-2015,36.119998931884766,36.25,3351200,36.880001068115234,36.349998474121094,33.44240951538086
18-09-2015,35.869998931884766,35.88999938964844,6928100,36.279998779296875,36.25,33.35041809082031
21-09-2015,35.90999984741211,36.439998626708984,4207200,36.70000076293945,35.95000076293945,33.07441711425781
22-09-2015,34.84000015258789,35.59000015258789,6022300,35.619998931884766,35.47999954223633,32.64199447631836
23-09-2015,35.33000183105469,35.58000183105469,4406300,35.97999954223633,35.7599983215332,32.89960479736328
24-09-2015,34.77000045776367,35.54999923706055,6047300,35.58000183105469,35.290000915527344,32.46721267700195
25-09-2015,34.25,35.529998779296875,3936200,35.540000915527344,34.45000076293945,31.694400787353516
28-09-2015,32.52000045776367,34.25,7741700,34.34000015258789,32.59000015258789,29.98318099975586
29-09-2015,32.220001220703125,32.540000915527344,9033800,33.25,32.689998626708984,30.075180053710938
30-09-2015,32.56999969482422,33.11000061035156,6117600,33.25,32.849998474121094,30.222373962402344
01-10-2015,32.310001373291016,32.689998626708984,5616100,32.86000061035156,32.72999954223633,30.111974716186523
02-10-2015,32.18000030517578,32.41999816894531,7624300,33.56999969482422,33.54999923706055,30.866392135620117
05-10-2015,33.11000061035156,33.83000183105469,7007100,33.86000061035156,33.29999923706055,30.636375427246094
06-10-2015,32.18000030517578,33.33000183105469,9273700,33.5,32.27000045776367,29.688766479492188
07-10-2015,32.25,32.369998931884766,7084700,32.95000076293945,32.90999984741211,30.277576446533203
08-10-2015,32.619998931884766,32.93000030517578,6958900,33.33000183105469,33.25,30.590381622314453
09-10-2015,33.150001525878906,33.189998626708984,4960200,33.47999954223633,33.209999084472656,30.5535888671875
12-10-2015,33.099998474121094,33.16999816894531,3747600,33.529998779296875,33.470001220703125,30.79278564453125
13-10-2015,33.06999969482422,33.34000015258789,6068300,33.529998779296875,33.099998474121094,30.45237922668457
14-10-2015,32.91999816894531,33.130001068115234,3246800,33.27000045776367,33.04999923706055,30.406375885009766
15-10-2015,32.959999084472656,33.15999984741211,4024800,33.779998779296875,33.70000076293945,31.004383087158203
16-10-2015,33.630001068115234,33.86000061035156,4708300,34.16999816894531,33.91999816894531,31.206790924072266
19-10-2015,33.779998779296875,33.86000061035156,4482500,34.09000015258789,34.02000045776367,31.29879379272461
20-10-2015,33.880001068115234,33.970001220703125,5599700,34.5,34.2599983215332,31.519594192504883
21-10-2015,34.40999984741211,34.4900016784668,12740800,35.68000030517578,35.599998474121094,32.75240707397461
22-10-2015,34.43000030517578,35.650001525878906,7132700,35.65999984741211,34.91999816894531,32.12679672241211
23-10-2015,35.040000915527344,35.130001068115234,4959200,35.630001068115234,35.400001525878906,32.568416595458984
26-10-2015,35.400001525878906,35.470001220703125,6671300,36.16999816894531,35.90999984741211,33.03761672973633
27-10-2015,36.04999923706055,36.04999923706055,5736100,36.97999954223633,36.63999938964844,33.7092170715332
28-10-2015,36.060001373291016,36.56999969482422,10065200,37.560001373291016,37.25,34.27043914794922
29-10-2015,37.09000015258789,37.189998626708984,6967200,37.7599983215332,37.59000015258789,34.58323287963867
30-10-2015,37.310001373291016,37.599998474121094,6100600,37.63999938964844,37.38999938964844,34.39923858642578
02-11-2015,37.400001525878906,37.5099983215332,3848400,37.86000061035156,37.77000045776367,34.74884033203125
03-11-2015,37.599998474121094,37.779998779296875,4684600,38.38999938964844,38.220001220703125,35.162841796875
04-11-2015,37.459999084472656,38.150001525878906,5725000,38.790000915527344,37.56999969482422,34.56483459472656
05-11-2015,37.220001220703125,37.72999954223633,3445200,37.869998931884766,37.54999923706055,34.546424865722656
06-11-2015,37.25,37.45000076293945,2964400,37.970001220703125,37.970001220703125,34.93284606933594
09-11-2015,37.45000076293945,37.810001373291016,3454300,37.959999084472656,37.65999984741211,34.64764404296875
10-11-2015,37.45000076293945,37.58000183105469,3779100,38.06999969482422,37.97999954223633,34.94203186035156
11-11-2015,37.79999923706055,38.0,3579900,38.11000061035156,37.880001068115234,34.850032806396484
12-11-2015,37.349998474121094,37.4900016784668,2826100,37.79999923706055,37.459999084472656,34.463626861572266
13-11-2015,37.400001525878906,37.52000045776367,3127500,37.849998474121094,37.56999969482422,34.56483459472656
16-11-2015,37.31999969482422,37.380001068115234,3842300,37.959999084472656,37.93000030517578,34.896034240722656
17-11-2015,37.54999923706055,37.90999984741211,3157100,38.0099983215332,37.77000045776367,34.74884033203125
18-11-2015,37.77000045776367,37.90999984741211,3950400,38.15999984741211,38.06999969482422,35.024837493896484
19-11-2015,37.720001220703125,37.95000076293945,2783000,38.119998931884766,37.90999984741211,34.87764358520508
20-11-2015,38.0,38.11000061035156,6891900,38.560001373291016,38.310001373291016,35.245635986328125
23-11-2015,37.900001525878906,38.2400016784668,5250300,38.279998779296875,38.06999969482422,35.024837493896484
24-11-2015,37.709999084472656,37.709999084472656,6299500,38.459999084472656,38.040000915527344,34.99724197387695
25-11-2015,37.720001220703125,38.08000183105469,2677900,38.08000183105469,37.880001068115234,34.850032806396484
27-11-2015,37.650001525878906,37.84000015258789,1737200,37.880001068115234,37.68000030517578,34.66603469848633
30-11-2015,37.470001220703125,37.72999954223633,5449200,37.849998474121094,37.650001525878906,34.63843536376953
01-12-2015,37.619998931884766,37.880001068115234,3693900,38.040000915527344,37.939998626708984,34.90522766113281
02-12-2015,37.310001373291016,37.90999984741211,2976500,38.0,37.36000061035156,34.47613525390625
03-12-2015,36.81999969482422,37.470001220703125,6117100,37.70000076293945,36.869998931884766,34.02396011352539
04-12-2015,36.90999984741211,36.90999984741211,4767900,37.72999954223633,37.540000915527344,34.642242431640625
07-12-2015,37.34000015258789,37.5,3592500,37.779998779296875,37.72999954223633,34.817569732666016
08-12-2015,37.029998779296875,37.5,2260200,37.52000045776367,37.20000076293945,34.3284797668457
09-12-2015,36.650001525878906,36.90999984741211,2123700,37.5,36.77000045776367,33.93168258666992
10-12-2015,36.66999816894531,36.84000015258789,3727400,37.61000061035156,37.279998779296875,34.40230941772461
11-12-2015,36.540000915527344,36.88999938964844,3339600,38.400001525878906,36.84000015258789,33.996273040771484
14-12-2015,36.08000183105469,36.849998474121094,4524700,36.97999954223633,36.529998779296875,33.71019744873047
15-12-2015,36.77000045776367,36.790000915527344,3423400,37.400001525878906,37.2599983215332,34.383846282958984
16-12-2015,37.15999984741211,37.400001525878906,4320300,37.88999938964844,37.83000183105469,34.90985107421875
17-12-2015,37.369998931884766,37.790000915527344,2666700,37.84000015258789,37.540000915527344,34.642242431640625
18-12-2015,36.650001525878906,37.34000015258789,5620700,37.380001068115234,36.650001525878906,33.82093811035156
21-12-2015,36.349998474121094,36.7400016784668,2578400,36.939998626708984,36.68000030517578,33.84861755371094
22-12-2015,36.63999938964844,36.810001373291016,4051100,37.720001220703125,37.619998931884766,34.71604919433594
23-12-2015,37.560001373291016,37.709999084472656,4177100,38.34000015258789,38.13999938964844,35.195919036865234
24-12-2015,38.060001373291016,38.060001373291016,2762200,38.380001068115234,38.150001525878906,35.20515060424805
28-12-2015,37.86000061035156,38.02000045776367,2698700,38.310001373291016,38.13999938964844,35.195919036865234
29-12-2015,38.29999923706055,38.38999938964844,3281800,38.689998626708984,38.560001373291016,35.58350372314453
30-12-2015,37.9900016784668,38.47999954223633,2909400,38.650001525878906,38.04999923706055,35.11287307739258
31-12-2015,37.720001220703125,37.86000061035156,3521700,38.54999923706055,38.150001525878906,35.20515060424805
04-01-2016,36.849998474121094,37.65999984741211,6261000,37.689998626708984,37.16999816894531,34.30079650878906
05-01-2016,36.869998931884766,37.15999984741211,4345700,37.43000030517578,37.31999969482422,34.43921661376953
06-01-2016,36.75,36.790000915527344,10814700,37.529998779296875,37.40999984741211,34.52227020263672
07-01-2016,36.15999984741211,36.88999938964844,7258200,37.040000915527344,36.790000915527344,33.950138092041016
08-01-2016,36.11000061035156,36.869998931884766,5440500,36.959999084472656,36.20000076293945,33.405670166015625
11-01-2016,35.2400016784668,36.310001373291016,5010800,36.5,35.59000015258789,32.8427619934082
12-01-2016,34.95000076293945,35.790000915527344,5281800,36.220001220703125,35.47999954223633,32.74125289916992
13-01-2016,34.7599983215332,35.7400016784668,5592500,36.20000076293945,34.83000183105469,32.141422271728516
14-01-2016,34.75,34.970001220703125,11573500,35.54999923706055,35.310001373291016,32.584373474121094
15-01-2016,34.540000915527344,34.56999969482422,6550600,35.459999084472656,35.099998474121094,32.39057922363281
19-01-2016,34.91999816894531,35.45000076293945,6271000,35.5,35.36000061035156,32.63050842285156
20-01-2016,34.060001373291016,34.81999969482422,5797500,35.060001373291016,34.7599983215332,32.076820373535156
21-01-2016,34.56999969482422,34.79999923706055,3436500,35.439998626708984,35.25,32.528995513916016
22-01-2016,35.709999084472656,35.75,3005700,36.130001068115234,36.06999969482422,33.28570556640625
25-01-2016,35.93000030517578,36.029998779296875,3870000,36.5,36.04999923706055,33.267242431640625
26-01-2016,35.97999954223633,36.13999938964844,2262800,36.560001373291016,36.540000915527344,33.719425201416016
27-01-2016,36.33000183105469,36.43000030517578,6976800,37.25,36.5,33.68252182006836
28-01-2016,35.41999816894531,36.959999084472656,6941500,37.22999954223633,35.70000076293945,32.94426345825195
29-01-2016,35.630001068115234,35.63999938964844,8212200,36.630001068115234,36.599998474121094,33.7747917175293
01-02-2016,36.279998779296875,36.369998931884766,9933100,37.4900016784668,37.279998779296875,34.40230941772461
02-02-2016,36.369998931884766,37.5,9251800,38.290000915527344,37.95000076293945,35.02058410644531
03-02-2016,37.41999816894531,38.22999954223633,8133600,38.45000076293945,38.2599983215332,35.30665969848633
04-02-2016,37.779998779296875,38.33000183105469,6869800,38.52000045776367,38.290000915527344,35.33434295654297
05-02-2016,37.2599983215332,38.099998474121094,5029500,38.29999923706055,37.4900016784668,34.596107482910156
08-02-2016,35.540000915527344,37.08000183105469,6256000,37.150001525878906,36.0,33.22111129760742
09-02-2016,35.779998779296875,35.880001068115234,4552800,36.58000183105469,36.189998626708984,33.396446228027344
10-02-2016,36.38999938964844,36.47999954223633,3779900,37.459999084472656,36.90999984741211,34.06086349487305
11-02-2016,35.7400016784668,36.290000915527344,5006500,36.560001373291016,35.880001068115234,33.11036682128906
12-02-2016,35.790000915527344,36.11000061035156,3560900,36.630001068115234,36.61000061035156,33.78402328491211
16-02-2016,36.66999816894531,36.880001068115234,4289100,37.459999084472656,37.40999984741211,34.52227020263672
17-02-2016,37.66999816894531,37.66999816894531,4610400,38.56999969482422,38.209999084472656,35.260520935058594
18-02-2016,37.90999984741211,38.13999938964844,3962900,38.34000015258789,38.06999969482422,35.13132095336914
19-02-2016,37.36000061035156,37.97999954223633,12723900,38.029998779296875,37.650001525878906,34.74375534057617
22-02-2016,37.88999938964844,38.16999816894531,4695000,38.470001220703125,38.40999984741211,35.445072174072266
23-02-2016,37.689998626708984,38.150001525878906,3495100,38.40999984741211,38.34000015258789,35.38048553466797
24-02-2016,37.779998779296875,37.93000030517578,3975500,39.02000045776367,38.970001220703125,35.96185302734375
25-02-2016,38.900001525878906,39.06999969482422,4347300,39.86000061035156,39.84000015258789,36.76469802856445
26-02-2016,39.38999938964844,39.83000183105469,6168300,40.560001373291016,39.43000030517578,36.386348724365234
29-02-2016,39.380001068115234,39.47999954223633,6517000,40.04999923706055,39.5099983215332,36.460166931152344
01-03-2016,39.25,39.650001525878906,4163700,40.0,39.97999954223633,36.89388656616211
02-03-2016,39.52000045776367,39.52000045776367,3541400,39.939998626708984,39.709999084472656,36.75044250488281
03-03-2016,38.9900016784668,39.47999954223633,4829600,39.529998779296875,39.33000183105469,36.398765563964844
04-03-2016,38.9900016784668,39.22999954223633,4913000,39.7599983215332,39.459999084472656,36.519073486328125
07-03-2016,39.209999084472656,39.290000915527344,3799800,39.9900016784668,39.81999969482422,36.85224533081055
08-03-2016,39.40999984741211,39.66999816894531,3128600,39.849998474121094,39.58000183105469,36.630126953125
09-03-2016,39.060001373291016,39.7599983215332,2609100,39.88999938964844,39.59000015258789,36.63938903808594
10-03-2016,39.41999816894531,39.75,3806300,40.16999816894531,39.79999923706055,36.833736419677734
11-03-2016,39.880001068115234,39.970001220703125,2612900,40.5,40.47999954223633,37.46304702758789
14-03-2016,40.04999923706055,40.189998626708984,2475700,40.66999816894531,40.439998626708984,37.4260368347168
15-03-2016,39.88999938964844,40.060001373291016,2225100,40.2400016784668,40.119998931884766,37.129878997802734
16-03-2016,39.689998626708984,40.08000183105469,2298100,40.29999923706055,40.029998779296875,37.046592712402344
17-03-2016,39.279998779296875,40.0,2477800,40.0,39.720001220703125,36.759700775146484
18-03-2016,39.560001373291016,39.779998779296875,6178300,40.40999984741211,40.130001068115234,37.13914489746094
21-03-2016,39.869998931884766,40.130001068115234,3641000,40.2599983215332,40.04999923706055,37.06510543823242
22-03-2016,39.90999984741211,39.959999084472656,4553800,40.84000015258789,40.599998474121094,37.5741081237793
23-03-2016,40.31999969482422,40.720001220703125,8920800,41.06999969482422,40.689998626708984,37.65739440917969
24-03-2016,39.900001525878906,40.36000061035156,4569200,40.5099983215332,40.11000061035156,37.120635986328125
28-03-2016,39.97999954223633,40.150001525878906,2631000,40.650001525878906,40.47999954223633,37.46304702758789
29-03-2016,40.27000045776367,40.47999954223633,3976400,41.369998931884766,41.279998779296875,38.203426361083984
30-03-2016,40.939998626708984,41.290000915527344,5153600,41.45000076293945,41.2599983215332,38.18491744995117
31-03-2016,41.04999923706055,41.33000183105469,5681100,41.5,41.08000183105469,38.018333435058594
01-04-2016,40.52000045776367,40.720001220703125,3811700,41.72999954223633,41.689998626708984,38.5828742980957
04-04-2016,41.61000061035156,41.75,4351500,42.310001373291016,42.08000183105469,38.94381332397461
05-04-2016,41.13999938964844,41.79999923706055,5425300,41.9900016784668,41.310001373291016,38.23119354248047
06-04-2016,41.20000076293945,41.20000076293945,4387900,42.22999954223633,42.220001220703125,39.073368072509766
07-04-2016,41.349998474121094,42.040000915527344,3392800,42.29999923706055,41.72999954223633,38.61988067626953
08-04-2016,41.560001373291016,41.91999816894531,2115400,42.0,41.84000015258789,38.7216911315918
11-04-2016,41.79999923706055,41.959999084472656,3530000,42.22999954223633,41.939998626708984,38.81425094604492
12-04-2016,41.720001220703125,41.91999816894531,2815600,42.150001525878906,42.029998779296875,38.89753341674805
13-04-2016,42.11000061035156,42.20000076293945,2205100,42.41999816894531,42.34000015258789,39.18443298339844
14-04-2016,42.349998474121094,42.810001373291016,3522800,42.97999954223633,42.650001525878906,39.47133255004883
15-04-2016,42.43000030517578,42.63999938964844,3798700,42.689998626708984,42.689998626708984,39.508338928222656
18-04-2016,42.529998779296875,42.529998779296875,6143800,43.25,43.099998474121094,39.887779235839844
19-04-2016,42.970001220703125,43.08000183105469,5773200,43.5,43.369998931884766,40.13766860961914
20-04-2016,43.09000015258789,43.369998931884766,5090500,43.52000045776367,43.2599983215332,40.03586196899414
21-04-2016,42.869998931884766,43.290000915527344,4023500,43.459999084472656,43.0099983215332,39.80449295043945
22-04-2016,43.0,43.099998474121094,33386700,43.59000015258789,43.31999969482422,40.09138107299805
25-04-2016,43.25,43.310001373291016,16409400,43.689998626708984,43.630001068115234,40.378292083740234
26-04-2016,43.529998779296875,44.0,14621000,44.75,43.970001220703125,40.69294357299805
27-04-2016,44.06999969482422,44.34000015258789,11937900,44.779998779296875,44.18000030517578,40.88729476928711
28-04-2016,43.95000076293945,44.04999923706055,16267800,44.66999816894531,44.2599983215332,40.961341857910156
29-04-2016,43.84000015258789,44.119998931884766,8992200,44.61000061035156,44.220001220703125,40.9243049621582
02-05-2016,44.2400016784668,44.38999938964844,6968800,44.720001220703125,44.709999084472656,41.37779235839844
03-05-2016,44.310001373291016,44.36000061035156,16850800,44.95000076293945,44.38999938964844,41.08163833618164
04-05-2016,44.150001525878906,44.27000045776367,15993100,45.25,45.119998931884766,41.757240295410156
05-05-2016,44.90999984741211,45.08000183105469,21337300,45.459999084472656,45.29999923706055,41.92382049560547
06-05-2016,44.61000061035156,45.20000076293945,21284100,45.459999084472656,45.06999969482422,41.71095657348633
09-05-2016,45.040000915527344,45.040000915527344,20858400,45.52000045776367,45.150001525878906,41.78499984741211
10-05-2016,44.81999969482422,45.04999923706055,21345800,45.66999816894531,45.5,42.10892105102539
11-05-2016,45.2400016784668,45.29999923706055,34540700,46.5099983215332,46.38999938964844,42.932579040527344
12-05-2016,45.220001220703125,46.560001373291016,21637800,46.95000076293945,45.630001068115234,42.22922134399414
13-05-2016,45.22999954223633,45.560001373291016,24874100,45.90999984741211,45.52000045776367,42.1274299621582
16-05-2016,45.29999923706055,45.38999938964844,25229800,45.880001068115234,45.470001220703125,42.081153869628906
17-05-2016,44.220001220703125,45.349998474121094,33325900,45.779998779296875,44.599998474121094,41.27598571777344
18-05-2016,44.040000915527344,44.59000015258789,36029500,45.08000183105469,45.08000183105469,41.72023010253906
19-05-2016,43.04999923706055,44.369998931884766,18350100,44.650001525878906,43.15999984741211,39.94331741333008
20-05-2016,42.88999938964844,43.349998474121094,11681600,43.5099983215332,42.91999816894531,39.7212028503418
23-05-2016,42.56999969482422,42.95000076293945,4981100,43.08000183105469,42.70000076293945,39.51759719848633
24-05-2016,42.790000915527344,42.81999969482422,18388300,43.91999816894531,43.65999984741211,40.40605163574219
25-05-2016,43.15999984741211,43.93000030517578,9703300,43.93000030517578,43.5,40.25797653198242
26-05-2016,43.25,43.630001068115234,14075700,43.7400016784668,43.43000030517578,40.19318771362305
27-05-2016,43.150001525878906,43.470001220703125,7582500,43.54999923706055,43.310001373291016,40.08214569091797
31-05-2016,42.91999816894531,43.310001373291016,7448900,43.439998626708984,43.15999984741211,39.94331741333008
01-06-2016,42.84000015258789,43.029998779296875,4804700,43.400001525878906,43.33000183105469,40.22179412841797
02-06-2016,43.11000061035156,43.310001373291016,4482900,43.599998474121094,43.43000030517578,40.31462860107422
03-06-2016,43.06999969482422,43.150001525878906,3582700,43.58000183105469,43.47999954223633,40.36104202270508
06-06-2016,43.41999816894531,43.5,7498700,43.970001220703125,43.970001220703125,40.81589126586914
07-06-2016,43.77000045776367,43.939998626708984,3446900,44.189998626708984,43.93000030517578,40.77875518798828
08-06-2016,43.810001373291016,43.86000061035156,4372500,44.619998931884766,44.599998474121094,41.400691986083984
09-06-2016,44.220001220703125,44.529998779296875,3770100,44.790000915527344,44.75,41.53992462158203
10-06-2016,44.060001373291016,44.40999984741211,3331000,44.59000015258789,44.4900016784668,41.29859161376953
13-06-2016,44.119998931884766,44.119998931884766,3145200,44.779998779296875,44.40999984741211,41.224334716796875
14-06-2016,44.060001373291016,44.310001373291016,3924800,44.599998474121094,44.439998626708984,41.25217056274414
15-06-2016,44.18000030517578,44.599998474121094,2429400,44.630001068115234,44.209999084472656,41.03866958618164
16-06-2016,44.0099983215332,44.13999938964844,3558800,44.619998931884766,44.56999969482422,41.37284851074219
17-06-2016,44.0,44.630001068115234,5158100,44.66999816894531,44.439998626708984,41.25217056274414
20-06-2016,44.540000915527344,44.83000183105469,7286300,45.04999923706055,44.959999084472656,41.73487091064453
21-06-2016,44.59000015258789,45.04999923706055,2810200,45.11000061035156,45.0099983215332,41.781288146972656
22-06-2016,44.779998779296875,45.09000015258789,5368900,45.15999984741211,44.939998626708984,41.71628952026367
23-06-2016,45.15999984741211,45.18000030517578,3274700,45.959999084472656,45.959999084472656,42.66313552856445
24-06-2016,43.720001220703125,44.84000015258789,11205000,44.84000015258789,43.849998474121094,40.70448303222656
27-06-2016,42.220001220703125,43.54999923706055,7807600,43.54999923706055,42.349998474121094,39.31208801269531
28-06-2016,42.310001373291016,42.70000076293945,6167400,43.40999984741211,43.380001068115234,40.26820755004883
29-06-2016,43.779998779296875,43.779998779296875,4085100,44.84000015258789,44.81999969482422,41.604915618896484
30-06-2016,44.7599983215332,44.9900016784668,5242500,45.2400016784668,45.220001220703125,41.97622299194336
01-07-2016,45.029998779296875,45.18000030517578,2377200,45.5,45.45000076293945,42.189720153808594
05-07-2016,45.150001525878906,45.25,3980800,45.58000183105469,45.310001373291016,42.05976104736328
06-07-2016,44.9900016784668,45.22999954223633,4877000,46.11000061035156,45.9900016784668,42.690982818603516
07-07-2016,45.86000061035156,45.91999816894531,2485400,46.36000061035156,46.119998931884766,42.81166458129883
08-07-2016,46.16999816894531,46.310001373291016,3256800,46.66999816894531,46.650001525878906,43.30363845825195
11-07-2016,46.369998931884766,46.869998931884766,4482500,46.900001525878906,46.4900016784668,43.15512466430664
12-07-2016,46.38999938964844,46.5,3544600,47.13999938964844,46.849998474121094,43.48930358886719
13-07-2016,46.7400016784668,47.130001068115234,2485200,47.220001220703125,46.81999969482422,43.46144104003906
14-07-2016,46.7400016784668,47.09000015258789,2907000,47.209999084472656,46.95000076293945,43.582115173339844
15-07-2016,46.560001373291016,47.08000183105469,2961700,47.20000076293945,46.77000045776367,43.4150276184082
18-07-2016,46.34000015258789,46.810001373291016,2811800,46.86000061035156,46.54999923706055,43.2108154296875
19-07-2016,45.900001525878906,46.439998626708984,3484900,46.529998779296875,46.20000076293945,42.885921478271484
20-07-2016,46.459999084472656,46.47999954223633,1663200,46.86000061035156,46.70000076293945,43.35005569458008
21-07-2016,45.869998931884766,46.63999938964844,2355900,46.720001220703125,46.099998474121094,42.793094635009766
22-07-2016,45.66999816894531,46.18000030517578,2980500,46.31999969482422,46.31999969482422,42.997318267822266
25-07-2016,45.869998931884766,46.38999938964844,2601100,46.439998626708984,46.099998474121094,42.793094635009766
26-07-2016,46.470001220703125,46.54999923706055,6844600,48.09000015258789,48.0099983215332,44.56608200073242
27-07-2016,47.470001220703125,48.0099983215332,5926400,48.5,48.31999969482422,44.853843688964844
28-07-2016,47.959999084472656,48.310001373291016,3776900,48.4900016784668,48.220001220703125,44.76102828979492
29-07-2016,47.81999969482422,48.18000030517578,5489200,48.34000015258789,48.02000045776367,44.57536315917969
01-08-2016,47.9900016784668,48.060001373291016,4063900,48.7599983215332,48.5,45.02093505859375
02-08-2016,48.220001220703125,48.470001220703125,4180200,48.689998626708984,48.47999954223633,45.00236892700195
03-08-2016,47.959999084472656,48.38999938964844,2531100,48.43000030517578,48.119998931884766,44.66818618774414
04-08-2016,47.75,48.09000015258789,4607900,48.349998474121094,48.08000183105469,44.631065368652344
05-08-2016,48.02000045776367,48.29999923706055,2323800,48.400001525878906,48.060001373291016,44.61249542236328
08-08-2016,47.93000030517578,48.08000183105469,2609600,48.310001373291016,47.97999954223633,44.53824234008789
09-08-2016,47.959999084472656,48.060001373291016,1897700,48.27000045776367,48.150001525878906,44.69603729248047
10-08-2016,48.029998779296875,48.20000076293945,4132200,48.70000076293945,48.599998474121094,45.11375045776367
11-08-2016,48.599998474121094,48.61000061035156,3499900,49.4900016784668,49.029998779296875,45.51292037963867
12-08-2016,48.45000076293945,49.119998931884766,2273600,49.119998931884766,48.59000015258789,45.10447692871094
15-08-2016,48.38999938964844,48.70000076293945,2312200,48.97999954223633,48.40999984741211,44.93739700317383
16-08-2016,48.04999923706055,48.25,3383100,48.36000061035156,48.2400016784668,44.779579162597656
17-08-2016,47.54999923706055,48.29999923706055,3768800,48.349998474121094,47.97999954223633,44.53824234008789
18-08-2016,47.849998474121094,47.900001525878906,3314000,48.2400016784668,48.0099983215332,44.56608200073242
19-08-2016,47.59000015258789,47.869998931884766,3084600,48.060001373291016,47.95000076293945,44.51039505004883
22-08-2016,47.66999816894531,47.66999816894531,2887300,48.09000015258789,47.97999954223633,44.53824234008789
23-08-2016,47.939998626708984,48.06999969482422,2280500,48.349998474121094,47.97999954223633,44.53824234008789
24-08-2016,46.970001220703125,48.029998779296875,3513500,48.34000015258789,47.060001373291016,43.684234619140625
25-08-2016,46.90999984741211,46.9900016784668,5112700,47.599998474121094,47.099998474121094,43.72135543823242
26-08-2016,46.91999816894531,47.2400016784668,3197900,47.540000915527344,47.18000030517578,43.79562759399414
29-08-2016,47.150001525878906,47.290000915527344,3494500,47.540000915527344,47.40999984741211,44.009124755859375
30-08-2016,46.779998779296875,47.72999954223633,3304300,47.72999954223633,46.88999938964844,43.52641677856445
31-08-2016,46.52000045776367,46.84000015258789,3553700,46.93000030517578,46.72999954223633,43.498504638671875
01-09-2016,45.90999984741211,46.75,4249300,46.779998779296875,46.18000030517578,42.98653030395508
02-09-2016,46.08000183105469,46.380001068115234,3081400,46.439998626708984,46.279998779296875,43.079620361328125
06-09-2016,45.47999954223633,46.2400016784668,5956600,46.400001525878906,45.95000076293945,42.77244186401367
07-09-2016,45.77000045776367,45.849998474121094,3992300,46.130001068115234,45.900001525878906,42.72589111328125
08-09-2016,45.75,45.83000183105469,5145200,46.380001068115234,46.06999969482422,42.88414764404297
09-09-2016,45.08000183105469,45.72999954223633,4613300,45.97999954223633,45.09000015258789,41.9719123840332
12-09-2016,44.689998626708984,44.869998931884766,4486100,45.849998474121094,45.72999954223633,42.567649841308594
13-09-2016,45.16999816894531,45.400001525878906,5529700,45.95000076293945,45.380001068115234,42.241851806640625
14-09-2016,45.22999954223633,45.349998474121094,3772200,45.86000061035156,45.43000030517578,42.28839874267578
15-09-2016,45.41999816894531,45.540000915527344,6337500,47.279998779296875,47.06999969482422,43.81497573852539
16-09-2016,46.75,47.09000015258789,14557000,47.400001525878906,47.279998779296875,44.010467529296875
19-09-2016,47.119998931884766,47.36000061035156,3026200,47.779998779296875,47.25,43.9825325012207
20-09-2016,47.369998931884766,47.43000030517578,4296100,47.75,47.38999938964844,44.112850189208984
21-09-2016,47.31999969482422,47.38999938964844,2752000,47.9900016784668,47.91999816894531,44.606201171875
22-09-2016,48.0,48.08000183105469,5580400,48.2599983215332,48.20000076293945,44.86684036254883
23-09-2016,47.349998474121094,47.97999954223633,3310700,47.9900016784668,47.4900016784668,44.20595169067383
26-09-2016,47.0099983215332,47.34000015258789,2418400,47.41999816894531,47.20000076293945,43.935997009277344
27-09-2016,47.0099983215332,47.29999923706055,3377000,47.470001220703125,47.33000183105469,44.057003021240234
28-09-2016,47.15999984741211,47.38999938964844,3488500,47.939998626708984,47.91999816894531,44.606201171875
29-09-2016,46.720001220703125,47.83000183105469,3310900,47.83000183105469,46.91999816894531,43.675357818603516
30-09-2016,47.0099983215332,47.13999938964844,3176100,47.77000045776367,47.599998474121094,44.30834197998047
03-10-2016,47.040000915527344,47.29999923706055,2601500,47.68000030517578,47.63999938964844,44.34556579589844
04-10-2016,46.959999084472656,47.58000183105469,2548200,47.7599983215332,47.290000915527344,44.01978302001953
05-10-2016,47.36000061035156,47.380001068115234,3071000,47.939998626708984,47.91999816894531,44.606201171875
06-10-2016,47.65999984741211,47.790000915527344,2955800,48.220001220703125,48.220001220703125,44.88545608520508
07-10-2016,48.040000915527344,48.369998931884766,3583300,48.54999923706055,48.45000076293945,45.09955978393555
10-10-2016,48.18000030517578,48.65999984741211,2885900,48.84000015258789,48.29999923706055,44.959930419921875
11-10-2016,46.70000076293945,48.13999938964844,2886500,48.16999816894531,47.0099983215332,43.759132385253906
12-10-2016,46.84000015258789,47.150001525878906,2782600,47.33000183105469,46.97999954223633,43.7312126159668
13-10-2016,46.63999938964844,46.95000076293945,6311800,47.88999938964844,47.720001220703125,44.420040130615234
14-10-2016,47.380001068115234,48.0,4489800,48.25,47.45000076293945,44.1687126159668
17-10-2016,47.31999969482422,47.439998626708984,2470800,47.54999923706055,47.369998931884766,44.09424591064453
18-10-2016,47.36000061035156,47.779998779296875,2720300,48.11000061035156,48.060001373291016,44.73652648925781
19-10-2016,47.5,48.119998931884766,2822200,48.25,47.83000183105469,44.522430419921875
20-10-2016,47.720001220703125,47.790000915527344,2066700,48.34000015258789,48.189998626708984,44.8575439453125
21-10-2016,47.59000015258789,47.810001373291016,3667000,48.2400016784668,48.18000030517578,44.84823226928711
24-10-2016,48.29999923706055,48.54999923706055,5544900,48.90999984741211,48.439998626708984,45.09024429321289
25-10-2016,48.90999984741211,49.939998626708984,9771400,50.15999984741211,49.15999984741211,45.76045608520508
26-10-2016,47.29999923706055,49.130001068115234,6697600,49.189998626708984,47.439998626708984,44.15939712524414
27-10-2016,46.54999923706055,47.66999816894531,5657200,47.66999816894531,46.81999969482422,43.582271575927734
28-10-2016,46.75,46.90999984741211,4525100,47.75,47.20000076293945,43.935997009277344
31-10-2016,46.77000045776367,47.20000076293945,4176500,47.709999084472656,47.59000015258789,44.299034118652344
01-11-2016,46.58000183105469,47.650001525878906,7288000,47.65999984741211,46.88999938964844,43.647430419921875
02-11-2016,46.66999816894531,46.849998474121094,5649900,47.34000015258789,46.7400016784668,43.507816314697266
03-11-2016,46.84000015258789,46.93000030517578,3193500,47.290000915527344,46.880001068115234,43.63813018798828
04-11-2016,46.88999938964844,47.04999923706055,3187400,47.41999816894531,46.9900016784668,43.740535736083984
07-11-2016,47.41999816894531,47.61000061035156,2376500,49.290000915527344,47.619998931884766,44.32695388793945
08-11-2016,47.349998474121094,47.5099983215332,4412500,48.349998474121094,48.08000183105469,44.755149841308594
09-11-2016,45.79999923706055,47.86000061035156,7559700,48.0,46.599998474121094,43.37749099731445
10-11-2016,46.869998931884766,47.029998779296875,4331100,47.97999954223633,47.84000015258789,44.53173828125
11-11-2016,46.790000915527344,47.790000915527344,3402200,48.02000045776367,46.81999969482422,43.582271575927734
14-11-2016,44.959999084472656,46.90999984741211,5467200,47.0,45.02000045776367,41.90675354003906
15-11-2016,45.029998779296875,45.189998626708984,4520300,46.189998626708984,46.06999969482422,42.88414764404297
16-11-2016,45.97999954223633,46.08000183105469,4743800,46.66999816894531,46.040000915527344,42.856224060058594
17-11-2016,46.040000915527344,46.09000015258789,4135600,47.150001525878906,47.099998474121094,43.8429069519043
18-11-2016,46.79999923706055,47.099998474121094,2399300,47.189998626708984,46.97999954223633,43.7312126159668
21-11-2016,46.91999816894531,47.220001220703125,1998700,47.43000030517578,47.060001373291016,43.8056755065918
22-11-2016,45.599998474121094,46.88999938964844,5318700,46.88999938964844,46.18000030517578,42.98653030395508
23-11-2016,46.0,46.02000045776367,2321000,46.79999923706055,46.560001373291016,43.34025192260742
25-11-2016,46.619998931884766,46.779998779296875,1117000,47.040000915527344,46.720001220703125,43.48919677734375
28-11-2016,46.529998779296875,46.58000183105469,2468000,46.939998626708984,46.61000061035156,43.38679504394531
29-11-2016,44.68000030517578,46.68000030517578,10201500,46.779998779296875,44.7599983215332,41.664730072021484
30-11-2016,43.2400016784668,44.68000030517578,9351100,44.779998779296875,44.369998931884766,41.42200469970703
01-12-2016,43.31999969482422,44.41999816894531,8849700,44.779998779296875,43.630001068115234,40.73116683959961
02-12-2016,43.689998626708984,43.779998779296875,5933600,44.20000076293945,44.0099983215332,41.085914611816406
05-12-2016,43.5,44.13999938964844,7128100,44.31999969482422,43.88999938964844,40.973899841308594
06-12-2016,43.470001220703125,44.08000183105469,5269900,44.45000076293945,43.9900016784668,41.06725311279297
07-12-2016,43.130001068115234,43.630001068115234,5871300,44.27000045776367,44.119998931884766,41.188602447509766
08-12-2016,43.75,43.93000030517578,2771400,44.20000076293945,44.08000183105469,41.151268005371094
09-12-2016,44.09000015258789,44.209999084472656,2493100,44.869998931884766,44.84000015258789,41.860782623291016
12-12-2016,44.689998626708984,44.689998626708984,2516900,45.310001373291016,44.9900016784668,42.000816345214844
13-12-2016,44.77000045776367,45.11000061035156,2564700,45.41999816894531,45.02000045776367,42.02881622314453
14-12-2016,44.90999984741211,45.11000061035156,3210400,45.38999938964844,45.040000915527344,42.047481536865234
15-12-2016,44.75,44.959999084472656,3640700,45.310001373291016,45.09000015258789,42.09416580200195
16-12-2016,44.56999969482422,45.16999816894531,6990900,45.209999084472656,44.720001220703125,41.74875259399414
19-12-2016,44.599998474121094,44.849998474121094,2179600,45.099998474121094,44.63999938964844,41.6740608215332
20-12-2016,44.0,44.70000076293945,3283600,44.7599983215332,44.099998474121094,41.16993713378906
21-12-2016,43.810001373291016,44.06999969482422,2103400,44.31999969482422,44.09000015258789,41.160614013671875
22-12-2016,44.02000045776367,44.150001525878906,1728700,44.380001068115234,44.15999984741211,41.22594451904297
23-12-2016,44.029998779296875,44.20000076293945,1998400,44.400001525878906,44.220001220703125,41.28196716308594
27-12-2016,44.220001220703125,44.25,1610500,44.5099983215332,44.380001068115234,41.43133544921875
28-12-2016,43.95000076293945,44.41999816894531,1765000,44.439998626708984,44.189998626708984,41.25395965576172
29-12-2016,44.09000015258789,44.13999938964844,1568800,44.540000915527344,44.2599983215332,41.31930923461914
30-12-2016,44.220001220703125,44.439998626708984,2206500,44.75,44.34000015258789,41.39399337768555
03-01-2017,44.060001373291016,44.380001068115234,2937400,44.7400016784668,44.439998626708984,41.48734664916992
04-01-2017,44.459999084472656,44.540000915527344,2161500,44.869998931884766,44.75,41.776763916015625
05-01-2017,44.56999969482422,44.75,2345000,45.2400016784668,45.04999923706055,42.056819915771484
06-01-2017,44.880001068115234,45.060001373291016,2930900,45.61000061035156,45.52000045776367,42.4955940246582
09-01-2017,45.4900016784668,45.72999954223633,4265700,46.220001220703125,46.16999816894531,43.1024055480957
10-01-2017,46.060001373291016,46.220001220703125,2990700,46.75,46.5099983215332,43.41981506347656
11-01-2017,46.5099983215332,46.619998931884766,3649800,47.0099983215332,46.9900016784668,43.86793518066406
12-01-2017,46.0099983215332,46.810001373291016,2510400,46.939998626708984,46.5099983215332,43.41981506347656
13-01-2017,46.34000015258789,46.59000015258789,1240100,46.83000183105469,46.45000076293945,43.36380386352539
17-01-2017,45.790000915527344,46.189998626708984,2570800,46.59000015258789,46.52000045776367,43.42914581298828
18-01-2017,46.38999938964844,46.52000045776367,2376800,46.970001220703125,46.77000045776367,43.66253662109375
19-01-2017,46.279998779296875,46.68000030517578,1928500,46.869998931884766,46.56999969482422,43.475830078125
20-01-2017,46.20000076293945,46.70000076293945,3541200,47.400001525878906,46.22999954223633,43.15843200683594
23-01-2017,45.650001525878906,46.060001373291016,2700300,46.38999938964844,46.02000045776367,42.96238327026367
24-01-2017,45.470001220703125,45.970001220703125,1911500,46.0,45.849998474121094,42.80366516113281
25-01-2017,45.81999969482422,45.86000061035156,2662600,46.36000061035156,46.13999938964844,43.074405670166016
26-01-2017,45.529998779296875,45.959999084472656,2315100,46.31999969482422,46.04999923706055,42.990379333496094
27-01-2017,46.04999923706055,46.130001068115234,2349500,47.15999984741211,47.08000183105469,43.95195770263672
30-01-2017,46.5,46.9900016784668,2451100,47.0099983215332,46.900001525878906,43.783905029296875
31-01-2017,46.68000030517578,46.86000061035156,6331700,48.08000183105469,47.90999984741211,44.726802825927734
01-02-2017,46.849998474121094,48.68000030517578,6030200,49.290000915527344,48.099998474121094,44.904178619384766
02-02-2017,47.91999816894531,47.91999816894531,3928800,48.970001220703125,48.130001068115234,44.93218231201172
03-02-2017,48.34000015258789,48.369998931884766,2526600,48.880001068115234,48.630001068115234,45.398963928222656
06-02-2017,48.119998931884766,48.5,1893400,48.619998931884766,48.349998474121094,45.1375617980957
07-02-2017,48.34000015258789,48.47999954223633,1854400,48.68000030517578,48.59000015258789,45.36162567138672
08-02-2017,48.150001525878906,48.5,1883500,48.65999984741211,48.349998474121094,45.1375617980957
09-02-2017,48.400001525878906,48.45000076293945,2299500,49.029998779296875,48.93000030517578,45.67904281616211
10-02-2017,48.77000045776367,48.93000030517578,1397500,49.13999938964844,49.0,45.744380950927734
13-02-2017,48.880001068115234,49.040000915527344,1685900,49.439998626708984,49.22999954223633,45.9591064453125
14-02-2017,48.77000045776367,48.9900016784668,2737600,49.310001373291016,48.959999084472656,45.70703887939453
15-02-2017,48.58000183105469,48.59000015258789,2594500,49.58000183105469,49.439998626708984,46.1551399230957
16-02-2017,49.0099983215332,49.400001525878906,1640000,49.54999923706055,49.41999816894531,46.136470794677734
17-02-2017,49.29999923706055,49.31999969482422,2835800,49.7400016784668,49.72999954223633,46.42588806152344
21-02-2017,49.59000015258789,49.75,3427300,50.20000076293945,49.959999084472656,46.640602111816406
22-02-2017,49.79999923706055,49.810001373291016,1685000,50.220001220703125,50.060001373291016,46.73396682739258
23-02-2017,50.060001373291016,50.25,1828500,50.7599983215332,50.38999938964844,47.042030334472656
24-02-2017,50.22999954223633,50.279998779296875,2470000,50.58000183105469,50.4900016784668,47.13539123535156
27-02-2017,50.38999938964844,50.5,2445300,50.77000045776367,50.439998626708984,47.088706970214844
28-02-2017,50.369998931884766,50.40999984741211,6405700,51.400001525878906,50.91999816894531,47.53681182861328
01-03-2017,50.599998474121094,51.27000045776367,3649400,51.27000045776367,51.209999084472656,47.9299201965332
02-03-2017,50.599998474121094,51.16999816894531,2145600,51.16999816894531,50.77000045776367,47.518096923828125
03-03-2017,50.52000045776367,50.810001373291016,2582500,50.93000030517578,50.90999984741211,47.649131774902344
06-03-2017,50.5099983215332,50.61000061035156,5087200,50.9900016784668,50.68000030517578,47.43387222290039
07-03-2017,50.349998474121094,50.540000915527344,3717500,51.220001220703125,51.040000915527344,47.77080154418945
08-03-2017,50.7599983215332,51.08000183105469,4059500,51.43000030517578,51.36000061035156,48.07030487060547
09-03-2017,51.310001373291016,51.36000061035156,5026200,52.20000076293945,52.130001068115234,48.790985107421875
10-03-2017,51.7599983215332,52.279998779296875,2320600,52.33000183105469,52.0099983215332,48.67866897583008
13-03-2017,51.77000045776367,52.0,2410400,52.33000183105469,52.29999923706055,48.95009994506836
14-03-2017,51.86000061035156,52.09000015258789,1758000,52.18000030517578,51.900001525878906,48.57572555541992
15-03-2017,51.84000015258789,51.900001525878906,2914900,52.2599983215332,52.15999984741211,48.819061279296875
16-03-2017,51.209999084472656,52.040000915527344,2665500,52.150001525878906,51.43000030517578,48.13581848144531
17-03-2017,51.43000030517578,51.459999084472656,3494600,51.83000183105469,51.630001068115234,48.323020935058594
20-03-2017,51.16999816894531,51.63999938964844,2335000,51.709999084472656,51.189998626708984,47.91119384765625
21-03-2017,51.029998779296875,51.439998626708984,3180900,51.88999938964844,51.400001525878906,48.10774612426758
22-03-2017,51.150001525878906,51.290000915527344,3170600,51.97999954223633,51.790000915527344,48.47276306152344
23-03-2017,51.38999938964844,51.56999969482422,1348200,51.970001220703125,51.689998626708984,48.37916946411133
24-03-2017,51.58000183105469,51.720001220703125,2655500,52.189998626708984,52.02000045776367,48.68803405761719
27-03-2017,51.38999938964844,51.790000915527344,1568500,51.97999954223633,51.83000183105469,48.51020050048828
28-03-2017,51.56999969482422,51.75,2372700,51.9900016784668,51.88999938964844,48.56634521484375
29-03-2017,51.560001373291016,51.720001220703125,2500800,52.189998626708984,51.97999954223633,48.65058517456055
30-03-2017,51.68000030517578,51.86000061035156,2530700,52.310001373291016,52.25,48.903297424316406
31-03-2017,51.75,52.04999923706055,2198900,52.16999816894531,51.86000061035156,48.53827667236328
03-04-2017,51.56999969482422,51.90999984741211,2655100,52.29999923706055,52.290000915527344,48.94074249267578
04-04-2017,51.880001068115234,52.72999954223633,2816600,52.72999954223633,52.380001068115234,49.02497100830078
05-04-2017,52.380001068115234,52.54999923706055,2839800,53.18000030517578,52.54999923706055,49.1840705871582
06-04-2017,52.099998474121094,52.41999816894531,2552900,52.529998779296875,52.529998779296875,49.16537094116211
07-04-2017,52.369998931884766,52.459999084472656,3417500,52.88999938964844,52.790000915527344,49.40870666503906
10-04-2017,52.66999816894531,52.79999923706055,4972000,52.970001220703125,52.84000015258789,49.455509185791016
11-04-2017,52.650001525878906,52.939998626708984,2774500,53.029998779296875,52.970001220703125,49.57718276977539
12-04-2017,52.86000061035156,52.900001525878906,3741300,53.540000915527344,53.529998779296875,50.10131072998047
13-04-2017,53.08000183105469,53.36000061035156,3923800,53.4900016784668,53.25,49.839256286621094
17-04-2017,52.27000045776367,52.709999084472656,3764600,53.20000076293945,52.81999969482422,49.43678665161133
18-04-2017,52.599998474121094,52.709999084472656,2933700,53.22999954223633,52.72999954223633,49.35255813598633
19-04-2017,52.689998626708984,52.88999938964844,4243000,53.16999816894531,52.709999084472656,49.33383560180664
20-04-2017,52.380001068115234,52.650001525878906,2998300,52.939998626708984,52.88999938964844,49.50231170654297
21-04-2017,52.59000015258789,52.849998474121094,3217500,52.97999954223633,52.880001068115234,49.492942810058594
24-04-2017,53.31999969482422,53.43000030517578,2664000,53.709999084472656,53.45000076293945,50.02643585205078
25-04-2017,53.040000915527344,53.290000915527344,4410500,53.619998931884766,53.209999084472656,49.80179977416992
26-04-2017,53.75,54.0,7921700,55.61000061035156,55.59000015258789,52.02937698364258
27-04-2017,55.279998779296875,55.650001525878906,6411300,56.5,55.41999816894531,51.8702507019043
28-04-2017,55.310001373291016,55.54999923706055,3456600,55.880001068115234,55.68000030517578,52.11360549926758
01-05-2017,55.34000015258789,55.72999954223633,2548900,55.95000076293945,55.59000015258789,52.02937698364258
02-05-2017,55.540000915527344,55.810001373291016,2408900,55.90999984741211,55.68000030517578,52.11360549926758
03-05-2017,55.349998474121094,55.72999954223633,2838700,56.0099983215332,55.90999984741211,52.3288688659668
04-05-2017,55.59000015258789,55.93000030517578,1776200,56.04999923706055,55.959999084472656,52.375667572021484
05-05-2017,55.70000076293945,56.0,1760800,56.15999984741211,55.95000076293945,52.36631774902344
08-05-2017,55.619998931884766,55.90999984741211,2219400,55.970001220703125,55.70000076293945,52.13233184814453
09-05-2017,55.560001373291016,55.790000915527344,5019600,56.25,56.13999938964844,52.54413986206055
10-05-2017,55.72999954223633,56.099998474121094,1889800,56.27000045776367,56.189998626708984,52.59091567993164
11-05-2017,55.900001525878906,56.11000061035156,2130700,56.369998931884766,56.349998474121094,52.740692138671875
12-05-2017,55.97999954223633,56.349998474121094,1508200,56.5,56.189998626708984,52.59091567993164
15-05-2017,55.939998626708984,56.04999923706055,1396500,56.77000045776367,56.70000076293945,53.068275451660156
16-05-2017,56.810001373291016,57.0,4913600,57.790000915527344,57.58000183105469,53.89190673828125
17-05-2017,56.849998474121094,57.58000183105469,3144900,57.58000183105469,56.86000061035156,53.2180290222168
18-05-2017,56.540000915527344,56.83000183105469,3274300,57.13999938964844,57.06999969482422,53.41456604003906
19-05-2017,56.9900016784668,57.20000076293945,2054700,57.33000183105469,57.209999084472656,53.54560089111328
22-05-2017,57.16999816894531,57.380001068115234,1440100,57.84000015258789,57.650001525878906,53.957427978515625
23-05-2017,57.58000183105469,57.63999938964844,1646300,57.959999084472656,57.91999816894531,54.21012878417969
24-05-2017,57.849998474121094,58.02000045776367,2402200,58.459999084472656,58.34000015258789,54.60322189331055
25-05-2017,58.31999969482422,58.45000076293945,3216100,59.40999984741211,59.13999938964844,55.35198974609375
26-05-2017,58.45000076293945,59.06999969482422,2014100,59.11000061035156,58.63999938964844,54.884010314941406
30-05-2017,58.529998779296875,58.70000076293945,2559900,59.4900016784668,59.349998474121094,55.54853057861328
31-05-2017,59.15999984741211,59.439998626708984,4111600,59.779998779296875,59.310001373291016,55.6611442565918
01-06-2017,59.189998626708984,59.5099983215332,2820200,60.33000183105469,60.0,56.30869674682617
02-06-2017,59.619998931884766,60.029998779296875,3219800,60.15999984741211,59.720001220703125,56.045921325683594
05-06-2017,59.540000915527344,60.380001068115234,2714500,60.45000076293945,59.59000015258789,55.923927307128906
06-06-2017,59.279998779296875,59.52000045776367,3043900,59.81999969482422,59.38999938964844,55.736228942871094
07-06-2017,59.290000915527344,59.540000915527344,2088000,59.70000076293945,59.599998474121094,55.93330764770508
08-06-2017,59.459999084472656,59.630001068115234,4531100,59.959999084472656,59.7599983215332,56.08346176147461
09-06-2017,58.56999969482422,59.869998931884766,3069900,60.060001373291016,58.90999984741211,55.2857666015625
12-06-2017,57.13999938964844,58.689998626708984,5790900,58.779998779296875,57.150001525878906,53.63404083251953
13-06-2017,57.2400016784668,57.380001068115234,3731600,58.150001525878906,57.880001068115234,54.319122314453125
14-06-2017,57.68000030517578,58.11000061035156,2427700,58.790000915527344,57.97999954223633,54.4129753112793
15-06-2017,57.31999969482422,57.54999923706055,3264900,58.099998474121094,57.93000030517578,54.366050720214844
16-06-2017,57.7400016784668,58.08000183105469,6522800,58.349998474121094,57.93000030517578,54.366050720214844
19-06-2017,58.220001220703125,58.220001220703125,4703700,59.720001220703125,59.54999923706055,55.886390686035156
20-06-2017,59.68000030517578,59.68000030517578,3074900,60.119998931884766,59.880001068115234,56.196083068847656
21-06-2017,59.93000030517578,60.029998779296875,2411000,60.470001220703125,60.04999923706055,56.35561752319336
22-06-2017,59.90999984741211,60.0,3070500,60.9900016784668,60.68000030517578,56.94685745239258
23-06-2017,60.45000076293945,60.68000030517578,3900600,61.5099983215332,61.380001068115234,57.60380172729492
26-06-2017,60.959999084472656,61.380001068115234,1911300,61.52000045776367,60.97999954223633,57.2284049987793
27-06-2017,60.59000015258789,60.91999816894531,2546800,61.06999969482422,60.689998626708984,56.95624923706055
28-06-2017,60.77000045776367,60.939998626708984,2152500,61.25,60.869998931884766,57.12517547607422
29-06-2017,59.72999954223633,60.810001373291016,2062100,60.810001373291016,60.15999984741211,56.4588623046875
30-06-2017,60.27000045776367,60.40999984741211,2428600,60.7599983215332,60.540000915527344,56.81547546386719
03-07-2017,60.15999984741211,60.779998779296875,1354600,60.880001068115234,60.2400016784668,56.533935546875
05-07-2017,60.220001220703125,60.40999984741211,1782900,60.86000061035156,60.709999084472656,56.975013732910156
06-07-2017,60.0099983215332,60.439998626708984,3123100,60.66999816894531,60.15999984741211,56.4588623046875
07-07-2017,60.22999954223633,60.380001068115234,2561800,60.83000183105469,60.720001220703125,56.984405517578125
10-07-2017,60.2599983215332,60.619998931884766,1542600,60.720001220703125,60.54999923706055,56.824859619140625
11-07-2017,60.349998474121094,61.34000015258789,2592400,61.38999938964844,60.630001068115234,56.89994430541992
12-07-2017,60.72999954223633,60.790000915527344,1505500,61.439998626708984,61.279998779296875,57.509952545166016
13-07-2017,60.790000915527344,61.36000061035156,1736200,61.41999816894531,61.29999923706055,57.528717041015625
14-07-2017,61.209999084472656,61.279998779296875,1951300,62.25,62.11000061035156,58.28888702392578
17-07-2017,61.90999984741211,62.099998474121094,2730000,62.380001068115234,62.20000076293945,58.37335205078125
18-07-2017,61.959999084472656,62.380001068115234,2239100,62.4900016784668,62.13999938964844,58.317047119140625
19-07-2017,62.11000061035156,62.34000015258789,3049300,62.5099983215332,62.45000076293945,58.60797119140625
20-07-2017,62.2599983215332,62.5099983215332,2394400,63.08000183105469,63.040000915527344,59.16167068481445
21-07-2017,62.599998474121094,62.88999938964844,2798800,63.13999938964844,62.66999816894531,58.8144416809082
24-07-2017,62.470001220703125,62.81999969482422,1669200,62.880001068115234,62.72999954223633,58.87073516845703
25-07-2017,61.68000030517578,62.97999954223633,3074400,63.0099983215332,62.09000015258789,58.27011489868164
26-07-2017,60.130001068115234,61.04999923706055,4118900,61.720001220703125,61.220001220703125,57.45363998413086
27-07-2017,59.880001068115234,61.63999938964844,3414600,61.63999938964844,60.380001068115234,56.665321350097656
28-07-2017,60.150001525878906,60.400001525878906,2054400,60.84000015258789,60.72999954223633,56.9937858581543
31-07-2017,60.36000061035156,60.779998779296875,2042600,61.040000915527344,60.47999954223633,56.75917434692383
01-08-2017,60.560001373291016,60.880001068115234,2650200,61.18000030517578,60.709999084472656,56.975013732910156
02-08-2017,59.27000045776367,60.689998626708984,3536800,60.689998626708984,59.5,55.83945846557617
03-08-2017,58.810001373291016,59.099998474121094,2017900,59.790000915527344,59.59000015258789,55.923927307128906
04-08-2017,59.45000076293945,59.7599983215332,1594200,60.13999938964844,59.880001068115234,56.196083068847656
07-08-2017,59.4900016784668,59.84000015258789,1858600,59.90999984741211,59.72999954223633,56.0553092956543
08-08-2017,59.36000061035156,59.65999984741211,1969600,60.0,59.720001220703125,56.045921325683594
09-08-2017,59.5,59.720001220703125,2196800,60.099998474121094,60.02000045776367,56.32746887207031
10-08-2017,59.43000030517578,59.65999984741211,2939200,59.97999954223633,59.709999084472656,56.036537170410156
11-08-2017,59.619998931884766,59.619998931884766,2213800,60.369998931884766,59.84000015258789,56.158546447753906
14-08-2017,60.060001373291016,60.06999969482422,1976400,60.58000183105469,60.22999954223633,56.52455139160156
15-08-2017,60.130001068115234,60.189998626708984,2161200,60.95000076293945,60.79999923706055,57.059486389160156
16-08-2017,60.810001373291016,61.0,2965500,61.529998779296875,61.36000061035156,57.58502960205078
17-08-2017,60.77000045776367,61.029998779296875,2608700,61.47999954223633,60.81999969482422,57.078250885009766
18-08-2017,60.619998931884766,60.720001220703125,2308200,61.27000045776367,60.869998931884766,57.12517547607422
21-08-2017,60.529998779296875,60.790000915527344,1677800,61.150001525878906,61.11000061035156,57.35041427612305
22-08-2017,61.02000045776367,61.02000045776367,1789700,62.209999084472656,62.150001525878906,58.32643508911133
23-08-2017,61.31999969482422,62.0,2734200,62.06999969482422,61.45000076293945,57.669498443603516
24-08-2017,61.459999084472656,61.689998626708984,2286100,61.83000183105469,61.5099983215332,57.725791931152344
25-08-2017,61.45000076293945,61.790000915527344,2389300,61.790000915527344,61.5099983215332,57.725791931152344
28-08-2017,61.540000915527344,61.63999938964844,2386400,61.810001373291016,61.63999938964844,57.847808837890625
29-08-2017,61.20000076293945,61.41999816894531,1562200,61.619998931884766,61.40999984741211,57.631961822509766
30-08-2017,61.290000915527344,61.29999923706055,1918700,61.709999084472656,61.47999954223633,57.848365783691406
31-08-2017,61.61000061035156,61.779998779296875,3532700,62.130001068115234,62.040000915527344,58.37528991699219
01-09-2017,61.93000030517578,62.11000061035156,2214900,62.5,62.22999954223633,58.55406188964844
05-09-2017,61.83000183105469,61.9900016784668,1772600,62.439998626708984,62.18000030517578,58.50701904296875
06-09-2017,62.18000030517578,62.29999923706055,1498200,62.68000030517578,62.529998779296875,58.836341857910156
07-09-2017,62.349998474121094,62.63999938964844,1724600,63.0,62.84000015258789,59.128028869628906
08-09-2017,62.72999954223633,62.93000030517578,2583000,64.4000015258789,63.279998779296875,59.54204559326172
11-09-2017,63.56999969482422,63.630001068115234,2711600,64.31999969482422,64.27999877929688,60.48297119140625
12-09-2017,63.83000183105469,64.4000015258789,1840400,64.55999755859375,64.1500015258789,60.36064147949219
13-09-2017,64.04000091552734,64.1500015258789,2482500,64.75,64.61000061035156,60.793487548828125
14-09-2017,64.18000030517578,64.36000061035156,1864500,64.73999786376953,64.31999969482422,60.52061080932617
15-09-2017,63.880001068115234,64.11000061035156,4525600,64.33000183105469,63.959999084472656,60.1818733215332
18-09-2017,63.93000030517578,64.06999969482422,1547200,64.30999755859375,64.30999755859375,60.51120376586914
19-09-2017,63.91999816894531,64.27999877929688,1825500,64.3499984741211,64.0199966430664,60.23833084106445
20-09-2017,64.05999755859375,64.1500015258789,1680100,64.51000213623047,64.27999877929688,60.48297119140625
21-09-2017,63.349998474121094,64.20999908447266,1595000,64.31999969482422,63.380001068115234,59.63613510131836
22-09-2017,63.34000015258789,63.47999954223633,2352300,63.75,63.5099983215332,59.758445739746094
25-09-2017,62.56999969482422,63.5099983215332,1679000,63.54999923706055,62.7599983215332,59.05276870727539
26-09-2017,62.43000030517578,62.86000061035156,1301600,62.880001068115234,62.52000045776367,58.826934814453125
27-09-2017,61.939998626708984,62.619998931884766,2310900,62.86000061035156,62.459999084472656,58.77047348022461
28-09-2017,61.86000061035156,62.279998779296875,1529100,62.529998779296875,62.34000015258789,58.65757751464844
29-09-2017,62.150001525878906,62.290000915527344,1579100,62.77000045776367,62.75,59.0433464050293
02-10-2017,62.900001525878906,62.91999816894531,1811600,63.400001525878906,63.15999984741211,59.42912673950195
03-10-2017,62.45000076293945,62.970001220703125,1648800,63.119998931884766,62.619998931884766,58.92102813720703
04-10-2017,62.61000061035156,62.7400016784668,1902800,63.0099983215332,62.900001525878906,59.18449783325195
05-10-2017,62.54999923706055,62.7400016784668,1792300,62.88999938964844,62.709999084472656,59.00571060180664
06-10-2017,62.41999816894531,62.619998931884766,2513100,63.09000015258789,62.90999984741211,59.19390106201172
09-10-2017,61.11000061035156,63.04999923706055,2610200,63.04999923706055,61.45000076293945,57.82014465332031
10-10-2017,60.779998779296875,61.369998931884766,2264700,61.7599983215332,61.709999084472656,58.06478500366211
11-10-2017,61.619998931884766,61.72999954223633,2280900,62.15999984741211,62.0099983215332,58.34706497192383
12-10-2017,61.869998931884766,62.0099983215332,1460000,62.58000183105469,62.529998779296875,58.836341857910156
13-10-2017,62.290000915527344,62.59000015258789,2837100,62.869998931884766,62.81999969482422,59.109214782714844
16-10-2017,62.900001525878906,62.900001525878906,2715100,63.709999084472656,63.650001525878906,59.89018249511719
17-10-2017,63.33000183105469,63.59000015258789,2484400,64.18000030517578,63.91999816894531,60.14423751831055
18-10-2017,63.540000915527344,63.900001525878906,1340100,64.11000061035156,63.84000015258789,60.068965911865234
19-10-2017,62.810001373291016,63.939998626708984,3306700,64.05999755859375,63.470001220703125,59.720829010009766
20-10-2017,63.400001525878906,63.709999084472656,2738600,63.90999984741211,63.59000015258789,59.83372497558594
23-10-2017,63.709999084472656,63.75,1798900,64.66999816894531,64.12000274658203,60.33242416381836
24-10-2017,63.5,64.13999938964844,4001500,64.38999938964844,64.3499984741211,60.548828125
25-10-2017,62.52000045776367,63.2400016784668,3117200,65.0,64.37999725341797,60.57705307006836
26-10-2017,64.20999908447266,64.52999877929688,2264900,65.43000030517578,64.93000030517578,61.09457015991211
27-10-2017,64.75,64.94000244140625,2460400,65.69999694824219,65.68000030517578,61.80026626586914
30-10-2017,64.23999786376953,65.37000274658203,2891500,65.41999816894531,64.56999969482422,60.755836486816406
31-10-2017,64.19999694824219,64.81999969482422,2679300,64.94999694824219,64.47000122070312,60.661746978759766
01-11-2017,64.19000244140625,64.5999984741211,1848700,64.86000061035156,64.19999694824219,60.40769577026367
02-11-2017,63.7599983215332,64.04000091552734,1775000,64.41000366210938,64.06999969482422,60.285377502441406
03-11-2017,63.779998779296875,63.880001068115234,1629300,65.0999984741211,64.9000015258789,61.066349029541016
06-11-2017,64.31999969482422,65.0999984741211,2178900,65.16999816894531,64.36000061035156,60.5582389831543
07-11-2017,64.19999694824219,64.44000244140625,2233800,64.95999908447266,64.31999969482422,60.52061080932617
08-11-2017,64.08999633789062,64.25,1887300,65.1500015258789,65.01000213623047,61.169837951660156
09-11-2017,64.69999694824219,64.94000244140625,1626600,65.41000366210938,65.38999938964844,61.527400970458984
10-11-2017,62.91999816894531,65.05999755859375,4103000,65.12999725341797,64.04000091552734,60.257144927978516
13-11-2017,63.34000015258789,63.689998626708984,1657600,64.61000061035156,64.41000366210938,60.605308532714844
14-11-2017,63.61000061035156,64.05999755859375,2304500,64.58000183105469,64.45999908447266,60.6523323059082
15-11-2017,64.13999938964844,64.41000366210938,2508100,64.80999755859375,64.41999816894531,60.61470413208008
16-11-2017,64.33000183105469,64.56999969482422,2557500,65.29000091552734,64.98999786376953,61.15104675292969
17-11-2017,63.02000045776367,64.66000366210938,4883400,64.87000274658203,63.880001068115234,60.10661315917969
20-11-2017,63.7599983215332,64.01000213623047,2582400,64.20999908447266,63.880001068115234,60.10661315917969
21-11-2017,64.0,64.20999908447266,2952900,64.56999969482422,64.25,60.454750061035156
22-11-2017,63.81999969482422,64.30999755859375,1553400,64.61000061035156,64.04000091552734,60.257144927978516
24-11-2017,63.86000061035156,64.08000183105469,692500,64.31999969482422,64.12000274658203,60.33242416381836
27-11-2017,64.01000213623047,64.23999786376953,2563100,64.77999877929688,64.73999786376953,60.91579818725586
28-11-2017,64.30000305175781,64.86000061035156,5399700,66.18000030517578,66.05000305175781,62.148414611816406
29-11-2017,64.66000366210938,66.0,4770100,66.0,65.18000030517578,61.32981872558594
30-11-2017,64.62999725341797,65.19000244140625,4236400,65.8499984741211,65.52999877929688,61.81087112426758
01-12-2017,64.5199966430664,65.44000244140625,2598400,65.91999816894531,65.48999786376953,61.773136138916016
04-12-2017,64.23999786376953,65.5999984741211,2945900,65.72000122070312,64.25,60.603515625
05-12-2017,63.900001525878906,64.13999938964844,2562400,64.80000305175781,64.0199966430664,60.386566162109375
06-12-2017,63.38999938964844,64.0,2387100,64.0,63.720001220703125,60.10358810424805
07-12-2017,63.209999084472656,63.56999969482422,2794400,63.720001220703125,63.52000045776367,59.91493606567383
08-12-2017,63.650001525878906,63.720001220703125,1723900,64.08000183105469,64.05000305175781,60.41486358642578
11-12-2017,63.720001220703125,63.900001525878906,1805400,64.3499984741211,64.13999938964844,60.499755859375
12-12-2017,64.05000305175781,64.29000091552734,2577000,64.58000183105469,64.30999755859375,60.66011047363281
13-12-2017,64.0999984741211,64.37000274658203,3067400,64.95999908447266,64.72000122070312,61.04683303833008
14-12-2017,64.73999786376953,64.91000366210938,3405300,65.61000061035156,64.77999877929688,61.10343933105469
15-12-2017,64.73999786376953,65.06999969482422,4988900,65.54000091552734,65.33000183105469,61.622215270996094
18-12-2017,65.11000061035156,65.48999786376953,3157200,65.62999725341797,65.44999694824219,61.73540496826172
19-12-2017,65.44999694824219,65.5999984741211,2642900,65.98999786376953,65.77999877929688,62.04665756225586
20-12-2017,65.25,65.91000366210938,1665700,66.0,65.29000091552734,61.58448791503906
21-12-2017,64.41999816894531,65.48999786376953,3603500,65.55999755859375,64.52999877929688,60.86761474609375
22-12-2017,64.41000366210938,64.41000366210938,1293900,64.9800033569336,64.72000122070312,61.04683303833008
26-12-2017,64.83999633789062,64.83999633789062,1563200,65.27999877929688,65.0199966430664,61.329795837402344
27-12-2017,64.51000213623047,65.0,1853000,65.0999984741211,64.77999877929688,61.10343933105469
28-12-2017,64.66000366210938,64.95999908447266,1626500,65.08999633789062,64.9000015258789,61.216617584228516
29-12-2017,64.63999938964844,65.0999984741211,1539600,65.30000305175781,64.63999938964844,60.971378326416016
02-01-2018,65.81999969482422,66.08999633789062,5571300,68.0,67.16999816894531,63.3577766418457
03-01-2018,67.23999786376953,67.62000274658203,4259900,68.66999816894531,68.25,64.37650299072266
04-01-2018,68.01000213623047,68.63999938964844,3698000,68.86000061035156,68.41000366210938,64.52742004394531
05-01-2018,68.30000305175781,68.5999984741211,2190000,69.3499984741211,69.18000030517578,65.25372314453125
08-01-2018,68.69999694824219,69.18000030517578,2634900,69.30999755859375,69.27999877929688,65.3480224609375
09-01-2018,69.08999633789062,69.33000183105469,3141700,69.6500015258789,69.37999725341797,65.44235229492188
10-01-2018,68.25,69.06999969482422,2074100,69.23999786376953,68.43000030517578,64.54627990722656
11-01-2018,68.0,68.44999694824219,2104500,68.66999816894531,68.45999908447266,64.5745620727539
12-01-2018,68.26000213623047,68.62000274658203,2372000,68.62000274658203,68.33999633789062,64.46138763427734
16-01-2018,67.54000091552734,68.5,4247000,68.5,67.66999816894531,63.82942199707031
17-01-2018,67.80999755859375,68.0199966430664,3151900,68.30000305175781,68.19999694824219,64.32933044433594
18-01-2018,68.31999969482422,68.31999969482422,4383100,69.47000122070312,69.19999694824219,65.27257537841797
19-01-2018,69.36000061035156,69.36000061035156,3530500,70.0199966430664,70.01000213623047,66.0365982055664
22-01-2018,69.79000091552734,70.02999877929688,3381200,70.25,70.19999694824219,66.21578979492188
23-01-2018,69.4000015258789,70.0999984741211,2344100,70.13999938964844,69.5999984741211,65.64987182617188
24-01-2018,69.69999694824219,69.9000015258789,2491400,70.44999694824219,70.13999938964844,66.15923309326172
25-01-2018,70.33999633789062,70.5,2357300,71.05999755859375,71.05000305175781,67.017578125
26-01-2018,70.7300033569336,71.5,2885900,72.26000213623047,72.26000213623047,68.15892028808594
29-01-2018,71.87000274658203,71.87000274658203,2581900,72.48999786376953,72.05000305175781,67.96082305908203
30-01-2018,71.0,71.52999877929688,2710100,72.08000183105469,71.75,67.67784118652344
31-01-2018,71.55000305175781,72.0999984741211,4320700,72.58000183105469,72.02999877929688,67.94195556640625
01-02-2018,69.16000366210938,69.58000183105469,5971600,70.76000213623047,69.94999694824219,65.98001861572266
02-02-2018,68.4800033569336,69.66000366210938,4100000,69.94000244140625,68.55000305175781,64.65948486328125
05-02-2018,65.45999908447266,68.33999633789062,4634300,68.66000366210938,65.5199966430664,61.801422119140625
06-02-2018,63.86000061035156,64.29000091552734,5225300,67.16999816894531,66.66999816894531,62.88616180419922
07-02-2018,65.4800033569336,66.4800033569336,3943300,66.94999694824219,65.55000305175781,61.82972717285156
08-02-2018,62.52000045776367,65.55000305175781,4900700,65.69999694824219,62.560001373291016,59.009429931640625
09-02-2018,62.84000015258789,63.27000045776367,5678000,64.93000030517578,64.30999755859375,60.66011047363281
12-02-2018,64.3499984741211,64.7300033569336,4232700,65.43000030517578,65.0,61.31094741821289
13-02-2018,63.84000015258789,64.47000122070312,2871300,64.86000061035156,64.62999725341797,60.96193313598633
14-02-2018,64.19999694824219,64.33999633789062,3556400,66.11000061035156,66.02999877929688,62.28248977661133
15-02-2018,65.77999877929688,66.55000305175781,2064700,66.76000213623047,66.44000244140625,62.669227600097656
16-02-2018,66.2699966430664,66.30999755859375,3732200,67.11000061035156,66.33000183105469,62.565467834472656
20-02-2018,65.93000030517578,66.76000213623047,3784200,67.61000061035156,67.04000091552734,63.23516845703125
21-02-2018,66.9000015258789,67.08999633789062,2517100,68.33999633789062,67.05000305175781,63.244598388671875
22-02-2018,67.11000061035156,67.44000244140625,4542100,68.30000305175781,67.43000030517578,63.603050231933594
23-02-2018,67.20999908447266,67.43000030517578,2079900,68.41999816894531,68.36000061035156,64.48026275634766
26-02-2018,68.18000030517578,68.58000183105469,2493000,69.23999786376953,69.13999938964844,65.2159652709961
27-02-2018,68.69000244140625,69.1500015258789,1767500,69.36000061035156,68.69000244140625,64.79151916503906
28-02-2018,67.7300033569336,68.83000183105469,3590100,69.33000183105469,67.79000091552734,63.94261169433594
01-03-2018,65.7300033569336,67.5999984741211,3217600,67.69999694824219,66.30999755859375,62.694576263427734
02-03-2018,65.55000305175781,65.63999938964844,2824200,66.36000061035156,66.27999877929688,62.66621017456055
05-03-2018,65.77999877929688,65.93000030517578,4767600,67.16999816894531,66.8499984741211,63.20512008666992
06-03-2018,66.48999786376953,67.0199966430664,2046200,67.12000274658203,67.01000213623047,63.35640335083008
07-03-2018,66.25,66.5,2840200,67.20999908447266,67.0199966430664,63.36585998535156
08-03-2018,67.0999984741211,67.19999694824219,3553900,68.04000091552734,67.81999969482422,64.12224578857422
09-03-2018,67.81999969482422,68.33999633789062,2438000,68.9800033569336,68.88999938964844,65.13388061523438
12-03-2018,68.44000244140625,68.95999908447266,1976600,69.1500015258789,68.5,64.76517486572266
13-03-2018,68.0,68.69999694824219,2441700,68.9800033569336,68.08999633789062,64.37751770019531
14-03-2018,67.08999633789062,68.38999938964844,2484500,68.43000030517578,67.27999877929688,63.6116828918457
15-03-2018,67.29000091552734,67.47000122070312,2120900,67.87000274658203,67.58999633789062,63.904788970947266
16-03-2018,67.66999816894531,67.80000305175781,4669900,68.12000274658203,67.88999938964844,64.18842315673828
19-03-2018,66.25,67.80000305175781,3247300,67.9800033569336,66.76000213623047,63.120033264160156
20-03-2018,66.62999725341797,66.91000366210938,1837400,67.31999969482422,66.91000366210938,63.261863708496094
21-03-2018,66.19999694824219,66.93000030517578,4014200,67.0999984741211,66.45999908447266,62.83638381958008
22-03-2018,65.51000213623047,65.91999816894531,3790200,66.80999755859375,65.55000305175781,61.97600555419922
23-03-2018,64.18000030517578,65.55000305175781,2419900,65.70999908447266,64.29000091552734,60.78471374511719
26-03-2018,64.2699966430664,65.01000213623047,2790700,65.5999984741211,65.48999786376953,61.919281005859375
27-03-2018,64.52999877929688,65.75,3761000,66.13999938964844,64.87000274658203,61.33309555053711
28-03-2018,63.84000015258789,65.0199966430664,3629200,65.25,63.849998474121094,60.36870193481445
29-03-2018,63.939998626708984,64.19999694824219,3967900,65.88999938964844,65.04000091552734,61.493812561035156
02-04-2018,62.75,64.91999816894531,2859200,65.37999725341797,63.43000030517578,59.971595764160156
03-04-2018,63.130001068115234,63.70000076293945,2461000,64.19999694824219,64.0199966430664,60.5294189453125
04-04-2018,62.66999816894531,63.2599983215332,2759600,64.58999633789062,64.41000366210938,60.898170471191406
05-04-2018,64.68000030517578,64.81999969482422,3909400,65.80999755859375,65.5199966430664,61.94763946533203
06-04-2018,63.15999984741211,64.9800033569336,3003800,65.26000213623047,63.88999938964844,60.40650939941406
09-04-2018,64.16999816894531,64.48999786376953,2733400,65.6500015258789,64.79000091552734,61.2574462890625
10-04-2018,65.30999755859375,65.30999755859375,3359600,66.75,66.19999694824219,62.5905647277832
11-04-2018,64.7699966430664,65.5,3989500,65.7300033569336,64.94000244140625,61.39925765991211
12-04-2018,65.26000213623047,65.33999633789062,2229800,66.02999877929688,65.7699966430664,62.18401336669922
13-04-2018,65.36000061035156,66.08999633789062,2280600,66.20999908447266,65.72000122070312,62.1367301940918
16-04-2018,66.0999984741211,66.36000061035156,1894900,66.80999755859375,66.29000091552734,62.6756591796875
17-04-2018,66.01000213623047,66.68000030517578,2944100,66.94000244140625,66.86000061035156,63.21458435058594
18-04-2018,65.41000366210938,66.8499984741211,3947400,67.68000030517578,67.22000122070312,63.55494689941406
19-04-2018,66.70999908447266,67.0999984741211,2430000,67.4800033569336,66.9800033569336,63.328025817871094
20-04-2018,66.76000213623047,67.05999755859375,2890700,67.4000015258789,67.05000305175781,63.394222259521484
23-04-2018,66.80999755859375,67.30999755859375,2824300,67.5,67.18000030517578,63.51713562011719
24-04-2018,65.80999755859375,67.25,3787500,67.86000061035156,66.1500015258789,62.54330825805664
25-04-2018,65.19999694824219,65.9000015258789,2914900,66.58000183105469,66.5199966430664,62.89310836791992
26-04-2018,68.41999816894531,68.41999816894531,5460100,70.1500015258789,69.98999786376953,66.17393493652344
27-04-2018,69.37000274658203,70.04000091552734,3351300,70.58000183105469,70.20999908447266,66.38191986083984
30-04-2018,69.48999786376953,70.18000030517578,4030500,70.80000305175781,69.5,65.71063995361328
01-05-2018,69.2699966430664,69.4800033569336,3192900,70.43000030517578,70.1500015258789,66.3251953125
02-05-2018,69.62000274658203,69.9000015258789,3371000,70.87999725341797,70.43000030517578,66.58992767333984
03-05-2018,68.97000122070312,69.88999938964844,2710400,70.05999755859375,69.76000213623047,65.95647430419922
04-05-2018,69.16999816894531,69.37999725341797,1656300,70.68000030517578,70.37999725341797,66.54267120361328
07-05-2018,70.19000244140625,70.5199966430664,1580200,70.93000030517578,70.33000183105469,66.49539947509766
08-05-2018,69.0199966430664,70.1500015258789,3476600,70.25,69.44999694824219,65.66336059570312
09-05-2018,68.55999755859375,69.55999755859375,2286700,69.7300033569336,69.31999969482422,65.54045104980469
10-05-2018,69.76000213623047,69.97000122070312,2291600,70.63999938964844,70.5999984741211,66.75067901611328
11-05-2018,70.19999694824219,70.44999694824219,2215000,70.80999755859375,70.5199966430664,66.6750259399414
14-05-2018,70.22000122070312,70.38999938964844,2981900,71.69999694824219,71.19999694824219,67.31795501708984
15-05-2018,70.0199966430664,70.63999938964844,2304300,71.05000305175781,70.44999694824219,66.60884857177734
16-05-2018,70.18000030517578,70.43000030517578,2206300,71.37999725341797,70.73999786376953,66.88302612304688
17-05-2018,70.22000122070312,70.87000274658203,2709500,71.05000305175781,70.6500015258789,66.79796600341797
18-05-2018,70.37000274658203,70.73999786376953,3478400,70.94000244140625,70.5999984741211,66.75067901611328
21-05-2018,71.16999816894531,71.16999816894531,3227700,72.30000305175781,72.0999984741211,68.16887664794922
22-05-2018,71.55999755859375,72.1500015258789,2515600,72.38999938964844,71.72000122070312,67.80960083007812
23-05-2018,71.45999908447266,71.5199966430664,2816700,72.37999725341797,72.3499984741211,68.4052505493164
24-05-2018,71.81999969482422,72.3499984741211,5207400,72.86000061035156,72.41000366210938,68.46198272705078
25-05-2018,72.20999908447266,72.43000030517578,2537100,73.04000091552734,72.52999877929688,68.57543182373047
29-05-2018,71.02999877929688,71.93000030517578,2074100,72.19000244140625,71.7300033569336,67.81906127929688
30-05-2018,71.33000183105469,72.08000183105469,3023600,72.37000274658203,71.87000274658203,67.95140838623047
31-05-2018,70.77999877929688,71.66999816894531,4969800,72.23999786376953,70.83999633789062,67.15510559082031
01-06-2018,71.2699966430664,71.41000366210938,3546500,72.75,72.69999694824219,68.9183578491211
04-06-2018,72.66000366210938,72.77999877929688,5339100,74.4800033569336,74.19999694824219,70.34033966064453
05-06-2018,73.48999786376953,74.13999938964844,4334700,74.33999633789062,74.26000213623047,70.39720916748047
06-06-2018,74.13999938964844,74.30000305175781,3993000,75.36000061035156,75.27999877929688,71.36414337158203
07-06-2018,73.93000030517578,75.27999877929688,2965500,75.45999908447266,74.3499984741211,70.48252868652344
08-06-2018,74.12000274658203,74.33000183105469,3039600,74.83999633789062,74.77999877929688,70.89016723632812
11-06-2018,74.5,74.86000061035156,2987200,75.37000274658203,75.19000244140625,71.27883911132812
12-06-2018,74.7699966430664,75.02999877929688,3591500,75.62000274658203,75.3499984741211,71.4305191040039
13-06-2018,74.45999908447266,75.41999816894531,2770000,75.5999984741211,74.58000183105469,70.70056915283203
14-06-2018,74.7300033569336,75.0199966430664,2573500,75.5,75.41000366210938,71.48739624023438
15-06-2018,74.66000366210938,75.31999969482422,3173000,75.58000183105469,75.22000122070312,71.30728912353516
18-06-2018,73.94999694824219,74.58000183105469,2410100,74.80000305175781,74.30000305175781,70.43515014648438
19-06-2018,73.51000213623047,73.66999816894531,2726900,74.19000244140625,74.16999816894531,70.31190490722656
20-06-2018,73.27999877929688,74.12000274658203,2371900,74.3499984741211,73.33000183105469,69.5156021118164
21-06-2018,73.37000274658203,73.55999755859375,2830400,74.52999877929688,73.73999786376953,69.90425872802734
22-06-2018,73.73999786376953,74.01000213623047,3249900,74.86000061035156,74.31999969482422,70.4541015625
25-06-2018,73.0199966430664,74.05999755859375,3631800,74.12999725341797,73.58999633789062,69.7620620727539
26-06-2018,73.12000274658203,73.61000061035156,2148300,73.91000366210938,73.13999938964844,69.3354721069336
27-06-2018,72.55000305175781,73.44999694824219,2539700,73.88999938964844,72.55000305175781,68.77617645263672
28-06-2018,72.33000183105469,72.54000091552734,2835000,74.12999725341797,73.80000305175781,69.96115112304688
29-06-2018,73.77999877929688,73.81999969482422,2602700,74.69000244140625,73.83999633789062,69.9990463256836
02-07-2018,72.94000244140625,73.38999938964844,1391900,73.80000305175781,73.75,69.91375732421875
03-07-2018,72.91999816894531,73.69999694824219,1531800,73.79000091552734,73.06999969482422,69.26910400390625
05-07-2018,73.22000122070312,73.58999633789062,1595700,73.95999908447266,73.80000305175781,69.96115112304688
06-07-2018,73.77999877929688,73.87999725341797,1440100,74.56999969482422,74.37000274658203,70.50150299072266
09-07-2018,74.33000183105469,74.5999984741211,1564500,74.88999938964844,74.66999816894531,70.78588104248047
10-07-2018,74.41999816894531,74.95999908447266,2229700,75.12000274658203,74.62999725341797,70.74795532226562
11-07-2018,74.0999984741211,74.31999969482422,1296400,74.9000015258789,74.31999969482422,70.4541015625
12-07-2018,74.2300033569336,74.76000213623047,1769700,75.04000091552734,74.77999877929688,70.89016723632812
13-07-2018,74.51000213623047,74.80000305175781,2088000,74.94000244140625,74.77999877929688,70.89016723632812
16-07-2018,73.58999633789062,74.25,2132800,74.29000091552734,74.01000213623047,70.16022491455078
17-07-2018,73.7300033569336,73.81999969482422,2701000,74.80999755859375,74.75,70.86173248291016
18-07-2018,74.31999969482422,74.80000305175781,1746800,74.8499984741211,74.69999694824219,70.81431579589844
19-07-2018,74.27999877929688,74.5999984741211,1951100,74.9800033569336,74.73999786376953,70.85224914550781
20-07-2018,74.58999633789062,74.72000122070312,4220500,75.5999984741211,75.0,71.09872436523438
23-07-2018,74.6500015258789,75.0,2405600,75.33000183105469,74.94000244140625,71.04183959960938
24-07-2018,75.0199966430664,75.11000061035156,3279700,75.72000122070312,75.54000091552734,71.61062622070312
25-07-2018,75.3499984741211,75.3499984741211,2549500,76.51000213623047,76.51000213623047,72.53018188476562
26-07-2018,71.01000213623047,71.01000213623047,6801900,75.0,73.70999908447266,69.87581634521484
27-07-2018,71.27999877929688,73.27999877929688,6406600,73.70999908447266,71.70999908447266,67.97984313964844
30-07-2018,70.94999694824219,71.63999938964844,4136900,72.13999938964844,71.36000061035156,67.64806365966797
31-07-2018,71.62000274658203,71.77999877929688,4379800,72.70999908447266,72.44999694824219,68.68135070800781
01-08-2018,72.37000274658203,72.45999908447266,4001200,73.12999725341797,72.75,68.96575164794922
02-08-2018,71.5199966430664,72.44000244140625,2263100,72.58000183105469,72.23999786376953,68.48228454589844
03-08-2018,71.62999725341797,72.2699966430664,1749100,72.38999938964844,72.3499984741211,68.5865707397461
06-08-2018,72.13999938964844,72.25,1814200,72.72000122070312,72.5199966430664,68.74772644042969
07-08-2018,72.0999984741211,72.55999755859375,2810500,72.76000213623047,72.54000091552734,68.76669311523438
08-08-2018,72.41000366210938,72.43000030517578,3328600,73.08999633789062,72.66999816894531,68.88993072509766
09-08-2018,71.9800033569336,72.91999816894531,3638600,73.0,72.06999969482422,68.32112121582031
10-08-2018,71.19000244140625,71.94999694824219,2341600,71.94999694824219,71.5,67.78079223632812
13-08-2018,70.66999816894531,71.4000015258789,1936300,71.88999938964844,70.70999908447266,67.03187561035156
14-08-2018,70.6500015258789,70.68000030517578,2133600,71.27999877929688,70.70999908447266,67.03187561035156
15-08-2018,70.19000244140625,70.44000244140625,2811400,71.33999633789062,71.25,67.54379272460938
16-08-2018,71.20999908447266,71.7699966430664,2162300,71.94000244140625,71.58000183105469,67.85662078857422
17-08-2018,71.05000305175781,71.3499984741211,1898100,72.13999938964844,72.04000091552734,68.29267883300781
20-08-2018,71.95999908447266,72.08999633789062,1697300,72.44000244140625,72.19999694824219,68.44438171386719
21-08-2018,71.55000305175781,72.47000122070312,5024700,72.76000213623047,71.63999938964844,67.91349029541016
22-08-2018,71.2300033569336,71.44999694824219,1783600,72.2699966430664,72.13999938964844,68.38750457763672
23-08-2018,71.8499984741211,72.19999694824219,2553600,72.33000183105469,71.9800033569336,68.23582458496094
24-08-2018,71.86000061035156,72.2300033569336,2232100,72.51000213623047,72.3499984741211,68.5865707397461
27-08-2018,72.51000213623047,72.5999984741211,2133700,73.19000244140625,72.9800033569336,69.18380737304688
28-08-2018,72.73999786376953,73.1500015258789,2728000,73.25,73.05999755859375,69.25963592529297
29-08-2018,73.04000091552734,73.30000305175781,2336300,74.08999633789062,73.95999908447266,70.11282348632812
30-08-2018,73.41999816894531,73.76000213623047,2982600,74.19000244140625,73.9000015258789,70.23638153076172
31-08-2018,73.6500015258789,73.68000030517578,2980300,74.44999694824219,74.37000274658203,70.6830825805664
04-09-2018,74.37999725341797,74.80000305175781,5077300,75.12999725341797,74.79000091552734,71.08226013183594
05-09-2018,73.66999816894531,74.58999633789062,4173800,74.75,74.06999969482422,70.39794158935547
06-09-2018,73.68000030517578,73.94999694824219,2367100,74.7300033569336,74.5199966430664,70.82563018798828
07-09-2018,74.01000213623047,74.37000274658203,2950700,74.83999633789062,74.58999633789062,70.89216613769531
10-09-2018,74.63999938964844,74.83999633789062,2404000,75.13999938964844,74.88999938964844,71.17729949951172
11-09-2018,74.73999786376953,74.81999969482422,2713000,76.12999725341797,75.87000274658203,72.10871124267578
12-09-2018,75.5199966430664,75.87000274658203,2351900,76.22000122070312,76.08000183105469,72.30830383300781
13-09-2018,76.19000244140625,76.22000122070312,2903500,77.22000122070312,77.12999725341797,73.3062515258789
14-09-2018,77.16999816894531,77.16999816894531,2305000,77.8499984741211,77.69000244140625,73.83849334716797
17-09-2018,76.94000244140625,77.44999694824219,2657200,77.5199966430664,77.04000091552734,73.220703125
18-09-2018,76.93000030517578,77.02999877929688,2228000,77.5,77.23999786376953,73.41079711914062
19-09-2018,77.30000305175781,77.4000015258789,3124800,77.80999755859375,77.63999938964844,73.79096221923828
20-09-2018,77.58999633789062,77.9000015258789,2293500,78.37999725341797,77.69000244140625,73.83849334716797
21-09-2018,77.31999969482422,77.8499984741211,4064300,77.91999816894531,77.37000274658203,73.53437042236328
24-09-2018,77.23999786376953,77.38999938964844,1575300,77.83999633789062,77.75,73.89552307128906
25-09-2018,77.25,77.8499984741211,1960400,77.95999908447266,77.45999908447266,73.61988830566406
26-09-2018,76.79000091552734,77.45999908447266,2964000,77.69000244140625,76.9000015258789,73.08765411376953
27-09-2018,76.55000305175781,77.0999984741211,2182000,77.12999725341797,76.5999984741211,72.80253601074219
28-09-2018,76.55000305175781,76.58000183105469,3484800,77.54000091552734,77.08999633789062,73.26822662353516
01-10-2018,77.33000183105469,77.5,2786400,78.2300033569336,77.80000305175781,73.94303131103516
02-10-2018,77.18000030517578,77.62999725341797,1788900,77.77999877929688,77.30000305175781,73.46783447265625
03-10-2018,75.68000030517578,77.38999938964844,3536800,77.5,75.91000366210938,72.146728515625
04-10-2018,73.9000015258789,75.55999755859375,3137200,75.55999755859375,74.25,70.56903076171875
05-10-2018,73.55999755859375,74.25,2367800,74.69999694824219,74.18000030517578,70.50248718261719
08-10-2018,72.72000122070312,73.88999938964844,2903800,74.1500015258789,73.33000183105469,69.69464111328125
09-10-2018,72.70999908447266,73.01000213623047,3180100,73.52999877929688,72.9800033569336,69.36199188232422
10-10-2018,71.12000274658203,72.88999938964844,3101600,72.88999938964844,71.19000244140625,67.66073608398438
11-10-2018,69.5199966430664,70.91999816894531,4111500,71.69000244140625,70.16999816894531,66.69127655029297
12-10-2018,70.37000274658203,71.27999877929688,2340500,71.94000244140625,71.25,67.71775817871094
15-10-2018,70.44000244140625,71.19999694824219,2127200,71.5199966430664,70.87000274658203,67.3565902709961
16-10-2018,70.33000183105469,70.86000061035156,3099000,71.83999633789062,71.76000213623047,68.20246124267578
17-10-2018,71.0,71.43000030517578,3257200,72.54000091552734,72.44000244140625,68.84876251220703
18-10-2018,69.98999786376953,72.27999877929688,4250000,72.27999877929688,70.47000122070312,66.9764175415039
19-10-2018,69.19999694824219,70.6500015258789,3166500,70.91000366210938,69.45999908447266,66.01649475097656
22-10-2018,68.37999725341797,69.45999908447266,4823500,69.7300033569336,69.0199966430664,65.5982894897461
23-10-2018,67.04000091552734,67.79000091552734,3943000,69.04000091552734,68.7300033569336,65.32268524169922
24-10-2018,67.4000015258789,68.83000183105469,2822800,69.27999877929688,67.48999786376953,64.14415740966797
25-10-2018,66.91000366210938,67.69999694824219,2772800,68.38999938964844,67.83999633789062,64.47679901123047
26-10-2018,66.19000244140625,67.22000122070312,2447300,67.66999816894531,67.0999984741211,63.77349853515625
29-10-2018,66.20999908447266,68.1500015258789,3843500,68.43000030517578,67.04000091552734,63.71646499633789
30-10-2018,67.0,67.22000122070312,5427700,68.88999938964844,68.66000366210938,65.25614929199219
31-10-2018,61.04999923706055,62.79999923706055,14749300,64.08999633789062,62.5099983215332,59.41103744506836
01-11-2018,62.04999923706055,62.630001068115234,9031800,63.560001373291016,63.06999969482422,59.94328308105469
02-11-2018,61.65999984741211,63.709999084472656,4037000,64.4000015258789,62.18000030517578,59.0974006652832
05-11-2018,61.7599983215332,62.41999816894531,4806900,62.849998474121094,62.5,59.40153503417969
06-11-2018,62.040000915527344,62.220001220703125,3764600,63.470001220703125,63.43000030517578,60.28543472290039
07-11-2018,63.099998474121094,63.91999816894531,5380300,64.11000061035156,63.5,60.351966857910156
08-11-2018,63.209999084472656,63.2400016784668,3232300,64.0999984741211,63.869998931884766,60.703617095947266
09-11-2018,62.939998626708984,63.7599983215332,2345500,63.7599983215332,63.47999954223633,60.332950592041016
12-11-2018,61.4900016784668,63.439998626708984,4020300,63.439998626708984,61.560001373291016,58.50813293457031
13-11-2018,62.04999923706055,62.400001525878906,5074500,64.19000244140625,63.029998779296875,59.905250549316406
14-11-2018,62.72999954223633,63.36000061035156,5966300,64.19999694824219,63.83000183105469,60.66560363769531
15-11-2018,62.83000183105469,63.40999984741211,8750000,65.83999633789062,65.83000183105469,62.56644821166992
16-11-2018,65.4000015258789,65.45999908447266,7508000,66.91000366210938,66.51000213623047,63.212730407714844
19-11-2018,64.79000091552734,66.63999938964844,4066300,66.72000122070312,65.0199966430664,61.79660415649414
20-11-2018,63.75,64.62999725341797,4253700,64.91999816894531,64.18000030517578,60.99824905395508
21-11-2018,64.33000183105469,64.56999969482422,5319500,65.58000183105469,65.52999877929688,62.281314849853516
23-11-2018,64.91999816894531,64.95999908447266,1503900,65.54000091552734,65.47000122070312,62.22430419921875
26-11-2018,65.18000030517578,65.88999938964844,2990200,66.0999984741211,65.9800033569336,62.70901870727539
27-11-2018,65.1500015258789,65.68000030517578,4012400,65.97000122070312,65.95999908447266,62.69001770019531
28-11-2018,66.08999633789062,66.5,3562300,68.33999633789062,68.31999969482422,64.93299865722656
29-11-2018,67.79000091552734,67.95999908447266,3098700,68.51000213623047,68.0199966430664,64.64788055419922
30-11-2018,67.54000091552734,67.87000274658203,4091000,68.63999938964844,68.55000305175781,65.33409881591797
03-12-2018,68.43000030517578,68.93000030517578,5702100,69.37000274658203,69.19999694824219,65.95360565185547
04-12-2018,67.19999694824219,69.0999984741211,6602500,69.29000091552734,67.26000213623047,64.1046371459961
06-12-2018,64.95999908447266,66.3499984741211,4274100,66.86000061035156,66.79000091552734,63.65666961669922
07-12-2018,64.76000213623047,66.5199966430664,4614400,66.91000366210938,65.0199966430664,61.969703674316406
10-12-2018,63.970001220703125,64.98999786376953,4465100,65.69999694824219,65.4800033569336,62.40815353393555
11-12-2018,65.58000183105469,66.05999755859375,3499100,66.81999969482422,66.19000244140625,63.08481216430664
12-12-2018,66.94000244140625,66.97000122070312,3159600,67.75,67.0,63.85682678222656
13-12-2018,66.54000091552734,67.0199966430664,2796000,67.51000213623047,66.94999694824219,63.80916213989258
14-12-2018,65.30999755859375,66.27999877929688,2731100,66.45999908447266,65.69999694824219,62.6177978515625
17-12-2018,63.939998626708984,65.33999633789062,5682800,65.97000122070312,64.19000244140625,61.178653717041016
18-12-2018,64.2699966430664,64.83999633789062,4907500,65.56999969482422,65.11000061035156,62.05548095703125
19-12-2018,63.65999984741211,65.41000366210938,4905700,65.94999694824219,64.05000305175781,61.04521560668945
20-12-2018,62.25,64.06999969482422,4756000,64.29000091552734,62.68000030517578,59.73948669433594
21-12-2018,62.220001220703125,62.75,7910800,64.29000091552734,62.900001525878906,59.94916534423828
24-12-2018,61.400001525878906,62.47999954223633,3202700,62.54999923706055,61.45000076293945,58.56719207763672
26-12-2018,61.7400016784668,61.7400016784668,4321400,64.12999725341797,64.12999725341797,61.12145233154297
27-12-2018,63.33000183105469,63.4900016784668,4110700,65.62999725341797,65.55999755859375,62.48435974121094
28-12-2018,64.97000122070312,65.83999633789062,2881100,66.0,65.20999908447266,62.15077590942383
31-12-2018,65.22000122070312,65.58999633789062,2230900,66.2300033569336,65.81999969482422,62.732177734375
02-01-2019,64.91000366210938,66.0,4816900,66.80999755859375,65.30000305175781,62.2365837097168
03-01-2019,64.12999725341797,65.0199966430664,4642400,65.43000030517578,64.4800033569336,61.45504379272461
04-01-2019,65.11000061035156,65.12999725341797,4759900,66.58999633789062,66.5,63.38026809692383
07-01-2019,66.0999984741211,66.20999908447266,4908000,67.08000183105469,66.16999816894531,63.06574249267578
08-01-2019,65.2699966430664,66.6500015258789,4764500,67.08999633789062,65.98999786376953,62.89419174194336
09-01-2019,66.25,66.3499984741211,3848100,67.68000030517578,67.12000274658203,63.97119140625
10-01-2019,66.54000091552734,66.9000015258789,2668300,67.36000061035156,67.30999755859375,64.15227508544922
11-01-2019,66.44999694824219,66.9000015258789,2490100,67.04000091552734,66.80999755859375,63.67573928833008
14-01-2019,66.04000091552734,66.31999969482422,4054100,66.47000122070312,66.12000274658203,63.01811599731445
15-01-2019,66.18000030517578,66.62999725341797,3893400,67.62999725341797,67.54000091552734,64.37149047851562
16-01-2019,67.4000015258789,67.4000015258789,4253100,68.41000366210938,68.26000213623047,65.0577163696289
17-01-2019,68.1500015258789,68.20999908447266,6282400,69.38999938964844,69.12000274658203,65.87737274169922
18-01-2019,69.12000274658203,69.56999969482422,3396600,70.81999969482422,70.62999725341797,67.3165283203125
22-01-2019,69.2300033569336,70.05000305175781,4291000,70.41999816894531,69.66000366210938,66.39202880859375
23-01-2019,68.69000244140625,69.62999725341797,3209800,69.98999786376953,69.63999938964844,66.37296295166016
24-01-2019,69.37999725341797,69.69999694824219,2613400,70.12999725341797,69.94999694824219,66.66842651367188
25-01-2019,70.13999938964844,70.1500015258789,1962300,70.58000183105469,70.33000183105469,67.03060150146484
28-01-2019,69.86000061035156,69.93000030517578,2213500,70.41999816894531,70.16999816894531,66.87811279296875
29-01-2019,69.91999816894531,70.30999755859375,2427300,70.5999984741211,70.25,66.954345703125
30-01-2019,70.30999755859375,70.55999755859375,4267200,71.97000122070312,71.72000122070312,68.35539245605469
31-01-2019,70.0,70.94999694824219,5555800,73.02999877929688,72.48999786376953,69.08927154541016
01-02-2019,72.05000305175781,73.75,3831600,73.75,72.12999725341797,68.74613952636719
04-02-2019,71.80000305175781,72.27999877929688,2601400,72.68000030517578,72.56999969482422,69.16551971435547
05-02-2019,72.0,72.5199966430664,2676800,72.69999694824219,72.05000305175781,68.66991424560547
06-02-2019,71.69999694824219,71.80999755859375,2052000,72.30999755859375,71.7699966430664,68.40304565429688
07-02-2019,70.66999816894531,71.41999816894531,2204700,71.66000366210938,71.11000061035156,67.77400207519531
08-02-2019,70.56999969482422,70.83999633789062,2571100,71.51000213623047,71.5,68.14572143554688
11-02-2019,71.5999984741211,71.73999786376953,1760800,72.04000091552734,71.7300033569336,68.36492156982422
12-02-2019,71.93000030517578,72.06999969482422,3458700,72.55000305175781,72.4800033569336,69.0797348022461
13-02-2019,72.30999755859375,72.68000030517578,2421100,72.95999908447266,72.66999816894531,69.26082611083984
14-02-2019,72.37999725341797,72.5,2200700,72.95999908447266,72.44000244140625,69.04161834716797
15-02-2019,72.91000366210938,73.01000213623047,2372300,73.5199966430664,73.43000030517578,69.98517608642578
19-02-2019,73.16999816894531,73.16999816894531,1999500,73.7300033569336,73.47000122070312,70.0232925415039
20-02-2019,73.25,73.5,2816700,74.22000122070312,74.12999725341797,70.65233612060547
21-02-2019,73.80999755859375,74.04000091552734,2388300,74.38999938964844,74.02999877929688,70.55702209472656
22-02-2019,74.1500015258789,74.1500015258789,2136500,74.83000183105469,74.68000030517578,71.1765365600586
25-02-2019,74.7699966430664,74.97000122070312,3457200,75.7300033569336,74.79000091552734,71.28136444091797
26-02-2019,74.44000244140625,74.70999908447266,3350500,75.0199966430664,74.91000366210938,71.39573669433594
27-02-2019,74.55000305175781,74.55000305175781,2997900,75.63999938964844,75.06999969482422,71.54823303222656
28-02-2019,74.0,74.72000122070312,3375100,75.0,74.7300033569336,71.40492248535156
01-03-2019,75.11000061035156,75.16000366210938,2420500,76.0999984741211,75.83999633789062,72.46552276611328
04-03-2019,74.70999908447266,76.18000030517578,3723900,76.25,75.47000122070312,72.11198425292969
05-03-2019,75.16000366210938,75.37999725341797,2162600,75.87000274658203,75.70999908447266,72.34130096435547
06-03-2019,74.44999694824219,75.88999938964844,2382200,75.9800033569336,74.7300033569336,71.40492248535156
07-03-2019,74.38999938964844,74.68000030517578,2916900,74.95999908447266,74.72000122070312,71.39533996582031
08-03-2019,73.4000015258789,74.33000183105469,2818400,74.58000183105469,74.12999725341797,70.83160400390625
11-03-2019,74.38999938964844,74.54000091552734,2015800,75.13999938964844,75.12000274658203,71.77754974365234
12-03-2019,75.0199966430664,75.3499984741211,3579400,75.70999908447266,75.68000030517578,72.31262969970703
13-03-2019,75.63999938964844,75.91999816894531,2485500,76.66000366210938,76.37999725341797,72.98149108886719
14-03-2019,75.66000366210938,76.27999877929688,1993200,76.58999633789062,76.51000213623047,73.10572052001953
15-03-2019,76.29000091552734,76.29000091552734,5042400,77.12999725341797,76.94000244140625,73.51657104492188
18-03-2019,76.5,77.13999938964844,1862200,77.13999938964844,76.94999694824219,73.52613067626953
19-03-2019,76.80000305175781,77.1500015258789,2064000,77.73999786376953,77.58999633789062,74.13764953613281
20-03-2019,76.87000274658203,77.68000030517578,2728800,77.73999786376953,77.18000030517578,73.74588775634766
21-03-2019,76.91000366210938,76.91000366210938,2115000,78.45999908447266,78.44999694824219,74.9593734741211
22-03-2019,77.16999816894531,78.0999984741211,3152200,78.5199966430664,77.23999786376953,73.80322265625
25-03-2019,77.11000061035156,77.2699966430664,2050900,78.05000305175781,77.62999725341797,74.17587280273438
26-03-2019,77.94000244140625,78.16999816894531,3571500,78.94999694824219,78.80000305175781,75.29381561279297
27-03-2019,78.05999755859375,78.7300033569336,4062700,79.3499984741211,79.08999633789062,75.57091522216797
28-03-2019,78.9000015258789,79.29000091552734,3170100,79.8499984741211,79.69000244140625,76.14421081542969
29-03-2019,79.98999786376953,80.0,4078700,81.41999816894531,81.30999755859375,77.6921157836914
01-04-2019,80.9800033569336,81.88999938964844,3661300,82.25,81.7699966430664,78.13165283203125
02-04-2019,80.87000274658203,81.8499984741211,2412200,81.8499984741211,81.54000091552734,77.91189575195312
03-04-2019,80.5999984741211,81.87000274658203,4269700,81.94999694824219,80.87000274658203,77.27171325683594
04-04-2019,80.05000305175781,80.58000183105469,2246700,80.83000183105469,80.55000305175781,76.9659423828125
05-04-2019,80.08999633789062,80.5199966430664,2061900,80.94999694824219,80.66999816894531,77.0805892944336
08-04-2019,79.0,79.80000305175781,3637800,80.22000122070312,79.66000366210938,76.11553955078125
09-04-2019,79.41999816894531,79.47000122070312,1966600,80.5199966430664,80.06999969482422,76.50730895996094
10-04-2019,79.95999908447266,80.01000213623047,1807300,80.55999755859375,80.16000366210938,76.59330749511719
11-04-2019,79.31999969482422,80.44999694824219,1909600,80.44999694824219,79.83000183105469,76.27798461914062
12-04-2019,79.05000305175781,80.0199966430664,2226200,80.12000274658203,79.31999969482422,75.79066467285156
15-04-2019,79.22000122070312,79.58000183105469,1846300,79.94999694824219,79.61000061035156,76.06776428222656
16-04-2019,77.41999816894531,80.0,2384400,80.26000213623047,77.62000274658203,74.16630554199219
17-04-2019,73.9800033569336,77.68000030517578,5641700,77.69000244140625,74.38999938964844,71.08003997802734
18-04-2019,73.37999725341797,74.58999633789062,4054400,74.86000061035156,74.33000183105469,71.02269744873047
22-04-2019,74.02999877929688,74.08000183105469,3086400,75.54000091552734,75.25,71.90177917480469
23-04-2019,75.31999969482422,75.69000244140625,3411800,76.87000274658203,76.33999633789062,72.94326782226562
24-04-2019,75.9800033569336,76.18000030517578,4393700,77.01000213623047,76.27999877929688,72.88593292236328
25-04-2019,74.05000305175781,74.93000030517578,6132900,76.41999816894531,76.25,72.85726165771484
26-04-2019,74.86000061035156,76.16000366210938,2408000,76.44999694824219,76.18000030517578,72.7903823852539
29-04-2019,74.97000122070312,76.18000030517578,2390300,76.18000030517578,75.51000213623047,72.15020751953125
30-04-2019,75.2300033569336,75.69999694824219,2877900,76.44999694824219,76.30000305175781,72.90504455566406
01-05-2019,75.20999908447266,76.19999694824219,1782800,76.29000091552734,75.44999694824219,72.0928726196289
02-05-2019,75.38999938964844,75.51000213623047,2453300,76.7699966430664,76.29000091552734,72.89549255371094
03-05-2019,76.62999725341797,76.76000213623047,2539200,77.58000183105469,77.30000305175781,73.8605728149414
06-05-2019,75.79000091552734,76.06999969482422,2489500,77.52999877929688,77.31999969482422,73.87964630126953
07-05-2019,76.0,76.80999755859375,2403500,77.29000091552734,76.69000244140625,73.27769470214844
08-05-2019,76.23999786376953,76.72000122070312,1637900,77.08000183105469,76.69000244140625,73.27769470214844
09-05-2019,75.01000213623047,75.87000274658203,2376400,76.23999786376953,76.0,72.61840057373047
10-05-2019,74.04000091552734,75.66000366210938,3406700,76.30999755859375,75.94000244140625,72.56106567382812
13-05-2019,74.94999694824219,75.22000122070312,1930900,75.9000015258789,75.44000244140625,72.08331298828125
14-05-2019,75.5,75.68000030517578,2315100,76.47000122070312,75.87999725341797,72.50373840332031
15-05-2019,75.05999755859375,75.51000213623047,2511800,76.11000061035156,75.94000244140625,72.56106567382812
16-05-2019,75.9000015258789,76.02999877929688,2544600,77.20999908447266,76.9000015258789,73.47835540771484
17-05-2019,75.81999969482422,76.18000030517578,2349100,77.1500015258789,75.9800033569336,72.59929656982422
20-05-2019,74.91999816894531,75.72000122070312,2281400,75.97000122070312,75.31999969482422,71.96864318847656
21-05-2019,75.19000244140625,75.77999877929688,2649300,76.16999816894531,75.30000305175781,71.94953918457031
22-05-2019,74.97000122070312,75.1500015258789,2429100,75.79000091552734,75.56999969482422,72.20751953125
23-05-2019,74.5,75.3499984741211,1480800,75.5199966430664,75.02999877929688,71.69155883789062
24-05-2019,74.88999938964844,75.20999908447266,1641900,75.54000091552734,75.0999984741211,71.7584457397461
28-05-2019,74.0,75.18000030517578,2609400,75.8499984741211,74.18000030517578,70.8793716430664
29-05-2019,73.37999725341797,74.0,1437200,74.19999694824219,73.83999633789062,70.55449676513672
30-05-2019,73.87999725341797,74.05000305175781,2104100,74.66999816894531,74.37000274658203,71.06092834472656
31-05-2019,72.41999816894531,73.06999969482422,2825500,73.80999755859375,73.44000244140625,70.17230987548828
03-06-2019,73.44999694824219,73.66999816894531,3111900,74.72000122070312,73.95999908447266,70.66918182373047
04-06-2019,74.33000183105469,74.77999877929688,3890500,76.45999908447266,76.20999908447266,72.81905364990234
05-06-2019,76.55999755859375,76.75,3195700,77.5999984741211,76.98999786376953,73.5643539428711
06-06-2019,76.41000366210938,76.7699966430664,2378900,77.37000274658203,76.8499984741211,73.6410140991211
07-06-2019,77.29000091552734,77.36000061035156,2441500,78.12999725341797,77.58000183105469,74.34053039550781
10-06-2019,77.87000274658203,78.05999755859375,1386000,78.44000244140625,78.16999816894531,74.9058837890625
11-06-2019,76.93000030517578,78.5,1594200,78.77999877929688,77.6500015258789,74.40760803222656
12-06-2019,77.58999633789062,77.7300033569336,1721900,78.25,77.97000122070312,74.71424102783203
13-06-2019,77.5,78.20999908447266,1833000,78.27999877929688,78.20999908447266,74.9442138671875
14-06-2019,77.80000305175781,78.45999908447266,1580700,78.91999816894531,77.93000030517578,74.67591857910156
17-06-2019,77.8499984741211,77.94000244140625,2010900,79.04000091552734,78.8499984741211,75.55748748779297
18-06-2019,79.12999725341797,79.61000061035156,3411800,80.62999725341797,80.55999755859375,77.19607543945312
19-06-2019,79.94000244140625,80.45999908447266,2108100,81.41000366210938,81.30999755859375,77.91477966308594
20-06-2019,81.3499984741211,81.94999694824219,2845500,82.80000305175781,82.04000091552734,78.61428833007812
21-06-2019,81.20999908447266,82.16999816894531,3514300,82.72000122070312,82.41000366210938,78.96884155273438
24-06-2019,81.87999725341797,82.47000122070312,1617800,82.63999938964844,82.2699966430664,78.8346939086914
25-06-2019,81.66999816894531,82.0,1900800,82.66000366210938,81.7300033569336,78.31723022460938
26-06-2019,79.41999816894531,81.63999938964844,2373100,81.94000244140625,80.62000274658203,77.25358581542969
27-06-2019,80.97000122070312,81.0,1629300,81.86000061035156,81.66999816894531,78.25971984863281
28-06-2019,81.36000061035156,81.98999786376953,5095100,82.02999877929688,81.9000015258789,78.4801254272461
01-07-2019,81.0999984741211,82.73999786376953,2254100,82.7699966430664,81.43000030517578,78.02974700927734
02-07-2019,80.83000183105469,81.66999816894531,1826700,81.73999786376953,81.70999908447266,78.29808044433594
03-07-2019,81.61000061035156,82.0999984741211,1072900,82.48999786376953,82.06999969482422,78.6430435180664
05-07-2019,81.30000305175781,81.62000274658203,1296800,82.13999938964844,82.01000213623047,78.58554077148438
08-07-2019,81.19000244140625,81.8499984741211,1807000,81.98999786376953,81.58000183105469,78.17350006103516
09-07-2019,81.13999938964844,81.44999694824219,1835200,82.5,81.4000015258789,78.00101470947266
10-07-2019,81.47000122070312,81.66000366210938,2758600,82.70999908447266,82.12000274658203,78.69094848632812
11-07-2019,81.66000366210938,82.5999984741211,1988300,82.8499984741211,82.52999877929688,79.08382415771484
12-07-2019,81.30000305175781,82.4800033569336,1147500,82.62999725341797,81.6500015258789,78.24057006835938
15-07-2019,81.26000213623047,81.77999877929688,1732800,82.18000030517578,82.01000213623047,78.58554077148438
16-07-2019,81.80999755859375,82.18000030517578,2092600,82.76000213623047,82.06999969482422,78.6430435180664
17-07-2019,81.86000061035156,82.5,2427700,82.7300033569336,82.6500015258789,79.1988296508789
18-07-2019,82.33000183105469,82.5,3647900,83.93000030517578,83.08000183105469,79.61087036132812
19-07-2019,82.56999969482422,83.41000366210938,2838700,83.79000091552734,83.0999984741211,79.6300277709961
22-07-2019,82.52999877929688,83.31999969482422,1633600,83.38999938964844,82.69000244140625,79.2371597290039
23-07-2019,82.55999755859375,82.83999633789062,1741400,83.55999755859375,83.30000305175781,79.8216781616211
24-07-2019,83.0999984741211,83.55000305175781,2843600,84.08000183105469,83.93000030517578,80.42536163330078
25-07-2019,83.80999755859375,85.16000366210938,4909900,86.12000274658203,85.16000366210938,81.60401153564453
26-07-2019,84.08999633789062,85.79000091552734,2545100,86.6500015258789,85.1500015258789,81.59442138671875
29-07-2019,85.16000366210938,85.19999694824219,1987900,86.0199966430664,85.97000122070312,82.38018798828125
30-07-2019,85.33000183105469,85.45999908447266,2028600,86.27999877929688,86.16000366210938,82.56224060058594
31-07-2019,83.29000091552734,85.88999938964844,2768800,86.0999984741211,83.97000122070312,80.46370697021484
01-08-2019,84.12999725341797,84.20999908447266,2164600,86.1500015258789,85.08000183105469,81.52735137939453
02-08-2019,83.7699966430664,84.7699966430664,1573800,85.44000244140625,84.69999694824219,81.16321563720703
05-08-2019,81.20999908447266,83.69000244140625,2305000,84.0,81.91000366210938,78.48970794677734
06-08-2019,81.66000366210938,82.37999725341797,1781700,83.43000030517578,83.41000366210938,79.92707824707031
07-08-2019,81.58999633789062,82.58999633789062,1689100,83.94000244140625,83.81999969482422,80.31996154785156
08-08-2019,83.63999938964844,83.7699966430664,2310800,85.80000305175781,85.73999786376953,82.1597900390625
09-08-2019,85.4800033569336,85.75,2132800,86.68000030517578,85.97000122070312,82.38018798828125
12-08-2019,85.38999938964844,85.87999725341797,2115400,86.80999755859375,85.5999984741211,82.025634765625
13-08-2019,85.79000091552734,86.0,3379000,88.27999877929688,88.18000030517578,84.49790954589844
14-08-2019,85.77999877929688,87.01000213623047,2448700,87.3499984741211,85.83999633789062,82.25559997558594
15-08-2019,85.44999694824219,86.13999938964844,2720400,87.06999969482422,85.77999877929688,82.1981201171875
16-08-2019,86.0999984741211,86.30999755859375,1583100,87.41000366210938,86.97000122070312,83.33844757080078
19-08-2019,87.30999755859375,87.70999908447266,1339200,88.2300033569336,87.87000274658203,84.20083618164062
20-08-2019,86.93000030517578,88.18000030517578,1665600,88.4800033569336,86.97000122070312,83.33844757080078
21-08-2019,87.13999938964844,87.4000015258789,1405200,87.80999755859375,87.30999755859375,83.66423034667969
22-08-2019,86.63999938964844,87.33999633789062,1485400,87.79000091552734,87.20999908447266,83.56842041015625
23-08-2019,84.62000274658203,87.25,1809000,87.33999633789062,85.02999877929688,81.47943115234375
26-08-2019,84.98999786376953,85.77999877929688,1918800,86.0199966430664,85.7699966430664,82.18853759765625
27-08-2019,85.76000213623047,86.0199966430664,1891900,87.05000305175781,86.38999938964844,82.78264617919922
28-08-2019,86.0199966430664,86.08000183105469,1285400,87.26000213623047,86.93000030517578,83.30010986328125
29-08-2019,86.45999908447266,87.44999694824219,1163400,87.72000122070312,87.5,84.05903625488281
30-08-2019,87.33000183105469,88.0199966430664,3789700,88.20999908447266,87.94999694824219,84.49131774902344
03-09-2019,86.97000122070312,87.62000274658203,3392400,88.0,87.77999877929688,84.3280258178711
04-09-2019,87.0,88.38999938964844,1653000,88.41000366210938,87.5,84.05903625488281
05-09-2019,87.41999816894531,88.12000274658203,1930800,88.33000183105469,87.91000366210938,84.45291900634766
06-09-2019,88.2300033569336,88.5,2994600,89.93000030517578,89.77999877929688,86.24935913085938
09-09-2019,87.04000091552734,89.66000366210938,2838000,89.80999755859375,87.19999694824219,83.77082061767578
10-09-2019,84.45999908447266,86.76000213623047,3847500,87.2300033569336,85.91000366210938,82.53156280517578
11-09-2019,85.72000122070312,85.72000122070312,2585300,87.69999694824219,86.70999908447266,83.30010223388672
12-09-2019,87.0999984741211,87.30000305175781,1948500,88.22000122070312,87.81999969482422,84.36644744873047
13-09-2019,86.76000213623047,87.76000213623047,1869200,88.22000122070312,86.93000030517578,83.5114517211914
16-09-2019,86.55000305175781,86.55999755859375,1765500,87.72000122070312,86.91999816894531,83.50183868408203
17-09-2019,86.51000213623047,87.22000122070312,1960200,88.2300033569336,87.56999969482422,84.12628173828125
18-09-2019,86.79000091552734,87.69000244140625,1807200,88.20999908447266,87.44000244140625,84.00139617919922
19-09-2019,87.13999938964844,87.37999725341797,1683400,88.18000030517578,87.45999908447266,84.02059936523438
20-09-2019,87.0999984741211,87.69999694824219,10427500,88.41000366210938,87.4000015258789,83.96295928955078
23-09-2019,86.5999984741211,87.37999725341797,3625100,87.55999755859375,86.83999633789062,83.42498779296875
24-09-2019,85.95999908447266,87.0,2675300,87.68000030517578,86.44999694824219,83.0503158569336
25-09-2019,86.25,86.3499984741211,1883300,86.9000015258789,86.80000305175781,83.38655853271484
26-09-2019,87.11000061035156,87.36000061035156,2657800,87.97000122070312,87.7300033569336,84.27999877929688
27-09-2019,85.70999908447266,87.91999816894531,2169800,87.91999816894531,85.93000030517578,82.55075073242188
30-09-2019,86.08999633789062,86.1500015258789,2801100,87.88999938964844,87.47000122070312,84.03021240234375
01-10-2019,85.81999969482422,87.63999938964844,1991500,87.94000244140625,85.91000366210938,82.53156280517578
02-10-2019,83.76000213623047,85.5199966430664,2129100,85.76000213623047,84.2300033569336,80.9176254272461
03-10-2019,83.4800033569336,84.0,3113100,85.54000091552734,85.23999786376953,81.88790893554688
04-10-2019,85.48999786376953,85.81999969482422,1319300,86.68000030517578,86.63999938964844,83.23284149169922
07-10-2019,85.76000213623047,86.2300033569336,1205200,86.5,85.79000091552734,82.4162826538086
08-10-2019,84.68000030517578,85.31999969482422,2497900,86.0,85.01000213623047,81.66694641113281
09-10-2019,85.79000091552734,85.79000091552734,2214200,87.18000030517578,86.9000015258789,83.48262023925781
10-10-2019,86.37000274658203,86.37000274658203,2691400,87.98999786376953,87.61000061035156,84.16470336914062
11-10-2019,87.87999725341797,88.5,2283400,89.0,88.02999877929688,84.56819152832031
14-10-2019,87.12999725341797,88.0,1632100,88.30999755859375,87.19999694824219,83.77082061767578
15-10-2019,87.0199966430664,87.66999816894531,1350200,87.95999908447266,87.73999786376953,84.28958892822266
16-10-2019,86.37000274658203,87.25,2301700,88.05999755859375,87.0199966430664,83.59789276123047
17-10-2019,87.16999816894531,87.5,1529200,88.1500015258789,87.8499984741211,84.39527130126953
18-10-2019,87.5,87.62999725341797,1769400,88.2699966430664,87.98999786376953,84.52975463867188
21-10-2019,88.36000061035156,88.4800033569336,1694200,89.0999984741211,88.44999694824219,84.97167205810547
22-10-2019,86.98999786376953,88.58000183105469,1475400,88.70999908447266,87.04000091552734,83.61711120605469
23-10-2019,87.29000091552734,87.29000091552734,2784800,88.33999633789062,87.94999694824219,84.49131774902344
24-10-2019,77.02999877929688,79.5,12806500,82.16999816894531,79.08000183105469,75.97014617919922
25-10-2019,75.66999816894531,77.13999938964844,9896900,77.97000122070312,77.27999877929688,74.24093627929688
28-10-2019,77.01000213623047,77.3499984741211,3658800,78.91999816894531,77.8499984741211,74.78852081298828
29-10-2019,77.05999755859375,77.76000213623047,2965900,78.31999969482422,77.86000061035156,74.79812622070312
30-10-2019,76.2300033569336,77.93000030517578,5089500,77.9800033569336,76.87999725341797,73.85665130615234
31-10-2019,76.41999816894531,76.87000274658203,4535700,77.04000091552734,76.69999694824219,73.68374633789062
01-11-2019,77.04000091552734,77.12000274658203,5046700,78.38999938964844,77.91000366210938,74.84616088867188
04-11-2019,77.12999725341797,78.20999908447266,3026000,78.48999786376953,77.83000183105469,74.76931762695312
05-11-2019,77.11000061035156,78.04000091552734,2638000,78.04000091552734,77.4800033569336,74.43306732177734
06-11-2019,77.31999969482422,77.55999755859375,3214900,78.62999725341797,78.37000274658203,75.28807067871094
07-11-2019,77.5,77.94999694824219,3535500,78.30999755859375,78.0,74.93262481689453
08-11-2019,77.68000030517578,77.77999877929688,3037500,78.66999816894531,78.51000213623047,75.42256927490234
11-11-2019,78.19999694824219,78.31999969482422,3040500,79.3499984741211,78.86000061035156,75.7588119506836
12-11-2019,79.0,79.2300033569336,4688100,80.8499984741211,80.0999984741211,76.95003509521484
13-11-2019,80.12999725341797,80.80000305175781,3788300,81.12999725341797,80.87999725341797,77.6993637084961
14-11-2019,80.43000030517578,80.72000122070312,1995300,81.01000213623047,80.73999786376953,77.56486511230469
15-11-2019,80.54000091552734,80.54000091552734,2030400,81.51000213623047,81.44000244140625,78.23734283447266
18-11-2019,80.8499984741211,81.23999786376953,2556100,81.87999725341797,81.12000274658203,77.92992401123047
19-11-2019,80.73999786376953,81.20999908447266,2310700,81.93000030517578,81.66999816894531,78.45829772949219
20-11-2019,81.3499984741211,81.45999908447266,3250900,82.23999786376953,82.0,78.77532196044922
21-11-2019,81.33000183105469,81.8499984741211,2243900,82.43000030517578,82.25,79.01548767089844
22-11-2019,81.63999938964844,82.02999877929688,3072500,82.25,82.0199966430664,78.79454040527344
25-11-2019,81.87000274658203,82.54000091552734,2271100,82.73999786376953,82.04000091552734,78.81375122070312
26-11-2019,81.83000183105469,82.1500015258789,3778900,82.83000183105469,82.01000213623047,78.78492736816406
27-11-2019,81.75,81.91000366210938,1374800,82.62000274658203,82.45999908447266,79.21723175048828
29-11-2019,81.9000015258789,82.20999908447266,854300,82.87000274658203,81.97000122070312,78.74651336669922
02-12-2019,81.1500015258789,82.0999984741211,1929500,82.41999816894531,81.86000061035156,78.64083862304688
03-12-2019,80.5199966430664,81.30000305175781,1657600,81.61000061035156,81.01000213623047,77.82425689697266
04-12-2019,81.18000030517578,81.18000030517578,1928100,82.61000061035156,82.43000030517578,79.18840789794922
05-12-2019,81.63999938964844,82.23999786376953,1454700,82.66999816894531,82.4800033569336,79.44847869873047
06-12-2019,82.7699966430664,82.80999755859375,2005500,83.52999877929688,83.16999816894531,80.11312103271484
09-12-2019,81.4000015258789,83.12999725341797,2988400,83.12999725341797,81.55000305175781,78.55268096923828
10-12-2019,80.62999725341797,80.81999969482422,3200500,82.51000213623047,82.29000091552734,79.26547241210938
11-12-2019,82.05999755859375,82.44999694824219,2939200,83.12999725341797,83.01000213623047,79.9590072631836
12-12-2019,82.73999786376953,83.1500015258789,2319600,83.80999755859375,83.51000213623047,80.44063568115234
13-12-2019,83.18000030517578,83.63999938964844,1836600,84.04000091552734,83.95999908447266,80.87408447265625
16-12-2019,83.68000030517578,84.5199966430664,2870200,84.69000244140625,83.86000061035156,80.77777099609375
17-12-2019,81.27999877929688,82.68000030517578,3486000,83.2699966430664,83.25,80.1901626586914
18-12-2019,82.98999786376953,83.33000183105469,3911300,83.76000213623047,83.66000366210938,80.58511352539062
19-12-2019,82.0999984741211,83.61000061035156,2814900,83.68000030517578,82.22000122070312,79.19803619384766
20-12-2019,82.25,82.5,3904900,82.97000122070312,82.48999786376953,79.4581069946289
23-12-2019,82.5,82.79000091552734,2201600,84.66000366210938,84.5199966430664,81.41349792480469
24-12-2019,84.1500015258789,84.5199966430664,628600,84.77999877929688,84.69000244140625,81.57726287841797
26-12-2019,83.86000061035156,84.8499984741211,838600,84.91000366210938,84.33000183105469,81.23049926757812
27-12-2019,83.93000030517578,84.56999969482422,798100,84.56999969482422,84.05000305175781,80.96077728271484
30-12-2019,83.06999969482422,84.0999984741211,866300,84.22000122070312,83.43000030517578,80.36357116699219
31-12-2019,83.1500015258789,83.37999725341797,1292700,83.66000366210938,83.62000274658203,80.54659271240234
02-01-2020,84.18000030517578,85.0,2957800,85.87000274658203,85.87000274658203,82.7138900756836
03-01-2020,84.38999938964844,84.4800033569336,1871700,85.76000213623047,85.5,82.35749053955078
06-01-2020,84.1500015258789,85.30000305175781,3500000,85.58999633789062,85.29000091552734,82.15520477294922
07-01-2020,84.69999694824219,84.70999908447266,4803200,85.93000030517578,85.48999786376953,82.34785461425781
08-01-2020,85.54000091552734,85.61000061035156,3576600,86.98999786376953,86.7300033569336,83.54228210449219
09-01-2020,85.86000061035156,86.61000061035156,2098900,87.08000183105469,86.54000091552734,83.3592529296875
10-01-2020,85.6500015258789,86.97000122070312,3118900,87.05000305175781,85.9000015258789,82.7427978515625
13-01-2020,87.0999984741211,87.47000122070312,5007700,90.30000305175781,89.37000274658203,86.08525848388672
14-01-2020,87.88999938964844,88.76000213623047,3836300,89.2699966430664,89.20999908447266,85.93113708496094
15-01-2020,88.69000244140625,89.19999694824219,2561000,89.94999694824219,89.55999755859375,86.26826477050781
16-01-2020,89.31999969482422,90.0,2243900,90.0,89.98999786376953,86.68244934082031
17-01-2020,89.20999908447266,89.83999633789062,4474900,89.93000030517578,89.7300033569336,86.43202209472656
21-01-2020,89.30999755859375,89.5199966430664,4284900,91.87000274658203,91.06999969482422,87.72276306152344
22-01-2020,90.58000183105469,91.61000061035156,2815400,91.86000061035156,91.16000366210938,87.8094711303711
23-01-2020,90.52999877929688,91.02999877929688,2129400,91.43000030517578,91.0999984741211,87.75165557861328
24-01-2020,90.51000213623047,91.23999786376953,1610800,91.47000122070312,90.77999877929688,87.44342041015625
27-01-2020,89.12000274658203,89.68000030517578,2222400,90.95999908447266,90.52999877929688,87.20260620117188
28-01-2020,90.26000213623047,90.69999694824219,1952200,90.94000244140625,90.55000305175781,87.22187805175781
29-01-2020,90.4800033569336,90.70999908447266,1548200,91.16999816894531,90.5,87.1737289428711
30-01-2020,89.2699966430664,89.8499984741211,1608500,90.69999694824219,90.63999938964844,87.30856323242188
31-01-2020,89.05000305175781,90.27999877929688,1796500,90.31999969482422,89.22000122070312,85.94075775146484
03-02-2020,89.6500015258789,89.9800033569336,1498500,90.63999938964844,89.69000244140625,86.39349365234375
04-02-2020,90.06999969482422,90.66000366210938,2213300,91.62000274658203,90.87000274658203,87.53011322021484
05-02-2020,90.44999694824219,91.33000183105469,3185000,91.6500015258789,91.30999755859375,87.95394134521484
06-02-2020,92.75,93.9000015258789,3888400,95.0,93.30000305175781,89.87080383300781
07-02-2020,91.18000030517578,92.70999908447266,2306000,92.95999908447266,91.25,87.89614868164062
10-02-2020,90.25,90.69999694824219,2597700,91.38999938964844,91.27999877929688,87.92504119873047
11-02-2020,91.41999816894531,91.83000183105469,1706500,92.30000305175781,91.8499984741211,88.47409057617188
12-02-2020,91.11000061035156,91.86000061035156,1590900,92.19000244140625,91.43000030517578,88.06953430175781
13-02-2020,90.98999786376953,91.36000061035156,2146100,92.88999938964844,92.56999969482422,89.1676254272461
14-02-2020,91.9000015258789,92.9000015258789,1740200,93.43000030517578,93.13999938964844,89.71668243408203
18-02-2020,91.04000091552734,92.58999633789062,1820600,92.6500015258789,92.22000122070312,88.83050537109375
19-02-2020,92.20999908447266,92.36000061035156,1616300,93.56999969482422,93.16000366210938,89.7359390258789
20-02-2020,92.41000366210938,93.0999984741211,1778200,93.5,93.05999755859375,89.6396255493164
21-02-2020,92.23999786376953,92.66999816894531,1529500,93.16000366210938,92.66999816894531,89.26394653320312
24-02-2020,89.19000244140625,90.7699966430664,2380600,91.33000183105469,89.52999877929688,86.2393569946289
25-02-2020,86.19999694824219,89.81999969482422,2620400,90.2300033569336,86.98999786376953,83.79271697998047
26-02-2020,86.87999725341797,87.79000091552734,3126900,88.69999694824219,87.02999877929688,83.83125305175781
27-02-2020,84.2300033569336,85.25,3004200,87.0199966430664,84.2699966430664,81.37841796875
28-02-2020,80.58999633789062,81.80999755859375,4659600,83.58999633789062,83.47000122070312,80.6058578491211
02-03-2020,82.9000015258789,83.37000274658203,3370100,87.2300033569336,87.18000030517578,84.18855285644531
03-03-2020,84.55999755859375,86.91999816894531,3240700,88.9800033569336,85.91000366210938,82.9621353149414
04-03-2020,87.08999633789062,87.26000213623047,4342500,91.13999938964844,91.05999755859375,87.9354248046875
05-03-2020,86.41999816894531,89.04000091552734,3821800,89.94000244140625,87.6500015258789,84.64244079589844
06-03-2020,82.94999694824219,85.08999633789062,3442800,86.19000244140625,85.37999725341797,82.4503173828125
09-03-2020,78.0999984741211,80.6500015258789,4109100,81.7300033569336,78.4000015258789,75.70983123779297
10-03-2020,78.7300033569336,80.51000213623047,3490500,83.30999755859375,82.9800033569336,80.13267517089844
11-03-2020,76.37999725341797,80.91999816894531,3652900,81.9000015258789,77.97000122070312,75.29458618164062
12-03-2020,71.27999877929688,73.0999984741211,6982400,77.26000213623047,75.47000122070312,72.88036346435547
13-03-2020,73.58999633789062,78.55000305175781,5774200,81.31999969482422,80.98999786376953,78.21095275878906
16-03-2020,69.0999984741211,72.66000366210938,4351900,77.13999938964844,71.56999969482422,69.11418914794922
17-03-2020,72.87999725341797,73.36000061035156,5921700,81.27999877929688,80.51000213623047,77.7474365234375
18-03-2020,75.94999694824219,76.19999694824219,7524300,85.22000122070312,84.58999633789062,81.68742370605469
19-03-2020,77.16000366210938,85.18000030517578,6492100,85.19999694824219,78.16999816894531,75.48770904541016
20-03-2020,74.04000091552734,76.8499984741211,6097400,78.73999786376953,75.75,73.15076446533203
23-03-2020,69.69000244140625,74.8499984741211,4664000,75.08999633789062,71.80999755859375,69.34595489501953
24-03-2020,72.0999984741211,73.06999969482422,4685100,75.7300033569336,73.91000366210938,71.37391662597656
25-03-2020,72.20999908447266,72.77999877929688,5993700,74.86000061035156,73.56999969482422,71.04557037353516
26-03-2020,73.91000366210938,74.43000030517578,4465700,80.73999786376953,80.16999816894531,77.4190902709961
27-03-2020,76.37000274658203,78.0,4446300,80.66999816894531,79.79000091552734,77.05213928222656
30-03-2020,80.30999755859375,80.87000274658203,2371200,82.98999786376953,82.19000244140625,79.36978149414062
31-03-2020,80.76000213623047,81.66000366210938,2767600,84.36000061035156,81.19000244140625,78.40409851074219
01-04-2020,77.81999969482422,78.7699966430664,3017800,80.8499984741211,78.66000366210938,75.96090698242188
02-04-2020,77.9800033569336,78.3499984741211,3161100,82.36000061035156,82.22000122070312,79.39875793457031
03-04-2020,80.19999694824219,81.43000030517578,3271000,82.69000244140625,81.41999816894531,78.62620544433594
06-04-2020,82.79000091552734,84.04000091552734,2874100,85.43000030517578,84.93000030517578,82.01577758789062
07-04-2020,82.4800033569336,86.73999786376953,2793000,87.0,82.51000213623047,79.6788101196289
08-04-2020,82.16000366210938,83.0999984741211,2951500,85.18000030517578,84.4800033569336,81.58120727539062
09-04-2020,83.5,84.43000030517578,3891200,87.80000305175781,86.88999938964844,83.90850067138672
13-04-2020,84.56999969482422,85.61000061035156,2498200,86.5999984741211,86.0,83.0490493774414
14-04-2020,87.02999877929688,87.80999755859375,3784200,88.58000183105469,88.25,85.22184753417969
15-04-2020,86.5199966430664,87.38999938964844,2059200,88.33000183105469,86.88999938964844,83.90850067138672
16-04-2020,86.56999969482422,87.7300033569336,4647200,90.86000061035156,90.52999877929688,87.4236068725586
17-04-2020,91.08000183105469,91.83000183105469,2503900,93.0,92.94999694824219,89.76055908203125
20-04-2020,92.27999877929688,92.9000015258789,4202900,95.19000244140625,94.13999938964844,90.90973663330078
21-04-2020,89.9000015258789,92.81999969482422,2693100,92.83999633789062,90.0999984741211,87.00837707519531
22-04-2020,89.9800033569336,91.4800033569336,3960900,91.4800033569336,90.54000091552734,87.43326568603516
23-04-2020,90.02999877929688,90.87000274658203,3147400,92.38999938964844,91.31999969482422,88.18649291992188
24-04-2020,90.61000061035156,92.26000213623047,2309300,92.9800033569336,92.91999816894531,89.73159790039062
27-04-2020,92.47000122070312,94.0,2318400,94.01000213623047,92.66999816894531,89.49016571044922
28-04-2020,90.83999633789062,92.95999908447266,2174300,93.01000213623047,91.0,87.87748718261719
29-04-2020,90.58000183105469,91.55000305175781,3023000,92.41000366210938,91.48999786376953,88.35066986083984
30-04-2020,88.52999877929688,92.13999938964844,3588900,93.26000213623047,88.77999877929688,85.73365020751953
01-05-2020,86.5999984741211,88.51000213623047,2644900,88.51000213623047,87.83999633789062,84.8259048461914
04-05-2020,86.56999969482422,88.16999816894531,2679800,88.3499984741211,87.2699966430664,84.27546691894531
05-05-2020,87.83000183105469,88.20999908447266,2571900,89.68000030517578,88.73999786376953,85.69503021240234
06-05-2020,87.87000274658203,89.12999725341797,1866300,89.56999969482422,87.91999816894531,84.9031753540039
07-05-2020,87.75,88.87999725341797,1526400,89.02999877929688,88.44000244140625,85.40531921386719
08-05-2020,87.83000183105469,89.48999786376953,1318200,89.66000366210938,88.08000183105469,85.05768585205078
11-05-2020,87.41000366210938,87.76000213623047,2401800,89.44999694824219,88.93000030517578,85.87850952148438
12-05-2020,85.80000305175781,89.41000366210938,2550700,89.7699966430664,85.88999938964844,82.94282531738281
13-05-2020,84.61000061035156,85.88999938964844,3002300,86.98999786376953,85.55000305175781,82.61449432373047
14-05-2020,84.29000091552734,84.48999786376953,4521900,87.23999786376953,86.91999816894531,83.93748474121094
15-05-2020,85.94999694824219,86.81999969482422,3430000,88.31999969482422,87.16000366210938,84.16924285888672
18-05-2020,86.5,88.41999816894531,4210300,89.23999786376953,86.81999969482422,83.84090423583984
19-05-2020,86.16999816894531,86.62999725341797,2393100,87.66999816894531,86.5199966430664,83.55120086669922
20-05-2020,87.0199966430664,87.43000030517578,3312100,89.38999938964844,87.41999816894531,84.42031860351562
21-05-2020,85.81999969482422,87.19000244140625,1534100,87.58000183105469,86.55999755859375,83.58982849121094
22-05-2020,86.2699966430664,86.87999725341797,1345300,87.0999984741211,86.93000030517578,83.94712829589844
26-05-2020,85.29000091552734,87.91000366210938,3006600,87.97000122070312,85.51000213623047,82.57586669921875
27-05-2020,83.66000366210938,85.13999938964844,4007700,86.5,86.44000244140625,83.47396087646484
28-05-2020,86.66000366210938,87.75,4514900,88.80000305175781,88.19999694824219,85.17355346679688
29-05-2020,87.8499984741211,88.5999984741211,5070300,90.11000061035156,90.01000213623047,86.92146301269531
01-06-2020,89.37000274658203,89.61000061035156,1768000,90.93000030517578,90.38999938964844,87.28842163085938
02-06-2020,89.77999877929688,90.30000305175781,2041600,90.9800033569336,90.9800033569336,87.8581771850586
03-06-2020,90.0199966430664,91.0,1759400,91.58000183105469,90.4800033569336,87.37533569335938
04-06-2020,88.16999816894531,89.2300033569336,1794400,90.05000305175781,88.62999725341797,85.82118225097656
05-06-2020,88.18000030517578,88.91000366210938,2837100,89.88999938964844,89.19000244140625,86.36343383789062
08-06-2020,86.73999786376953,87.58999633789062,4814000,89.1500015258789,88.77999877929688,85.9664306640625
09-06-2020,87.01000213623047,89.06999969482422,2666000,89.45999908447266,87.01000213623047,84.25252532958984
10-06-2020,86.19000244140625,87.41999816894531,3076100,87.76000213623047,86.83999633789062,84.0879135131836
11-06-2020,83.23999786376953,86.0,4084300,86.2300033569336,83.56999969482422,80.92153930664062
12-06-2020,82.7699966430664,85.31999969482422,4703800,85.33999633789062,83.97000122070312,81.30887603759766
15-06-2020,82.45999908447266,82.94999694824219,4328700,84.30000305175781,83.77999877929688,81.12489318847656
16-06-2020,83.91999816894531,85.36000061035156,3735800,86.01000213623047,84.98999786376953,82.29654693603516
17-06-2020,84.56999969482422,85.33000183105469,1992700,85.79000091552734,85.0999984741211,82.4030532836914
18-06-2020,83.52999877929688,84.51000213623047,1856800,84.93000030517578,83.8499984741211,81.19267272949219
19-06-2020,84.02999877929688,85.0,4432700,85.29000091552734,84.48999786376953,81.81238555908203
22-06-2020,83.37000274658203,84.41999816894531,1932300,84.66000366210938,83.95999908447266,81.29918670654297
23-06-2020,83.37999725341797,84.33999633789062,2655400,84.66999816894531,83.48999786376953,80.84408569335938
24-06-2020,81.3499984741211,83.12999725341797,3289500,83.45999908447266,82.47000122070312,79.85640716552734
25-06-2020,82.3499984741211,82.5999984741211,3941600,85.4800033569336,85.33000183105469,82.62576293945312
26-06-2020,83.80999755859375,85.19000244140625,3654600,85.5,84.30999755859375,81.63809967041016
29-06-2020,83.66000366210938,84.8499984741211,3412600,84.95999908447266,84.2300033569336,81.56062316894531
30-06-2020,84.0999984741211,84.16000366210938,3343700,86.31999969482422,86.0999984741211,83.3713607788086
01-07-2020,86.23999786376953,86.47000122070312,2755900,87.6500015258789,87.30999755859375,84.54302215576172
02-07-2020,86.93000030517578,87.63999938964844,2536800,87.66000366210938,87.20999908447266,84.4461898803711
06-07-2020,87.55999755859375,87.7699966430664,2724400,88.5,88.11000061035156,85.31767272949219
07-07-2020,84.95999908447266,86.7300033569336,4541600,87.2300033569336,85.5,82.79039001464844
08-07-2020,83.7300033569336,85.80000305175781,3722500,85.94000244140625,84.18000030517578,81.51222229003906
09-07-2020,84.19999694824219,84.19999694824219,2445800,86.01000213623047,85.69000244140625,82.974365234375
10-07-2020,84.77999877929688,85.54000091552734,2213300,85.93000030517578,85.2300033569336,82.52894592285156
13-07-2020,83.23999786376953,85.51000213623047,3028100,86.0,83.45999908447266,80.81503295898438
14-07-2020,82.87999725341797,82.97000122070312,4071100,84.66999816894531,84.6500015258789,81.96732330322266
15-07-2020,85.37999725341797,85.91000366210938,2587000,87.5199966430664,87.08999633789062,84.3299789428711
16-07-2020,85.5,87.11000061035156,1187800,87.11000061035156,85.80999755859375,83.09054565429688
17-07-2020,86.0199966430664,86.30000305175781,1980200,87.80000305175781,87.55999755859375,84.78510284423828
20-07-2020,86.8499984741211,87.51000213623047,1411100,88.0,87.81999969482422,85.0368423461914
21-07-2020,87.81999969482422,87.93000030517578,1528400,88.93000030517578,88.66999816894531,85.85990905761719
22-07-2020,88.25,88.66999816894531,1619800,89.44000244140625,89.19999694824219,86.37311553955078
23-07-2020,89.08999633789062,89.08999633789062,2013500,90.80999755859375,89.48999786376953,86.65392303466797
24-07-2020,88.33000183105469,89.31999969482422,2362000,89.41999816894531,89.26000213623047,86.43122100830078
27-07-2020,89.02999877929688,89.33000183105469,1419600,90.36000061035156,89.29000091552734,86.46027374267578
28-07-2020,88.87000274658203,89.37000274658203,1288600,89.79000091552734,89.26000213623047,86.43122100830078
29-07-2020,89.27999877929688,89.41999816894531,2220500,91.44999694824219,90.7300033569336,87.85464477539062
30-07-2020,82.91999816894531,85.0,8532500,86.11000061035156,86.01000213623047,83.28422546386719
31-07-2020,84.76000213623047,85.68000030517578,4038200,86.63999938964844,86.37999725341797,83.64248657226562
03-08-2020,83.12000274658203,86.95999908447266,4450800,87.12000274658203,83.16000366210938,80.52454376220703
04-08-2020,80.93000030517578,82.7699966430664,5473300,83.23999786376953,81.08000183105469,78.51046752929688
05-08-2020,80.06999969482422,81.44999694824219,5130400,82.11000061035156,80.45999908447266,77.91010284423828
06-08-2020,78.68000030517578,80.20999908447266,5485200,80.38999938964844,80.37000274658203,77.82295989990234
07-08-2020,79.98999786376953,80.48999786376953,3401000,81.11000061035156,80.7300033569336,78.17155456542969
10-08-2020,80.37000274658203,80.83999633789062,5767100,83.36000061035156,83.0999984741211,80.4664535522461
11-08-2020,82.72000122070312,83.5,3685200,84.29000091552734,82.94000244140625,80.3115234375
12-08-2020,82.41999816894531,83.16999816894531,3170000,83.81999969482422,83.4800033569336,80.83441162109375
13-08-2020,83.16999816894531,83.18000030517578,3301000,84.91999816894531,84.63999938964844,81.9576416015625
14-08-2020,83.18000030517578,84.48999786376953,2757000,84.7300033569336,83.5,80.85377502441406
17-08-2020,83.37000274658203,83.37000274658203,2583900,84.48999786376953,83.69999694824219,81.04743194580078
18-08-2020,83.77999877929688,84.0,2289400,84.5199966430664,84.2699966430664,81.59937286376953
19-08-2020,82.66000366210938,84.33000183105469,3174500,84.5,82.88999938964844,80.26309967041016
20-08-2020,82.41000366210938,82.55000305175781,2391900,83.23999786376953,82.88999938964844,80.26309967041016
21-08-2020,82.12999725341797,83.0,2975800,83.13999938964844,83.08999633789062,80.4567642211914
24-08-2020,82.87999725341797,83.5199966430664,2642800,83.88999938964844,83.8499984741211,81.19267272949219
25-08-2020,83.81999969482422,83.9800033569336,2775900,84.76000213623047,84.5999984741211,81.91889953613281
26-08-2020,83.26000213623047,84.11000061035156,2067100,84.48999786376953,84.3499984741211,81.67682647705078
27-08-2020,84.13999938964844,84.5999984741211,3252200,86.88999938964844,86.2699966430664,83.53598022460938
28-08-2020,84.86000061035156,86.38999938964844,2516400,86.47000122070312,86.02999877929688,83.54084014892578
31-08-2020,86.18000030517578,86.25,2736900,87.25,87.06999969482422,84.5507583618164
01-09-2020,84.97000122070312,86.9000015258789,3102700,86.9800033569336,85.55000305175781,83.0747299194336
02-09-2020,85.16999816894531,85.73999786376953,5148500,86.16000366210938,85.91000366210938,83.42431640625
03-09-2020,82.76000213623047,85.7699966430664,3139700,86.13999938964844,83.47000122070312,81.05490112304688
04-09-2020,81.48999786376953,83.12000274658203,3143800,83.77999877929688,82.30000305175781,79.91876220703125
08-09-2020,80.8499984741211,81.80999755859375,2819500,82.30000305175781,81.29000091552734,78.93798065185547
09-09-2020,81.70999908447266,82.01000213623047,2759800,83.45999908447266,82.86000061035156,80.46256256103516
10-09-2020,82.2300033569336,82.75,2620400,83.55999755859375,83.12999725341797,80.72473907470703
11-09-2020,82.45999908447266,83.36000061035156,2342900,83.83999633789062,83.0999984741211,80.69561767578125
14-09-2020,83.08000183105469,83.58999633789062,1833400,84.63999938964844,83.19000244140625,80.78301239013672
15-09-2020,80.36000061035156,83.6500015258789,3446600,83.6500015258789,80.51000213623047,78.1805419921875
16-09-2020,80.5199966430664,81.08999633789062,3769300,81.98999786376953,81.68000030517578,79.31671142578125
17-09-2020,80.51000213623047,81.05999755859375,2607400,82.38999938964844,82.31999969482422,79.93817138671875
18-09-2020,82.16000366210938,82.16000366210938,5497500,83.79000091552734,82.97000122070312,80.56936645507812
21-09-2020,79.23999786376953,81.80999755859375,2721000,81.86000061035156,80.25,77.9280776977539
22-09-2020,78.02999877929688,80.0999984741211,3184400,80.22000122070312,79.05000305175781,76.76280212402344
23-09-2020,78.27999877929688,79.4000015258789,2028200,79.87000274658203,78.33000183105469,76.0636215209961
24-09-2020,77.72000122070312,78.4000015258789,3797400,79.36000061035156,78.69999694824219,76.42291259765625
25-09-2020,78.25,78.47000122070312,2231300,79.95999908447266,79.63999938964844,77.33572387695312
28-09-2020,79.37999725341797,80.55999755859375,1793200,81.0999984741211,79.54000091552734,77.23861694335938
29-09-2020,79.0199966430664,79.38999938964844,3590500,80.41000366210938,79.08999633789062,76.8016357421875
30-09-2020,79.02999877929688,79.48999786376953,3055500,81.19999694824219,80.41999816894531,78.09314727783203
01-10-2020,79.44000244140625,82.0199966430664,2110300,82.38999938964844,79.72000122070312,77.41341400146484
02-10-2020,78.63999938964844,79.33999633789062,1536700,79.93000030517578,78.83000183105469,76.54915618896484
05-10-2020,79.06999969482422,79.16999816894531,2398800,80.69000244140625,80.56999969482422,78.23880767822266
06-10-2020,80.27999877929688,80.4800033569336,2565500,81.97000122070312,80.45999908447266,78.13198852539062
07-10-2020,80.2699966430664,80.91000366210938,1506600,82.0199966430664,81.6500015258789,79.28755950927734
08-10-2020,78.55999755859375,81.0,4324400,81.30000305175781,78.8499984741211,76.5685806274414
09-10-2020,77.7300033569336,78.8499984741211,4039100,79.04000091552734,78.5,76.22870635986328
12-10-2020,78.54000091552734,78.83000183105469,2714500,79.98999786376953,79.62999725341797,77.32601928710938
13-10-2020,79.29000091552734,79.4800033569336,1972600,80.83000183105469,80.0999984741211,77.78240966796875
14-10-2020,80.0,80.31999969482422,1658700,81.33999633789062,80.04000091552734,77.7241439819336
15-10-2020,79.2300033569336,79.23999786376953,2154200,80.7300033569336,80.55999755859375,78.22909545898438
16-10-2020,80.62999725341797,80.62999725341797,1779800,82.30999755859375,81.81999969482422,79.45263671875
19-10-2020,80.75,81.87000274658203,2627900,82.61000061035156,81.19000244140625,78.84087371826172
20-10-2020,80.77999877929688,81.51000213623047,3188200,81.83999633789062,81.13999938964844,78.79232025146484
21-10-2020,80.79000091552734,81.31999969482422,2788100,82.2300033569336,81.73999786376953,79.37496185302734
22-10-2020,81.2699966430664,81.87000274658203,1933800,82.41999816894531,81.44999694824219,79.09334564208984
23-10-2020,80.83999633789062,81.7300033569336,1677000,81.93000030517578,81.08999633789062,78.74375915527344
26-10-2020,79.52999877929688,80.26000213623047,2380600,80.93000030517578,80.01000213623047,77.69501495361328
27-10-2020,80.33000183105469,80.58999633789062,3333400,82.0,80.62000274658203,78.2873764038086
28-10-2020,78.11000061035156,79.44000244140625,3098600,79.94000244140625,78.1500015258789,75.88883209228516
29-10-2020,77.08999633789062,79.06999969482422,3326400,79.91000366210938,78.08000183105469,75.82086181640625
30-10-2020,76.02999877929688,77.26000213623047,2644200,78.12000274658203,77.56999969482422,75.32562255859375
02-11-2020,77.87000274658203,78.1500015258789,2228800,79.76000213623047,78.66999816894531,76.39379119873047
03-11-2020,77.22000122070312,78.80000305175781,3807700,80.20999908447266,77.26000213623047,75.02458953857422
04-11-2020,75.5199966430664,78.16000366210938,6719400,78.81999969482422,75.66999816894531,73.48057556152344
05-11-2020,76.05999755859375,77.0999984741211,4611000,78.4000015258789,77.76000213623047,75.51012420654297
06-11-2020,77.69999694824219,78.1500015258789,3141100,79.22000122070312,78.93000030517578,76.6462631225586
09-11-2020,80.87000274658203,81.73999786376953,5990800,82.83999633789062,80.97000122070312,78.62723541259766
10-11-2020,79.16000366210938,81.19999694824219,5213100,81.9000015258789,81.55000305175781,79.19046020507812
11-11-2020,80.37999725341797,81.98999786376953,5525100,82.33000183105469,80.93000030517578,78.58839416503906
12-11-2020,80.5199966430664,80.80999755859375,3289200,82.18000030517578,81.66000366210938,79.29727935791016
13-11-2020,81.66000366210938,81.88999938964844,2195000,82.80000305175781,82.36000061035156,79.97703552246094
16-11-2020,80.23999786376953,82.83000183105469,3391200,82.87999725341797,80.9800033569336,78.63694763183594
17-11-2020,80.08000183105469,80.44999694824219,3877200,80.87999725341797,80.77999877929688,78.44274139404297
18-11-2020,80.37000274658203,80.73999786376953,3946100,81.37999725341797,80.41999816894531,78.09314727783203
19-11-2020,78.22000122070312,80.33000183105469,2622800,80.36000061035156,78.87999725341797,76.59770965576172
20-11-2020,76.98999786376953,78.63999938964844,2878800,78.95999908447266,77.0199966430664,74.79151153564453
23-11-2020,75.30999755859375,76.73999786376953,3049400,77.0199966430664,75.7699966430664,73.57769012451172
24-11-2020,75.27999877929688,76.01000213623047,4588500,76.55999755859375,76.02999877929688,73.83016967773438
25-11-2020,75.19999694824219,76.1500015258789,1910700,76.16000366210938,75.38999938964844,73.20869445800781
27-11-2020,75.36000061035156,75.76000213623047,811800,76.23999786376953,75.97000122070312,73.77190399169922
30-11-2020,75.61000061035156,76.12000274658203,5824500,76.88999938964844,76.06999969482422,73.8690185546875
01-12-2020,75.4000015258789,76.61000061035156,3037900,77.08999633789062,75.51000213623047,73.32522583007812
02-12-2020,74.79000091552734,75.80999755859375,4112900,76.36000061035156,76.3499984741211,74.14090728759766
03-12-2020,75.37999725341797,75.52999877929688,5419500,76.5199966430664,76.31999969482422,74.35037994384766
04-12-2020,76.0999984741211,76.19999694824219,3223500,78.27999877929688,78.0,75.98700714111328
07-12-2020,77.5,77.79000091552734,3816400,78.63999938964844,77.7699966430664,75.762939453125
08-12-2020,76.79000091552734,77.54000091552734,3628600,78.26000213623047,77.93000030517578,75.91881561279297
09-12-2020,77.91999816894531,77.95999908447266,5307900,80.5999984741211,79.30000305175781,77.25347137451172
10-12-2020,79.12000274658203,79.58000183105469,2793700,80.06999969482422,79.16000366210938,77.11707305908203
11-12-2020,77.7300033569336,78.72000122070312,3881500,79.51000213623047,79.33999633789062,77.29241943359375
14-12-2020,78.81999969482422,79.80999755859375,3686800,80.5999984741211,78.83000183105469,76.79558563232422
15-12-2020,78.18000030517578,78.30000305175781,2923500,79.94999694824219,79.62000274658203,77.56519317626953
16-12-2020,79.37999725341797,79.63999938964844,2331400,80.91000366210938,80.0,77.9354019165039
17-12-2020,80.01000213623047,80.26000213623047,2471400,81.62999725341797,81.04000091552734,78.94855499267578
18-12-2020,80.33000183105469,80.9800033569336,4513700,81.26000213623047,80.86000061035156,78.77320861816406
21-12-2020,78.02999877929688,80.04000091552734,2472200,80.12000274658203,79.05000305175781,77.00992584228516
22-12-2020,78.08000183105469,78.2699966430664,2370300,79.4800033569336,78.66000366210938,76.6299819946289
23-12-2020,78.44000244140625,79.0,1979200,79.38999938964844,78.75,76.7176513671875
24-12-2020,78.6500015258789,78.80999755859375,743200,79.61000061035156,79.58999633789062,77.5359878540039
28-12-2020,78.83999633789062,79.87999725341797,1254500,80.16000366210938,79.26000213623047,77.21449279785156
29-12-2020,79.69999694824219,79.86000061035156,1366100,80.44999694824219,80.0,77.9354019165039
30-12-2020,79.0999984741211,80.16999816894531,1344700,80.3499984741211,79.19999694824219,77.15603637695312
31-12-2020,78.72000122070312,79.19999694824219,1770200,80.29000091552734,80.23999786376953,78.16919708251953
04-01-2021,79.30999755859375,80.48999786376953,3467100,80.98999786376953,80.12000274658203,78.05230712890625
05-01-2021,79.48999786376953,80.12999725341797,2714100,81.7300033569336,81.22000122070312,79.12390899658203
06-01-2021,79.5999984741211,79.5999984741211,3062200,81.43000030517578,80.94000244140625,78.85113525390625
07-01-2021,80.37000274658203,80.95999908447266,1688400,81.72000122070312,81.48999786376953,79.38693237304688
08-01-2021,81.04000091552734,81.52999877929688,1728300,82.13999938964844,81.69999694824219,79.5915298461914
11-01-2021,81.31999969482422,82.19999694824219,2285500,82.88999938964844,82.47000122070312,80.3416519165039
12-01-2021,79.88999938964844,82.04000091552734,2897700,82.36000061035156,80.55999755859375,78.4809341430664
13-01-2021,80.23999786376953,80.41999816894531,4140100,82.8499984741211,82.4000015258789,80.2734603881836
14-01-2021,79.83999633789062,81.97000122070312,3308800,82.37999725341797,80.05000305175781,77.98411560058594
15-01-2021,79.22000122070312,80.05000305175781,1646200,80.2699966430664,80.04000091552734,77.97435760498047
19-01-2021,78.55999755859375,80.55999755859375,3018100,80.6500015258789,78.83000183105469,76.79558563232422
20-01-2021,78.5199966430664,78.66000366210938,2903700,79.75,79.5199966430664,77.4677734375
21-01-2021,78.8499984741211,79.16999816894531,2278600,80.33999633789062,80.01000213623047,77.94513702392578
22-01-2021,79.51000213623047,80.02999877929688,1294600,80.13999938964844,79.51000213623047,77.45803833007812
25-01-2021,79.13999938964844,79.4800033569336,1683500,80.72000122070312,80.0999984741211,78.0328140258789
26-01-2021,79.12999725341797,80.08999633789062,1606400,81.05000305175781,80.80999755859375,78.72449493408203
27-01-2021,77.76000213623047,80.11000061035156,2822100,80.44000244140625,78.0199966430664,76.00648498535156
28-01-2021,77.12000274658203,78.22000122070312,4950500,79.22000122070312,77.1500015258789,75.15894317626953
29-01-2021,74.98999786376953,75.19999694824219,4084200,77.77999877929688,76.83000183105469,74.84721374511719
01-02-2021,76.18000030517578,77.47000122070312,3291700,77.91000366210938,76.37999725341797,74.4088134765625
02-02-2021,76.45999908447266,77.01000213623047,4132600,77.80000305175781,76.5199966430664,74.54520416259766
03-02-2021,75.83999633789062,76.33000183105469,2488900,77.87000274658203,77.29000091552734,75.29533386230469
04-02-2021,76.55999755859375,76.68000030517578,3495700,80.48999786376953,77.18000030517578,75.18817901611328
05-02-2021,77.13999938964844,77.4800033569336,1824500,78.05999755859375,77.30000305175781,75.3050765991211
08-02-2021,77.01000213623047,77.54000091552734,2204600,78.16999816894531,77.5999984741211,75.59732818603516
09-02-2021,76.76000213623047,77.6500015258789,1804000,77.72000122070312,76.98999786376953,75.00308227539062
10-02-2021,77.02999877929688,77.52999877929688,5499600,78.05999755859375,77.61000061035156,75.60707092285156
11-02-2021,77.62000274658203,78.12999725341797,1798900,78.16999816894531,77.86000061035156,75.85062408447266
12-02-2021,77.76000213623047,78.0,3542800,78.9800033569336,78.7300033569336,76.69817352294922
16-02-2021,77.26000213623047,78.68000030517578,2665800,79.08999633789062,77.80000305175781,75.79216766357422
17-02-2021,76.8499984741211,77.33999633789062,3570500,77.87000274658203,77.68000030517578,75.6752700805664
18-02-2021,77.52999877929688,77.80000305175781,2185400,79.33000183105469,78.83000183105469,76.79558563232422
19-02-2021,77.8499984741211,78.83000183105469,2926400,79.13999938964844,78.44000244140625,76.41565704345703
22-02-2021,77.68000030517578,77.94999694824219,2653500,79.0999984741211,78.87000274658203,76.8345718383789
23-02-2021,77.94999694824219,79.44999694824219,3434400,80.38999938964844,78.13999938964844,76.12339782714844
24-02-2021,77.4800033569336,78.25,2503700,78.66999816894531,78.51000213623047,76.48385620117188
25-02-2021,77.9800033569336,78.22000122070312,2613100,78.9000015258789,78.6500015258789,76.86007690429688
26-02-2021,76.80000305175781,78.80999755859375,4875400,78.94000244140625,77.69000244140625,75.92193603515625
01-03-2021,77.5999984741211,78.06999969482422,3914100,78.38999938964844,77.94000244140625,76.16625213623047
02-03-2021,77.62999725341797,78.41999816894531,3433400,78.98999786376953,77.68000030517578,75.91214752197266
03-03-2021,76.51000213623047,77.26000213623047,2469700,77.58000183105469,77.1500015258789,75.39422607421875
04-03-2021,75.9000015258789,77.16999816894531,3920400,77.27999877929688,76.41999816894531,74.68083953857422
05-03-2021,76.83000183105469,76.91000366210938,2456400,78.30000305175781,78.05999755859375,76.28350067138672
08-03-2021,77.6500015258789,78.20999908447266,1553500,79.30000305175781,78.27999877929688,76.4985122680664
09-03-2021,77.23999786376953,78.55000305175781,1976500,79.16000366210938,77.2699966430664,75.51148986816406
10-03-2021,76.95999908447266,77.3499984741211,2089400,77.87000274658203,77.72000122070312,75.95124816894531
11-03-2021,77.11000061035156,77.63999938964844,1637600,78.04000091552734,77.73999786376953,75.9708023071289
12-03-2021,77.55000305175781,78.0,1462500,78.37999725341797,77.95999908447266,76.185791015625
15-03-2021,77.55999755859375,78.01000213623047,1482700,78.69000244140625,78.66999816894531,76.879638671875
16-03-2021,78.02999877929688,78.68000030517578,1919600,78.95999908447266,78.93000030517578,77.13370513916016
17-03-2021,78.68000030517578,79.12999725341797,3792700,80.20999908447266,79.69000244140625,77.87641143798828
18-03-2021,79.51000213623047,79.58999633789062,2060100,80.5199966430664,79.86000061035156,78.04254913330078
19-03-2021,79.47000122070312,79.79000091552734,3976500,80.83000183105469,80.30000305175781,78.47254180908203
22-03-2021,79.51000213623047,79.80000305175781,3121400,81.54000091552734,81.23999786376953,79.3911361694336
23-03-2021,81.25,81.4000015258789,2732400,82.58000183105469,81.5999984741211,79.74296569824219
24-03-2021,81.02999877929688,81.19000244140625,2282900,82.44999694824219,82.08000183105469,80.21202850341797
25-03-2021,82.12999725341797,82.52999877929688,3634900,83.62000274658203,83.41000366210938,81.51176452636719
26-03-2021,83.16999816894531,83.41000366210938,4634100,86.08999633789062,85.94999694824219,83.99394989013672
29-03-2021,84.72000122070312,85.4800033569336,3124000,86.55999755859375,86.02999877929688,84.07213592529297
30-03-2021,85.12000274658203,85.7699966430664,3778900,86.37999725341797,85.58000183105469,83.63236999511719
31-03-2021,84.29000091552734,85.6500015258789,3100200,85.86000061035156,84.33999633789062,82.42058563232422
01-04-2021,83.37999725341797,84.12999725341797,2298600,84.54000091552734,84.31999969482422,82.40104675292969
05-04-2021,84.33999633789062,84.75,1893900,85.69999694824219,85.27999877929688,83.33919525146484
06-04-2021,84.43000030517578,84.66000366210938,1885800,85.26000213623047,84.91999816894531,82.9874038696289
07-04-2021,84.30000305175781,85.04000091552734,1017000,85.2300033569336,84.69000244140625,82.76262664794922
08-04-2021,83.94999694824219,84.83999633789062,2174700,85.29000091552734,84.0,82.08833312988281
09-04-2021,83.80000305175781,84.30999755859375,2781300,84.93000030517578,84.91999816894531,82.9874038696289
12-04-2021,84.37999725341797,85.0,1726300,85.48999786376953,84.54000091552734,82.61604309082031
13-04-2021,83.7300033569336,83.77999877929688,1504700,85.25,84.79000091552734,82.8603515625
14-04-2021,84.16999816894531,84.80000305175781,1576500,84.94000244140625,84.63999938964844,82.71376037597656
15-04-2021,84.6500015258789,84.69999694824219,2879700,86.41999816894531,85.80000305175781,83.84737396240234
16-04-2021,85.9000015258789,86.26000213623047,2884600,86.8499984741211,86.55999755859375,84.59007263183594
19-04-2021,85.73999786376953,86.43000030517578,2706600,86.72000122070312,86.5199966430664,84.55097961425781
20-04-2021,86.56999969482422,86.66000366210938,2041400,87.95999908447266,87.06999969482422,85.08847045898438
21-04-2021,87.37000274658203,87.73999786376953,1839800,88.11000061035156,87.9000015258789,85.89957427978516
22-04-2021,87.29000091552734,87.88999938964844,2423000,88.30000305175781,88.01000213623047,86.00707244873047
23-04-2021,87.4800033569336,87.86000061035156,2377300,88.31999969482422,87.87000274658203,85.8702621459961
26-04-2021,87.01000213623047,88.0,1644300,88.0,87.36000061035156,85.37186431884766
27-04-2021,86.16999816894531,86.97000122070312,1657200,87.20999908447266,86.76000213623047,84.78553009033203
28-04-2021,86.44000244140625,86.88999938964844,1999600,87.2300033569336,86.98999786376953,85.01028442382812
29-04-2021,83.83000183105469,87.55999755859375,2486900,87.55999755859375,85.3499984741211,83.40760803222656
30-04-2021,84.91000366210938,85.5999984741211,2805500,85.95999908447266,85.69000244140625,83.73987579345703
03-05-2021,85.69999694824219,86.0199966430664,2004800,86.86000061035156,86.54000091552734,84.57051849365234
04-05-2021,86.2699966430664,86.93000030517578,2732700,87.66000366210938,87.44000244140625,85.4500503540039
05-05-2021,86.13999938964844,87.37999725341797,2424000,87.37999725341797,86.69999694824219,84.72687530517578
06-05-2021,86.3499984741211,86.54000091552734,1989100,87.58000183105469,87.52999877929688,85.5379867553711
07-05-2021,86.4000015258789,87.47000122070312,2486500,87.91999816894531,86.62000274658203,84.64871215820312
10-05-2021,86.45999908447266,87.18000030517578,3584400,87.56999969482422,86.48999786376953,84.52166748046875
11-05-2021,83.54000091552734,86.45999908447266,4241200,86.76000213623047,83.58000183105469,81.67788696289062
12-05-2021,83.02999877929688,83.44999694824219,2426100,83.91999816894531,83.0999984741211,81.20880889892578
13-05-2021,82.8499984741211,83.05000305175781,2955300,83.83000183105469,83.4000015258789,81.50199127197266
14-05-2021,83.51000213623047,83.72000122070312,2193500,84.37999725341797,83.86000061035156,81.95152282714844
17-05-2021,82.77999877929688,83.8499984741211,2372700,84.18000030517578,82.8499984741211,80.96450805664062
18-05-2021,82.08000183105469,82.51000213623047,2110800,83.4000015258789,82.93000030517578,81.04267883300781
19-05-2021,82.02999877929688,82.69999694824219,1765600,82.87999725341797,82.4800033569336,80.6029281616211
20-05-2021,82.44000244140625,82.51000213623047,1950300,83.41999816894531,82.95999908447266,81.0719985961914
21-05-2021,83.04000091552734,83.06999969482422,1596200,83.88999938964844,83.05999755859375,81.16972351074219
24-05-2021,82.73999786376953,83.2300033569336,1676400,83.52999877929688,82.7699966430664,80.88631439208984
25-05-2021,82.23999786376953,82.55000305175781,2330500,82.8499984741211,82.3499984741211,80.47588348388672
26-05-2021,81.4800033569336,81.7300033569336,2994800,82.72000122070312,82.41999816894531,80.5442886352539
27-05-2021,81.19000244140625,82.5199966430664,5048600,82.52999877929688,81.80999755859375,79.94817352294922
28-05-2021,81.87999725341797,82.29000091552734,3617300,82.63999938964844,82.12000274658203,80.25111389160156
01-06-2021,82.0199966430664,82.45999908447266,3355600,82.77999877929688,82.13999938964844,80.27066802978516
02-06-2021,81.30000305175781,82.29000091552734,2461100,82.43000030517578,81.5999984741211,79.74296569824219
03-06-2021,80.66000366210938,81.12999725341797,2397200,81.87000274658203,81.69000244140625,80.10578155517578
04-06-2021,81.93000030517578,82.12999725341797,1938300,82.44000244140625,82.25,80.6549072265625
07-06-2021,81.1500015258789,82.30999755859375,2753000,82.41000366210938,81.26000213623047,79.68412017822266
08-06-2021,80.26000213623047,81.62000274658203,2489500,81.69000244140625,81.08999633789062,79.51740264892578
09-06-2021,81.16999816894531,81.37000274658203,1707200,82.37999725341797,82.3499984741211,80.75297546386719
10-06-2021,82.29000091552734,82.33999633789062,3455700,84.16999816894531,84.08999633789062,82.45923614501953
11-06-2021,82.12000274658203,84.25,6107100,84.5,82.23999786376953,80.64511108398438
14-06-2021,81.62000274658203,82.30000305175781,2994500,82.81999969482422,82.7699966430664,81.16482543945312
15-06-2021,81.55000305175781,82.7699966430664,2286300,82.9000015258789,81.94999694824219,80.36073303222656
16-06-2021,81.55999755859375,82.06999969482422,1911200,82.4800033569336,81.7699966430664,80.18421173095703
17-06-2021,80.7699966430664,81.5,2668300,81.95999908447266,81.1500015258789,79.57625579833984
18-06-2021,80.27999877929688,80.61000061035156,4311300,81.44999694824219,80.81999969482422,79.25264739990234
21-06-2021,80.41000366210938,81.13999938964844,2042300,81.72000122070312,81.51000213623047,79.92926788330078
22-06-2021,81.13999938964844,81.5199966430664,1937300,81.68000030517578,81.33000183105469,79.75275421142578
23-06-2021,80.91000366210938,81.29000091552734,3107200,81.62999725341797,80.93000030517578,79.36051177978516
24-06-2021,80.9800033569336,81.23999786376953,1972700,81.77999877929688,81.4000015258789,79.82140350341797
25-06-2021,81.56999969482422,81.5999984741211,6398300,82.52999877929688,82.19000244140625,80.59607696533203
28-06-2021,81.22000122070312,82.43000030517578,2290300,82.43000030517578,81.6500015258789,80.0665512084961
29-06-2021,81.29000091552734,81.58999633789062,1740600,82.04000091552734,81.86000061035156,80.27247619628906
30-06-2021,80.27999877929688,81.94000244140625,3139000,81.98999786376953,80.5,78.93885040283203
01-07-2021,80.3499984741211,80.44999694824219,4813200,81.62000274658203,81.47000122070312,79.89005279541016
02-07-2021,81.27999877929688,81.47000122070312,2826400,81.81999969482422,81.76000213623047,80.17442321777344
06-07-2021,80.22000122070312,81.5,3312600,81.72000122070312,81.06999969482422,79.49779510498047
07-07-2021,80.73999786376953,81.16000366210938,1676300,81.87000274658203,81.8499984741211,80.2626724243164
08-07-2021,80.80999755859375,81.5,1900500,81.7699966430664,81.33000183105469,79.75275421142578
09-07-2021,80.2300033569336,81.5,2441300,81.62999725341797,80.43000030517578,78.8702163696289
12-07-2021,80.2699966430664,80.37999725341797,2324900,81.0999984741211,80.80999755859375,79.24283599853516
13-07-2021,80.72000122070312,80.72000122070312,1989400,81.38999938964844,81.08999633789062,79.51740264892578
14-07-2021,80.47000122070312,81.06999969482422,1751200,81.2300033569336,81.0,79.42915344238281
15-07-2021,80.66000366210938,80.83000183105469,1637900,81.38999938964844,81.05999755859375,79.48799133300781
16-07-2021,81.13999938964844,81.31999969482422,1585900,81.81999969482422,81.41999816894531,79.84100341796875
19-07-2021,79.76000213623047,81.0999984741211,3108600,81.41000366210938,80.2699966430664,78.71331024169922
20-07-2021,80.26000213623047,80.58999633789062,2108100,81.66000366210938,80.54000091552734,78.97808074951172
21-07-2021,79.54000091552734,80.79000091552734,1769900,80.79000091552734,80.2699966430664,78.71331024169922
22-07-2021,80.05999755859375,80.31999969482422,874600,80.72000122070312,80.51000213623047,78.94866180419922
23-07-2021,80.4800033569336,80.86000061035156,1826700,81.31999969482422,81.13999938964844,79.56643676757812
26-07-2021,80.20999908447266,80.66000366210938,1890500,81.0999984741211,80.7699966430664,79.20361328125
27-07-2021,80.63999938964844,80.87000274658203,2300600,83.1500015258789,82.11000061035156,80.51763153076172
28-07-2021,81.31999969482422,82.19000244140625,4563800,85.68000030517578,81.91000366210938,80.32151794433594
29-07-2021,77.30999755859375,79.25,7327400,80.48999786376953,77.37999725341797,75.87935638427734
30-07-2021,76.38999938964844,77.04000091552734,7506600,78.0,77.3499984741211,75.84994506835938
02-08-2021,76.81999969482422,77.5999984741211,3352200,77.9800033569336,77.20999908447266,75.71265411376953
03-08-2021,76.0,76.83999633789062,4447100,77.01000213623047,76.27999877929688,74.80069732666016
04-08-2021,74.97000122070312,76.23999786376953,5005500,76.37000274658203,75.1500015258789,73.6926040649414
05-08-2021,73.61000061035156,74.97000122070312,6988400,74.97000122070312,74.45999908447266,73.01598358154297
06-08-2021,74.45999908447266,74.58000183105469,2991200,75.22000122070312,74.83000183105469,73.37881469726562
09-08-2021,73.94000244140625,74.80999755859375,2286200,74.91999816894531,74.0,72.56491088867188
10-08-2021,73.73999786376953,74.19999694824219,2377700,74.31999969482422,73.8499984741211,72.41781616210938
11-08-2021,73.81999969482422,74.0,1774100,74.37999725341797,73.9800033569336,72.54529571533203
12-08-2021,73.54000091552734,74.08999633789062,1445600,74.26000213623047,73.86000061035156,72.42762756347656
13-08-2021,73.55000305175781,73.80000305175781,2968600,74.76000213623047,74.55999755859375,73.11404418945312
16-08-2021,74.62999725341797,74.77999877929688,3631100,75.81999969482422,75.68000030517578,74.21232604980469
17-08-2021,75.48999786376953,75.79000091552734,2979900,76.18000030517578,75.93000030517578,74.45748138427734
18-08-2021,75.2300033569336,76.05999755859375,3169100,76.19999694824219,75.2699966430664,73.81028747558594
19-08-2021,74.81999969482422,75.22000122070312,3020700,75.62999725341797,75.0199966430664,73.56512451171875
20-08-2021,74.6500015258789,74.80999755859375,3286800,75.62999725341797,75.19000244140625,73.73182678222656
23-08-2021,74.5999984741211,75.44000244140625,2532200,75.44000244140625,74.80999755859375,73.35919189453125
24-08-2021,74.36000061035156,74.75,2119100,75.04000091552734,74.52999877929688,73.08462524414062
25-08-2021,73.5999984741211,74.30999755859375,2951300,74.37000274658203,73.80000305175781,72.36878967285156
26-08-2021,73.12000274658203,73.61000061035156,3090300,74.0,73.7699966430664,72.33936309814453
27-08-2021,73.80000305175781,74.0999984741211,2619900,74.38999938964844,73.97000122070312,72.53549194335938
30-08-2021,74.25,74.25,9337000,76.72000122070312,76.0,74.526123046875
31-08-2021,75.30000305175781,75.9800033569336,5213400,76.37000274658203,76.22000122070312,74.74185180664062
01-09-2021,75.83999633789062,76.55000305175781,4001300,77.88999938964844,77.5999984741211,76.0950927734375
02-09-2021,80.19999694824219,81.0,8205800,82.9800033569336,81.05999755859375,79.77584075927734
03-09-2021,80.77999877929688,81.05000305175781,5100100,83.1500015258789,82.70999908447266,81.39970397949219
07-09-2021,81.98999786376953,82.33000183105469,5812300,83.75,83.3499984741211,82.0295639038086
08-09-2021,82.69999694824219,83.16999816894531,3050700,83.91000366210938,82.76000213623047,81.44890594482422
09-09-2021,81.37999725341797,82.93000030517578,3519800,82.93000030517578,81.72000122070312,80.42538452148438
10-09-2021,80.70999908447266,81.94999694824219,2512400,81.98999786376953,80.91999816894531,79.6380615234375
13-09-2021,80.33000183105469,82.2300033569336,2906600,82.26000213623047,80.62999725341797,79.35265350341797
14-09-2021,80.58000183105469,80.77999877929688,2867700,81.79000091552734,81.7699966430664,80.47459411621094
15-09-2021,81.44999694824219,81.79000091552734,5895700,84.16999816894531,83.56999969482422,82.24607849121094
16-09-2021,82.23999786376953,83.55999755859375,2691700,83.87000274658203,83.22000122070312,81.90162658691406
17-09-2021,82.70999908447266,82.94000244140625,4507900,83.62999725341797,83.61000061035156,82.28544616699219
20-09-2021,81.91999816894531,82.8499984741211,2811900,83.16999816894531,82.29000091552734,80.98635864257812
21-09-2021,81.91000366210938,82.8499984741211,2002700,83.2300033569336,81.94999694824219,80.65174102783203
22-09-2021,81.01000213623047,82.2300033569336,2445500,82.38999938964844,81.05000305175781,79.76599884033203
23-09-2021,80.7300033569336,81.1500015258789,2738500,81.41000366210938,80.79000091552734,79.51011657714844
24-09-2021,80.52999877929688,80.61000061035156,2008800,81.06999969482422,80.8499984741211,79.56916809082031
27-09-2021,79.88999938964844,80.43000030517578,2264200,80.86000061035156,80.56999969482422,79.2936019897461
28-09-2021,80.05000305175781,80.47000122070312,2932900,80.98999786376953,80.7300033569336,79.45108032226562
29-09-2021,80.7699966430664,80.79000091552734,2548300,82.29000091552734,81.80999755859375,80.51394653320312
30-09-2021,80.41000366210938,82.01000213623047,3095300,82.52999877929688,80.43000030517578,79.15583038330078
01-10-2021,79.76000213623047,80.56999969482422,2885000,81.66000366210938,81.29000091552734,80.00220489501953
04-10-2021,79.80000305175781,81.0,3158300,81.58999633789062,80.41999816894531,79.14598083496094
05-10-2021,80.48999786376953,80.77999877929688,2756300,82.19000244140625,80.86000061035156,79.57901000976562
06-10-2021,79.66999816894531,80.48999786376953,2949500,80.93000030517578,80.86000061035156,79.57901000976562
07-10-2021,80.4800033569336,81.1500015258789,3316000,81.9000015258789,80.58000183105469,79.3034439086914
08-10-2021,79.9800033569336,80.70999908447266,2641200,81.11000061035156,80.19999694824219,78.9294662475586
11-10-2021,78.83999633789062,79.91999816894531,2010500,80.0999984741211,78.91999816894531,77.66974639892578
12-10-2021,78.27999877929688,78.83000183105469,1394400,79.02999877929688,78.70999908447266,77.46306610107422
13-10-2021,78.47000122070312,78.72000122070312,1491100,79.26000213623047,78.80000305175781,77.55165100097656
14-10-2021,79.0999984741211,79.0999984741211,1754000,79.91999816894531,79.88999938964844,78.62437438964844
15-10-2021,79.68000030517578,80.0,1783600,80.36000061035156,79.69999694824219,78.4373779296875
18-10-2021,77.94000244140625,79.5999984741211,1822900,79.5999984741211,78.18000030517578,76.94145965576172
19-10-2021,78.38999938964844,78.44000244140625,2527800,79.7300033569336,79.68000030517578,78.41770935058594
20-10-2021,79.77999877929688,79.86000061035156,2270000,81.7300033569336,81.25,79.96282958984375
21-10-2021,80.79000091552734,81.69999694824219,1349100,81.77999877929688,81.45999908447266,80.16950225830078
22-10-2021,81.47000122070312,81.5999984741211,1348400,82.23999786376953,82.19000244140625,80.887939453125
25-10-2021,81.23999786376953,82.37000274658203,2621100,82.5999984741211,81.36000061035156,80.07109069824219
26-10-2021,81.16999816894531,81.48999786376953,1557700,82.12000274658203,81.79000091552734,80.49427795410156
27-10-2021,81.7699966430664,82.2300033569336,2764000,82.38999938964844,81.94000244140625,80.64190673828125
28-10-2021,78.33000183105469,82.31999969482422,7344300,84.30000305175781,78.61000061035156,77.36466217041016
29-10-2021,77.55999755859375,78.11000061035156,7995500,79.41000366210938,78.95999908447266,77.70911407470703
01-11-2021,78.86000061035156,79.19999694824219,3375600,80.16000366210938,79.81999969482422,78.55548095703125
02-11-2021,79.33999633789062,80.16999816894531,2152200,80.81999969482422,80.29000091552734,79.0180435180664
03-11-2021,79.58000183105469,80.36000061035156,1648900,80.94000244140625,80.04000091552734,78.77200317382812
04-11-2021,77.8499984741211,80.08999633789062,2638900,80.2300033569336,78.30999755859375,77.06940460205078
05-11-2021,77.76000213623047,78.1500015258789,2606800,79.30000305175781,78.04000091552734,76.8036880493164
08-11-2021,77.81999969482422,78.31999969482422,1626400,79.08999633789062,78.73999786376953,77.49259185791016
09-11-2021,77.55999755859375,78.6500015258789,2476800,78.69999694824219,77.69999694824219,76.46907043457031
10-11-2021,77.79000091552734,77.79000091552734,2494400,79.56999969482422,79.0199966430664,77.76815795898438
11-11-2021,78.68000030517578,79.05999755859375,1776100,79.33999633789062,79.16000366210938,77.90594482421875
12-11-2021,79.01000213623047,79.56999969482422,1216200,79.70999908447266,79.45999908447266,78.20118713378906
15-11-2021,78.66000366210938,79.58000183105469,1609700,79.70999908447266,79.55000305175781,78.2897720336914
16-11-2021,79.19000244140625,79.31999969482422,1978100,79.94999694824219,79.30999755859375,78.05355834960938
17-11-2021,78.70999908447266,79.22000122070312,2249700,80.1500015258789,79.58000183105469,78.31929016113281
18-11-2021,79.08999633789062,80.0,2099000,80.02999877929688,79.11000061035156,77.85674285888672
19-11-2021,78.76000213623047,79.41999816894531,2381400,79.62999725341797,79.26000213623047,78.00436401367188
22-11-2021,78.79000091552734,79.4000015258789,1708000,79.93000030517578,79.25,77.99452209472656
23-11-2021,78.05999755859375,78.93000030517578,1707300,79.06999969482422,78.41000366210938,77.1678237915039
24-11-2021,77.4000015258789,78.43000030517578,1338800,78.73999786376953,77.62000274658203,76.39034271240234
26-11-2021,76.05000305175781,77.7300033569336,1281100,78.0,76.29000091552734,75.08141326904297
29-11-2021,75.98999786376953,76.31999969482422,2506600,76.97000122070312,76.02999877929688,74.82552337646484
30-11-2021,74.31999969482422,75.9000015258789,3440600,76.16000366210938,74.56999969482422,73.3886489868164
01-12-2021,74.5199966430664,74.8499984741211,2502400,76.61000061035156,75.08000183105469,73.89057922363281
02-12-2021,74.77999877929688,74.88999938964844,2726700,76.61000061035156,76.2300033569336,75.3031997680664
03-12-2021,76.45999908447266,76.6500015258789,2510300,78.13999938964844,78.05000305175781,77.10107421875
06-12-2021,78.22000122070312,78.38999938964844,3046400,80.5999984741211,79.23999786376953,78.2765884399414
07-12-2021,79.44000244140625,79.5199966430664,2793600,80.94000244140625,79.87999725341797,78.9088134765625
08-12-2021,79.81999969482422,80.05999755859375,1886700,80.94999694824219,80.61000061035156,79.62993621826172
09-12-2021,79.83000183105469,80.47000122070312,1935500,81.2699966430664,80.55999755859375,79.58053588867188
10-12-2021,80.41999816894531,80.91000366210938,2131300,81.25,80.86000061035156,79.87689971923828
13-12-2021,80.41999816894531,80.97000122070312,3103800,83.7699966430664,83.19999694824219,82.18844604492188
14-12-2021,82.30999755859375,83.2300033569336,2662700,83.76000213623047,82.51000213623047,81.5068359375
15-12-2021,81.54000091552734,82.7699966430664,2300500,83.18000030517578,82.69999694824219,81.69452667236328
16-12-2021,82.16000366210938,82.58999633789062,3076100,84.0999984741211,83.91000366210938,82.88981628417969
17-12-2021,83.23999786376953,84.3499984741211,4688100,85.08999633789062,83.62999725341797,82.61321258544922
20-12-2021,81.9000015258789,83.12999725341797,2631700,83.26000213623047,82.51000213623047,81.5068359375
21-12-2021,82.5999984741211,82.75,2731000,84.36000061035156,83.87000274658203,82.85030364990234
22-12-2021,83.52999877929688,84.12000274658203,2301000,85.38999938964844,85.31999969482422,84.28267669677734
23-12-2021,85.33000183105469,85.55000305175781,2033700,86.08000183105469,85.55000305175781,84.50988006591797
27-12-2021,85.48999786376953,85.80000305175781,1220700,86.66999816894531,86.5999984741211,85.54710388183594
28-12-2021,86.41000366210938,86.62999725341797,1227800,87.0999984741211,86.75,85.6952896118164
29-12-2021,86.61000061035156,86.87000274658203,1280300,87.43000030517578,87.19000244140625,86.12994384765625
30-12-2021,86.37000274658203,87.41000366210938,1346600,87.51000213623047,86.44999694824219,85.39893341064453
31-12-2021,85.81999969482422,86.26000213623047,1788100,86.72000122070312,85.83999633789062,84.79634094238281
03-01-2022,85.19000244140625,85.5199966430664,1899800,86.93000030517578,86.87000274658203,85.81383514404297
04-01-2022,86.55000305175781,86.9800033569336,3346300,88.01000213623047,88.0,86.93009185791016
05-01-2022,87.75,88.01000213623047,2966500,88.91000366210938,87.86000061035156,86.79179382324219
06-01-2022,86.75,87.95999908447266,1507300,88.18000030517578,86.77999877929688,85.72492218017578
07-01-2022,87.12999725341797,87.30999755859375,1750600,88.01000213623047,87.44999694824219,86.38677978515625
10-01-2022,85.94000244140625,87.37000274658203,2912800,87.69000244140625,86.30999755859375,85.26063537597656
11-01-2022,84.80999755859375,86.29000091552734,2403300,86.58000183105469,86.36000061035156,85.31002807617188
12-01-2022,85.58999633789062,86.0,2169400,86.83000183105469,86.44000244140625,85.38905334472656
13-01-2022,85.47000122070312,86.36000061035156,2568400,86.69999694824219,85.88999938964844,84.84574890136719
14-01-2022,84.31999969482422,85.63999938964844,2246700,86.06999969482422,85.73999786376953,84.69756317138672
18-01-2022,85.18000030517578,85.58999633789062,2258900,86.33000183105469,85.86000061035156,84.81610870361328
19-01-2022,85.19999694824219,85.98999786376953,1827000,86.37999725341797,85.5999984741211,84.55927276611328
20-01-2022,85.70999908447266,85.76000213623047,2504900,87.56999969482422,85.98999786376953,84.94452667236328
21-01-2022,85.51000213623047,86.6500015258789,2348400,86.81999969482422,86.27999877929688,85.23100280761719
24-01-2022,84.02999877929688,85.19000244140625,3510600,86.05000305175781,85.95999908447266,84.9148941040039
25-01-2022,83.91000366210938,84.91999816894531,2697900,85.93000030517578,85.06999969482422,84.03571319580078
26-01-2022,83.93000030517578,84.79000091552734,3888000,85.54000091552734,84.2699966430664,83.24544525146484
27-01-2022,84.05999755859375,84.61000061035156,2665400,86.19000244140625,84.62999725341797,83.60105895996094
28-01-2022,83.16999816894531,84.93000030517578,2588600,85.3499984741211,85.29000091552734,84.25304412841797
31-01-2022,84.41000366210938,85.29000091552734,2568500,85.55000305175781,85.44000244140625,84.4012222290039
01-02-2022,83.79000091552734,85.58999633789062,3340700,85.58999633789062,84.93000030517578,83.89741516113281
02-02-2022,83.97000122070312,84.55999755859375,3203500,85.66999816894531,85.55000305175781,84.50988006591797
03-02-2022,84.95999908447266,85.44000244140625,4585100,86.20999908447266,86.0999984741211,85.05319213867188
04-02-2022,85.0999984741211,85.66000366210938,3673200,87.25,86.70999908447266,85.65576934814453
07-02-2022,86.05999755859375,86.9800033569336,2676200,87.33000183105469,86.87000274658203,85.81383514404297
08-02-2022,86.76000213623047,86.87000274658203,4744300,88.44999694824219,88.41000366210938,87.3351058959961
09-02-2022,88.5999984741211,88.83999633789062,2887900,89.69999694824219,89.44999694824219,88.36245727539062
10-02-2022,87.56999969482422,88.9000015258789,3295100,89.23999786376953,87.75,86.6831283569336
11-02-2022,85.81999969482422,87.3499984741211,3490000,87.68000030517578,85.91000366210938,84.8655014038086
14-02-2022,84.33000183105469,85.58999633789062,2384900,85.80999755859375,85.44999694824219,84.41108703613281
15-02-2022,85.26000213623047,86.2300033569336,1702200,86.62000274658203,85.58999633789062,84.54939270019531
16-02-2022,83.80000305175781,85.2699966430664,2879700,85.38999938964844,85.12999725341797,84.09498596191406
17-02-2022,79.55999755859375,80.80000305175781,5189300,83.79000091552734,82.80000305175781,81.7933120727539
18-02-2022,81.18000030517578,82.38999938964844,5029000,83.13999938964844,82.3499984741211,81.34878540039062
22-02-2022,81.94000244140625,82.5,3888300,84.76000213623047,84.45999908447266,83.43313598632812
23-02-2022,84.19000244140625,84.51000213623047,3153200,86.08999633789062,85.73999786376953,84.69756317138672
24-02-2022,83.41000366210938,84.91999816894531,5266900,85.08999633789062,84.6500015258789,83.8947982788086
25-02-2022,84.47000122070312,84.76000213623047,3174200,86.95999908447266,86.26000213623047,85.49043273925781
28-02-2022,84.37999725341797,85.25,4376200,86.44000244140625,84.97000122070312,84.2119369506836
01-03-2022,83.4800033569336,84.81999969482422,2961700,85.80000305175781,84.13999938964844,83.38934326171875
02-03-2022,84.37000274658203,84.55000305175781,2454000,86.18000030517578,85.2300033569336,84.4696273803711
03-03-2022,84.91000366210938,85.47000122070312,1540500,85.93000030517578,85.19000244140625,84.42997741699219
04-03-2022,84.0999984741211,84.13999938964844,1979600,86.1500015258789,86.0199966430664,85.25257110595703
07-03-2022,83.81999969482422,85.62000274658203,3204700,85.62000274658203,84.9800033569336,84.22184753417969
08-03-2022,80.44000244140625,84.5199966430664,3159800,84.62999725341797,80.44999694824219,79.73226165771484
09-03-2022,79.26000213623047,81.33000183105469,3453500,81.76000213623047,79.73999786376953,79.02859497070312
10-03-2022,77.69000244140625,78.86000061035156,2751000,79.55999755859375,78.9800033569336,78.27538299560547
11-03-2022,76.66999816894531,79.41999816894531,3833000,79.41999816894531,76.8499984741211,76.16437530517578
14-03-2022,77.19999694824219,77.44999694824219,2452700,78.80999755859375,77.98999786376953,77.29420471191406
15-03-2022,77.94999694824219,78.58999633789062,1720700,78.94000244140625,78.66999816894531,77.9681396484375
16-03-2022,77.9800033569336,79.13999938964844,2288900,79.69999694824219,78.95999908447266,78.25555419921875
17-03-2022,77.97000122070312,78.69999694824219,2662700,79.5999984741211,79.44000244140625,78.73127746582031
18-03-2022,77.79000091552734,79.5199966430664,3895600,79.62999725341797,79.12000274658203,78.41413116455078
21-03-2022,78.8499984741211,79.01000213623047,3016700,79.91999816894531,79.05000305175781,78.34475708007812
22-03-2022,78.01000213623047,79.26000213623047,4193000,79.2699966430664,78.01000213623047,77.31403350830078
23-03-2022,76.91999816894531,78.02999877929688,4620600,78.11000061035156,77.06999969482422,76.3824234008789
24-03-2022,76.86000061035156,77.37999725341797,7617400,78.0,77.68000030517578,76.98697662353516
25-03-2022,76.76000213623047,77.5999984741211,2990100,78.33000183105469,77.20999908447266,76.52116394042969
28-03-2022,76.75,77.3499984741211,3536600,78.93000030517578,78.91999816894531,78.21591186523438
29-03-2022,78.91999816894531,79.6500015258789,6771000,80.72000122070312,79.51000213623047,78.80065155029297
30-03-2022,78.5999984741211,79.62000274658203,2861100,80.04000091552734,79.37999725341797,78.67180633544922
31-03-2022,77.19000244140625,79.05000305175781,4662200,79.68000030517578,77.54000091552734,76.84822845458984
01-04-2022,76.94000244140625,77.68000030517578,3183400,78.62000274658203,78.58000183105469,77.87895202636719
04-04-2022,75.41999816894531,76.1500015258789,5406800,77.0199966430664,75.47000122070312,74.79669189453125
05-04-2022,75.31999969482422,75.31999969482422,4263500,78.0,76.48999786376953,75.8075942993164
06-04-2022,75.77999877929688,76.04000091552734,3513200,77.08999633789062,77.0,76.31304931640625
07-04-2022,76.55000305175781,76.62999725341797,2976400,78.26000213623047,78.01000213623047,77.31403350830078
08-04-2022,77.8499984741211,77.8499984741211,4260900,80.30999755859375,80.0,79.2862777709961
11-04-2022,78.5999984741211,80.0,3590700,80.58000183105469,78.7699966430664,78.06724548339844
12-04-2022,77.94999694824219,78.19999694824219,3045100,79.56999969482422,78.06999969482422,77.37349700927734
13-04-2022,77.58999633789062,78.05000305175781,2459100,78.80000305175781,78.44000244140625,77.74020385742188
14-04-2022,75.97000122070312,78.68000030517578,3843100,78.76000213623047,76.44000244140625,75.75804138183594
18-04-2022,74.5999984741211,76.25,1824000,76.37000274658203,74.97000122070312,74.30115509033203
19-04-2022,75.08000183105469,75.22000122070312,2523800,76.62999725341797,76.51000213623047,75.82742309570312
20-04-2022,75.87999725341797,76.48999786376953,2492200,78.7300033569336,78.55999755859375,77.85912322998047
21-04-2022,77.79000091552734,78.66000366210938,2224300,78.66000366210938,77.9800033569336,77.2843017578125
22-04-2022,72.88999938964844,77.4000015258789,4266500,77.4000015258789,73.08000183105469,72.42801666259766
25-04-2022,72.12999725341797,72.80000305175781,3140100,73.22000122070312,72.91000366210938,72.25953674316406
26-04-2022,70.5,72.23999786376953,2280900,72.6500015258789,70.52999877929688,69.90076446533203
27-04-2022,70.30000305175781,70.72000122070312,4639300,72.12000274658203,71.06999969482422,70.43594360351562
28-04-2022,69.87999725341797,71.16000366210938,8441000,74.6500015258789,70.80000305175781,70.1683578491211
29-04-2022,69.72000122070312,70.23999786376953,4019200,72.11000061035156,71.05999755859375,70.42603302001953
02-05-2022,69.72000122070312,71.33000183105469,3854700,72.43000030517578,70.61000061035156,69.98004913330078
03-05-2022,71.01000213623047,71.12000274658203,4496600,72.88999938964844,72.05000305175781,71.4072036743164
04-05-2022,71.6500015258789,71.94999694824219,3550800,73.62999725341797,73.19999694824219,72.54694366455078
05-05-2022,72.0999984741211,72.73999786376953,3029700,73.38999938964844,72.98999786376953,72.33881378173828
06-05-2022,71.79000091552734,72.51000213623047,3174400,73.19000244140625,72.79000091552734,72.1406021118164
09-05-2022,71.87999725341797,72.16000366210938,4362400,74.51000213623047,73.62000274658203,72.96320343017578
10-05-2022,72.22000122070312,73.86000061035156,3417400,74.22000122070312,72.45999908447266,71.81354522705078
11-05-2022,71.91000366210938,72.37999725341797,2543400,74.23999786376953,72.0,71.35765075683594
12-05-2022,71.2699966430664,72.12000274658203,2270600,72.80999755859375,72.6500015258789,72.0018539428711
13-05-2022,72.58000183105469,72.80000305175781,2069400,73.5,73.02999877929688,72.37846374511719
16-05-2022,72.54000091552734,73.05999755859375,2864000,73.77999877929688,73.69000244140625,73.03257751464844
17-05-2022,73.41999816894531,74.16999816894531,1981000,74.36000061035156,74.33999633789062,73.67676544189453
18-05-2022,71.81999969482422,73.9000015258789,1994300,74.1500015258789,72.12000274658203,71.47657775878906
19-05-2022,71.16000366210938,71.55000305175781,2580700,72.70999908447266,72.5999984741211,71.9522933959961
20-05-2022,72.06999969482422,73.13999938964844,1695500,73.30000305175781,73.2300033569336,72.5766830444336
23-05-2022,73.01000213623047,74.19000244140625,2322900,74.48999786376953,73.37000274658203,72.7154312133789
24-05-2022,72.93000030517578,73.48999786376953,3259600,73.95999908447266,73.9000015258789,73.2406997680664
25-05-2022,73.54000091552734,73.83000183105469,4050000,77.08000183105469,75.19000244140625,74.5191879272461
26-05-2022,74.70999908447266,75.18000030517578,1824200,76.30000305175781,75.75,75.0741958618164
27-05-2022,75.5999984741211,76.16000366210938,2576200,76.66000366210938,76.16000366210938,75.48053741455078
31-05-2022,74.75,75.37999725341797,3853400,76.51000213623047,76.05000305175781,75.37152099609375
01-06-2022,74.04000091552734,76.2300033569336,1862400,76.4800033569336,74.47000122070312,73.80561828613281
02-06-2022,72.30000305175781,74.5,2189400,74.5,74.26000213623047,73.88521575927734
03-06-2022,72.47000122070312,74.0,1881800,74.43000030517578,72.54000091552734,72.17389678955078
06-06-2022,71.95999908447266,72.22000122070312,1917700,73.2699966430664,72.5,72.13409423828125
07-06-2022,71.83000183105469,72.30000305175781,1989000,72.62000274658203,72.58000183105469,72.21369171142578
08-06-2022,72.18000030517578,72.5,1526200,73.05000305175781,72.8499984741211,72.48233032226562
09-06-2022,71.5,72.30000305175781,2865200,72.8499984741211,72.02999877929688,71.66646575927734
10-06-2022,71.19000244140625,71.43000030517578,3268800,73.62999725341797,73.12000274658203,72.75096893310547
13-06-2022,71.26000213623047,71.83000183105469,3779600,72.6500015258789,71.56999969482422,71.20878601074219
14-06-2022,67.2300033569336,71.48999786376953,6008400,72.1500015258789,67.4800033569336,67.13943481445312
15-06-2022,66.91000366210938,67.83999633789062,3746200,68.73999786376953,67.83000183105469,67.48766326904297
16-06-2022,64.77999877929688,66.5,2918100,66.80000305175781,65.29000091552734,64.96048736572266
17-06-2022,63.27000045776367,65.43000030517578,7244100,66.37000274658203,63.83000183105469,63.50785446166992
21-06-2022,63.25,64.56999969482422,3698000,64.68000030517578,64.0199966430664,63.69689178466797
22-06-2022,63.2599983215332,63.560001373291016,2541700,65.58000183105469,64.75,64.42321014404297
23-06-2022,64.3499984741211,64.93000030517578,2413300,65.55999755859375,65.08000183105469,64.75154876708984
24-06-2022,63.75,63.75,4080300,67.02999877929688,66.77999877929688,66.44296264648438
27-06-2022,66.30999755859375,66.7699966430664,2300600,67.41999816894531,66.70999908447266,66.3733139038086
28-06-2022,65.18000030517578,67.0,2548900,67.0999984741211,65.25,64.92068481445312
29-06-2022,64.80000305175781,65.48999786376953,2589600,65.91999816894531,65.80999755859375,65.47785949707031
30-06-2022,64.08999633789062,65.30999755859375,3410800,65.51000213623047,64.2300033569336,63.90583801269531
01-07-2022,63.709999084472656,64.0999984741211,2517700,65.61000061035156,65.48999786376953,65.15946960449219
05-07-2022,63.540000915527344,65.01000213623047,1937600,65.43000030517578,65.38999938964844,65.05997467041016
06-07-2022,64.8499984741211,65.4800033569336,2242100,65.73999786376953,65.11000061035156,64.7813949584961
07-07-2022,64.56999969482422,65.11000061035156,2509200,65.41000366210938,65.20999908447266,64.88088989257812
08-07-2022,64.83000183105469,65.37000274658203,2268800,65.87000274658203,65.18000030517578,64.85103607177734
11-07-2022,64.22000122070312,64.63999938964844,2530700,65.0,64.51000213623047,64.1844253540039
12-07-2022,64.13999938964844,64.25,2648800,65.12999725341797,64.68000030517578,64.35356140136719
13-07-2022,63.43000030517578,64.08999633789062,2579500,64.44999694824219,63.779998779296875,63.45810317993164
14-07-2022,62.70000076293945,62.9900016784668,2288600,63.68000030517578,63.41999816894531,63.099918365478516
15-07-2022,64.02999877929688,64.41000366210938,1855100,65.18000030517578,64.91000366210938,64.58240509033203
18-07-2022,64.19000244140625,64.93000030517578,1903400,65.44999694824219,64.36000061035156,64.0351791381836
19-07-2022,64.87999725341797,65.13999938964844,2285200,65.58999633789062,65.31999969482422,64.9903335571289
20-07-2022,64.79000091552734,65.19999694824219,2526600,65.6500015258789,65.58999633789062,65.25896453857422
21-07-2022,65.47000122070312,65.93000030517578,2298000,66.58999633789062,66.02999877929688,65.69674682617188
22-07-2022,65.5999984741211,66.2699966430664,1480600,66.44000244140625,66.16000366210938,65.82609558105469
25-07-2022,65.86000061035156,66.27999877929688,2115900,66.47000122070312,66.26000213623047,65.92559051513672
26-07-2022,65.9000015258789,66.62999725341797,2437400,66.77999877929688,66.73999786376953,66.40316009521484
27-07-2022,65.79000091552734,66.9000015258789,3136400,67.06999969482422,66.80000305175781,66.4628677368164
28-07-2022,58.90999984741211,61.75,9053900,62.65999984741211,59.5,59.19970703125
29-07-2022,57.91999816894531,59.41999816894531,6232100,59.84000015258789,58.65999984741211,58.36394500732422
01-08-2022,58.029998779296875,58.34000015258789,5197900,59.16999816894531,58.66999816894531,58.37389373779297
02-08-2022,58.33000183105469,58.77000045776367,3866800,59.5,58.880001068115234,58.58283615112305
03-08-2022,57.77000045776367,58.95000076293945,4056300,59.09000015258789,58.18000030517578,57.88636779785156
04-08-2022,57.75,58.439998626708984,4493500,58.599998474121094,57.90999984741211,57.61772918701172
05-08-2022,57.4900016784668,57.77000045776367,2448300,58.61000061035156,58.59000015258789,58.2943000793457
08-08-2022,58.470001220703125,58.9900016784668,3053300,59.90999984741211,59.709999084472656,59.40864562988281
09-08-2022,58.72999954223633,59.54999923706055,2530900,59.81999969482422,58.95000076293945,58.65248107910156
10-08-2022,59.029998779296875,59.20000076293945,3130400,60.060001373291016,59.900001525878906,59.597686767578125
11-08-2022,59.689998626708984,60.06999969482422,2073600,61.060001373291016,59.970001220703125,59.667335510253906
12-08-2022,60.0099983215332,60.0099983215332,2114000,60.709999084472656,60.459999084472656,60.15486145019531
15-08-2022,60.130001068115234,60.33000183105469,2991900,62.2400016784668,62.02000045776367,61.70698928833008
16-08-2022,60.81999969482422,61.68000030517578,2889500,61.869998931884766,61.84000015258789,61.527896881103516
17-08-2022,60.91999816894531,61.54999923706055,2124400,61.7599983215332,61.380001068115234,61.07021713256836
18-08-2022,60.130001068115234,61.41999816894531,2508400,61.560001373291016,61.04999923706055,60.74188232421875
19-08-2022,60.79999923706055,61.5099983215332,5992300,62.119998931884766,61.25,60.94087219238281
22-08-2022,59.529998779296875,61.040000915527344,3753600,61.150001525878906,59.66999816894531,59.36884689331055
23-08-2022,58.65999984741211,59.310001373291016,2433300,59.54999923706055,58.65999984741211,58.36394500732422
24-08-2022,58.34000015258789,58.54999923706055,2938400,59.099998474121094,58.709999084472656,58.413692474365234
25-08-2022,58.439998626708984,59.029998779296875,2171500,59.95000076293945,59.91999816894531,59.617584228515625
26-08-2022,57.119998931884766,60.0,2544700,60.11000061035156,57.16999816894531,56.88146209716797
29-08-2022,56.400001525878906,56.79999923706055,1859100,57.31999969482422,56.9900016784668,56.70237350463867
30-08-2022,56.400001525878906,57.189998626708984,2745700,57.27000045776367,56.47999954223633,56.1949462890625
31-08-2022,56.93000030517578,57.27000045776367,4137300,58.88999938964844,57.459999084472656,57.17000198364258
01-09-2022,56.13999938964844,56.939998626708984,4454900,57.20000076293945,56.7599983215332,56.7599983215332
02-09-2022,55.880001068115234,57.029998779296875,2656500,57.349998474121094,56.209999084472656,56.209999084472656
06-09-2022,54.45000076293945,56.4900016784668,3081200,56.529998779296875,54.65999984741211,54.65999984741211
07-09-2022,54.5099983215332,54.7599983215332,6328700,58.88999938964844,58.72999954223633,58.72999954223633
08-09-2022,58.0,58.130001068115234,4250300,59.099998474121094,58.70000076293945,58.70000076293945
09-09-2022,58.68000030517578,58.93000030517578,2383600,59.810001373291016,59.529998779296875,59.529998779296875
12-09-2022,59.63999938964844,59.779998779296875,2252300,60.38999938964844,59.779998779296875,59.779998779296875
13-09-2022,57.97999954223633,58.7400016784668,2121700,59.16999816894531,58.130001068115234,58.130001068115234
14-09-2022,58.150001525878906,58.29999923706055,3048500,59.47999954223633,59.11000061035156,59.11000061035156
15-09-2022,58.58000183105469,59.119998931884766,2788700,60.33000183105469,58.970001220703125,58.970001220703125
16-09-2022,58.099998474121094,58.72999954223633,4270700,58.83000183105469,58.18000030517578,58.18000030517578
19-09-2022,56.61000061035156,57.88999938964844,2660300,58.58000183105469,58.43000030517578,58.43000030517578
20-09-2022,56.189998626708984,58.029998779296875,1900500,58.029998779296875,56.58000183105469,56.58000183105469
21-09-2022,55.45000076293945,56.540000915527344,1903300,57.09000015258789,55.470001220703125,55.470001220703125
22-09-2022,55.0,55.220001220703125,2752000,55.9900016784668,55.369998931884766,55.369998931884766
23-09-2022,54.560001373291016,55.189998626708984,2610800,55.58000183105469,55.40999984741211,55.40999984741211
26-09-2022,53.81999969482422,55.15999984741211,2646700,55.4900016784668,54.90999984741211,54.90999984741211
27-09-2022,53.779998779296875,55.34000015258789,2546600,55.5099983215332,54.29999923706055,54.29999923706055
28-09-2022,54.54999923706055,54.869998931884766,3031500,55.91999816894531,55.560001373291016,55.560001373291016
29-09-2022,54.68000030517578,55.41999816894531,3165000,55.97999954223633,55.29999923706055,55.29999923706055
30-09-2022,53.849998474121094,55.5,3972800,55.709999084472656,53.86000061035156,53.86000061035156
03-10-2022,53.810001373291016,54.25,3253800,55.93000030517578,55.619998931884766,55.619998931884766
04-10-2022,56.06999969482422,56.16999816894531,3320900,57.61000061035156,57.45000076293945,57.45000076293945
05-10-2022,56.720001220703125,56.939998626708984,2320300,58.22999954223633,57.709999084472656,57.709999084472656
06-10-2022,55.959999084472656,57.529998779296875,3195900,57.70000076293945,56.25,56.25
07-10-2022,55.2599983215332,55.88999938964844,2686600,56.13999938964844,55.619998931884766,55.619998931884766
10-10-2022,54.52000045776367,55.880001068115234,1937900,56.0,54.97999954223633,54.97999954223633
11-10-2022,54.4900016784668,54.90999984741211,3161800,56.15999984741211,55.810001373291016,55.810001373291016
12-10-2022,54.86000061035156,55.63999938964844,2391400,55.63999938964844,55.0,55.0
13-10-2022,53.849998474121094,54.29999923706055,4562100,56.40999984741211,56.08000183105469,56.08000183105469
14-10-2022,54.400001525878906,56.41999816894531,3896000,56.75,54.5,54.5
17-10-2022,54.869998931884766,55.2599983215332,4559149,55.869998931884766,55.25,55.25
